txnId,accountId,branch,amount,type,timestamp
TXN0000097,ACC100714,Pune-Kothrud,1628.56,withdrawal,2026-06-01 00:18:30
TXN0000055,ACC100620,Pune-Kothrud,21652.76,deposit,2026-06-01 03:27:00
TXN0000033,ACC100569,Bangalore-Koramangala,3343.74,withdrawal,2026-06-01 04:47:34
TXN0000010,ACC100655,Bangalore-Koramangala,11547.87,deposit,2026-06-01 04:52:02
TXN0000069,ACC100283,Bangalore-Whitefield,4191.5,withdrawal,2026-06-01 05:18:15
TXN0000063,ACC100150,Hyderabad-Banjara,12761.09,deposit,2026-06-01 05:26:56
TXN0000061,ACC100523,Delhi-CP,2628.4,transfer,2026-06-01 06:32:42
TXN0000041,ACC100683,Bangalore-Whitefield,14090.06,deposit,2026-06-01 07:07:56
TXN0000058,ACC100519,Mumbai-Andheri,4505.26,withdrawal,2026-06-01 07:26:42
TXN0000021,ACC100749,Delhi-CP,11510.93,deposit,2026-06-01 07:30:35
TXN0000057,ACC100071,Pune-Kothrud,9984.47,transfer,2026-06-01 07:57:19
TXN0000079,ACC100070,Bangalore-Whitefield,14249.21,withdrawal,2026-06-01 08:01:39
TXN0000045,ACC100437,Delhi-Saket,39185.69,deposit,2026-06-01 08:02:53
TXN0000009,ACC100699,Bangalore-Koramangala,10963.99,withdrawal,2026-06-01 08:24:17
TXN0000064,ACC100644,Delhi-Saket,6054.83,transfer,2026-06-01 08:44:00
TXN0000018,ACC100108,Chennai-TNagar,9173.66,deposit,2026-06-01 08:48:10
TXN0000048,ACC100416,Pune-Kothrud,23285.81,transfer,2026-06-01 08:51:51
TXN0000024,ACC100253,Hyderabad-Gachibowli,3528.71,deposit,2026-06-01 09:04:45
TXN0000007,ACC100071,Hyderabad-Banjara,1288.9,deposit,2026-06-01 09:06:24
TXN0000035,ACC100520,Hyderabad-Banjara,10160.67,deposit,2026-06-01 09:07:56
TXN0000071,ACC100219,Hyderabad-Banjara,6295.04,withdrawal,2026-06-01 09:26:24
TXN0000090,ACC100718,Chennai-TNagar,2946.74,withdrawal,2026-06-01 09:26:31
TXN0000094,ACC100323,Hyderabad-Banjara,2858.73,withdrawal,2026-06-01 09:30:17
TXN0000100,ACC100254,Hyderabad-Banjara,11882.04,transfer,2026-06-01 09:33:24
TXN0000012,ACC100511,Mumbai-Bandra,4046.71,transfer,2026-06-01 09:35:34
TXN0000052,ACC100675,Hyderabad-Gachibowli,48841.12,deposit,2026-06-01 09:41:32
TXN0000093,ACC100763,Delhi-Saket,4668.68,withdrawal,2026-06-01 09:46:12
TXN0000086,ACC100470,Bangalore-Koramangala,14485.56,withdrawal,2026-06-01 09:51:58
TXN0000077,ACC100388,Mumbai-Andheri,13206.64,withdrawal,2026-06-01 09:53:26
TXN0000029,ACC100196,Hyderabad-Gachibowli,4250.32,withdrawal,2026-06-01 09:59:04
TXN0000004,ACC100163,Bangalore-Koramangala,14362.47,deposit,2026-06-01 10:05:24
TXN0000006,ACC100387,Hyderabad-Banjara,13293.23,deposit,2026-06-01 10:12:45
TXN0000087,ACC100551,Bangalore-Whitefield,8927.87,withdrawal,2026-06-01 10:15:53
TXN0000016,ACC100738,Hyderabad-Banjara,11552.12,transfer,2026-06-01 10:18:27
TXN0000083,ACC100077,Delhi-Saket,10488.18,transfer,2026-06-01 10:43:38
TXN0000042,ACC100109,Bangalore-Whitefield,3238.38,deposit,2026-06-01 10:43:40
TXN0000032,ACC100388,Hyderabad-Banjara,42479.53,withdrawal,2026-06-01 10:44:46
TXN0000062,ACC100648,Bangalore-Koramangala,23220.4,deposit,2026-06-01 10:51:12
TXN0000089,ACC100506,Chennai-TNagar,11987.7,deposit,2026-06-01 10:56:38
TXN0000072,ACC100788,Delhi-Saket,41795.81,withdrawal,2026-06-01 11:00:22
TXN0000031,ACC100771,Chennai-TNagar,3284.83,deposit,2026-06-01 11:03:10
TXN0000070,ACC100278,Mumbai-Andheri,2347.38,transfer,2026-06-01 11:09:45
TXN0000074,ACC100617,Chennai-TNagar,7336.07,withdrawal,2026-06-01 11:42:43
TXN0000082,ACC100592,Hyderabad-Banjara,14376.78,deposit,2026-06-01 11:45:12
TXN0000076,ACC100606,Delhi-Saket,2121.92,deposit,2026-06-01 12:03:16
TXN0000005,ACC100099,Mumbai-Bandra,747.41,deposit,2026-06-01 12:07:59
TXN0000080,ACC100156,Hyderabad-Gachibowli,14221.58,withdrawal,2026-06-01 12:16:49
TXN0000060,ACC100293,Hyderabad-Gachibowli,4901.51,transfer,2026-06-01 12:43:13
TXN0000027,ACC100416,Hyderabad-Gachibowli,6411.32,deposit,2026-06-01 12:46:03
TXN0000026,ACC100497,Hyderabad-Gachibowli,34986.51,deposit,2026-06-01 12:50:30
TXN0000098,ACC100490,Delhi-CP,14121.85,deposit,2026-06-01 12:52:04
TXN0000019,ACC100552,Pune-Kothrud,35963.06,transfer,2026-06-01 13:07:59
TXN0000017,ACC100161,Delhi-CP,24218.62,transfer,2026-06-01 13:11:32
TXN0000025,ACC100646,Hyderabad-Banjara,5023.38,deposit,2026-06-01 13:17:42
TXN0000022,ACC100169,Mumbai-Andheri,3255.79,transfer,2026-06-01 13:46:44
TXN0000075,ACC100414,Bangalore-Koramangala,49325.27,transfer,2026-06-01 13:58:25
TXN0000030,ACC100453,Bangalore-Whitefield,9816.96,transfer,2026-06-01 14:00:05
TXN0000059,ACC100388,Bangalore-Koramangala,4584.15,transfer,2026-06-01 14:00:19
TXN0000015,ACC100065,Mumbai-Bandra,3846.07,withdrawal,2026-06-01 14:00:43
TXN0000038,ACC100323,Pune-Kothrud,9355.27,transfer,2026-06-01 14:06:04
TXN0000092,ACC100226,Mumbai-Bandra,5598.4,deposit,2026-06-01 14:22:27
TXN0000036,ACC100583,Mumbai-Andheri,6346.45,withdrawal,2026-06-01 14:33:20
TXN0000002,ACC100089,Delhi-Saket,3566.65,deposit,2026-06-01 14:35:12
TXN0000084,ACC100123,Bangalore-Whitefield,8037.9,withdrawal,2026-06-01 15:04:32
TXN0000037,ACC100267,Hyderabad-Gachibowli,5997.21,transfer,2026-06-01 15:19:29
TXN0000088,ACC100088,Mumbai-Andheri,8590.76,withdrawal,2026-06-01 15:21:01
TXN0000056,ACC100532,Pune-Kothrud,11155.06,withdrawal,2026-06-01 15:23:27
TXN0000008,ACC100284,Delhi-CP,5393.53,transfer,2026-06-01 15:44:59
TXN0000043,ACC100270,Delhi-CP,16777.96,deposit,2026-06-01 15:53:17
TXN0000001,ACC100114,Hyderabad-Banjara,11073.42,deposit,2026-06-01 15:57:34
TXN0000011,ACC100323,Mumbai-Bandra,34851.3,deposit,2026-06-01 16:13:41
TXN0000054,ACC100594,Pune-Kothrud,6575.0,deposit,2026-06-01 16:20:27
TXN0000067,ACC100572,Delhi-Saket,36442.83,transfer,2026-06-01 16:32:27
TXN0000073,ACC100305,Bangalore-Whitefield,29665.74,transfer,2026-06-01 16:34:51
TXN0000044,ACC100045,Hyderabad-Banjara,4003.13,transfer,2026-06-01 16:35:45
TXN0000068,ACC100561,Delhi-CP,30752.44,deposit,2026-06-01 16:53:40
TXN0000003,ACC100733,Bangalore-Koramangala,8880.06,withdrawal,2026-06-01 17:00:48
TXN0000091,ACC100568,Bangalore-Whitefield,7413.24,withdrawal,2026-06-01 17:05:18
TXN0000028,ACC100689,Bangalore-Koramangala,10950.38,withdrawal,2026-06-01 17:06:15
TXN0000095,ACC100741,Delhi-Saket,14709.61,transfer,2026-06-01 17:18:14
TXN0000099,ACC100410,Delhi-CP,2360.73,withdrawal,2026-06-01 17:19:05
TXN0000081,ACC100377,Hyderabad-Gachibowli,1806.54,withdrawal,2026-06-01 17:19:06
TXN0000014,ACC100505,Hyderabad-Banjara,9448.95,deposit,2026-06-01 17:27:38
TXN0000040,ACC100161,Delhi-CP,14759.41,withdrawal,2026-06-01 17:33:00
TXN0000066,ACC100475,Hyderabad-Banjara,6901.28,deposit,2026-06-01 17:42:33
TXN0000065,ACC100768,Chennai-TNagar,3360.73,transfer,2026-06-01 17:44:33
TXN0000047,ACC100040,Chennai-TNagar,1631.62,deposit,2026-06-01 17:56:55
TXN0000020,ACC100371,Chennai-TNagar,963.08,transfer,2026-06-01 18:05:05
TXN0000034,ACC100062,Bangalore-Whitefield,7592.47,deposit,2026-06-01 18:10:03
TXN0000051,ACC100227,Hyderabad-Gachibowli,12325.99,transfer,2026-06-01 18:14:01
TXN0000053,ACC100409,Bangalore-Koramangala,511.25,transfer,2026-06-01 18:16:11
TXN0000039,ACC100550,Hyderabad-Gachibowli,45830.25,deposit,2026-06-01 18:23:18
TXN0000050,ACC100752,Bangalore-Whitefield,1710.62,deposit,2026-06-01 18:54:30
TXN0000023,ACC100205,Bangalore-Koramangala,5663.97,withdrawal,2026-06-01 19:28:07
TXN0000046,ACC100378,Delhi-Saket,4693.05,deposit,2026-06-01 19:50:55
TXN0000049,ACC100181,Chennai-TNagar,5049.56,deposit,2026-06-01 19:51:42
TXN0000078,ACC100258,Chennai-TNagar,876.08,withdrawal,2026-06-01 20:14:41
TXN0000085,ACC100663,Mumbai-Bandra,1672.53,transfer,2026-06-01 21:40:57
TXN0000096,ACC100369,Hyderabad-Gachibowli,4187.24,deposit,2026-06-01 22:35:18
TXN0000013,ACC100269,Bangalore-Whitefield,5493.75,withdrawal,2026-06-01 23:08:32
TXN0000113,ACC100331,Hyderabad-Banjara,43872.45,transfer,2026-06-02 00:55:34
TXN0000178,ACC100439,Delhi-Saket,1816.08,transfer,2026-06-02 01:20:10
TXN0000154,ACC100553,Mumbai-Andheri,484.12,deposit,2026-06-02 01:50:50
TXN0000109,ACC100601,Pune-Kothrud,4115.71,transfer,2026-06-02 02:48:11
TXN0000138,ACC100675,Bangalore-Koramangala,9449.13,deposit,2026-06-02 02:50:28
TXN0000151,ACC100465,Hyderabad-Banjara,14569.29,deposit,2026-06-02 03:21:15
TXN0000188,ACC100585,Bangalore-Koramangala,2347.83,deposit,2026-06-02 04:06:51
TXN0000101,ACC100453,Mumbai-Andheri,8572.58,withdrawal,2026-06-02 04:47:06
TXN0000107,ACC100311,Bangalore-Koramangala,7457.55,transfer,2026-06-02 05:02:56
TXN0000177,ACC100073,Mumbai-Bandra,6950.34,transfer,2026-06-02 05:20:36
TXN0000125,ACC100467,Hyderabad-Banjara,48948.49,deposit,2026-06-02 05:50:16
TXN0000179,ACC100632,Delhi-CP,6607.01,withdrawal,2026-06-02 07:27:37
TXN0000175,ACC100308,Pune-Kothrud,4412.76,transfer,2026-06-02 07:31:47
TXN0000128,ACC100700,Pune-Kothrud,6566.17,transfer,2026-06-02 07:40:45
TXN0000149,ACC100706,Mumbai-Bandra,44940.76,withdrawal,2026-06-02 07:43:23
TXN0000173,ACC100452,Mumbai-Bandra,5243.08,deposit,2026-06-02 07:43:43
TXN0000102,ACC100781,Hyderabad-Gachibowli,2440.15,deposit,2026-06-02 08:04:10
TXN0000130,ACC100383,Delhi-CP,10258.83,deposit,2026-06-02 08:11:05
TXN0000118,ACC100279,Mumbai-Bandra,6906.12,withdrawal,2026-06-02 08:12:58
TXN0000111,ACC100093,Delhi-CP,1658.54,withdrawal,2026-06-02 08:26:44
TXN0000131,ACC100624,Chennai-TNagar,13701.15,withdrawal,2026-06-02 08:29:40
TXN0000169,ACC100719,Bangalore-Whitefield,2802.94,transfer,2026-06-02 08:42:25
TXN0000144,ACC100268,Delhi-Saket,18792.11,transfer,2026-06-02 09:01:39
TXN0000140,ACC100135,Bangalore-Whitefield,7576.74,transfer,2026-06-02 09:10:16
TXN0000168,ACC100691,Bangalore-Koramangala,44031.13,deposit,2026-06-02 09:11:17
TXN0000170,ACC100071,Hyderabad-Gachibowli,11217.07,withdrawal,2026-06-02 09:26:29
TXN0000165,ACC100768,Mumbai-Bandra,4385.68,transfer,2026-06-02 10:06:36
TXN0000180,ACC100410,Delhi-CP,5158.75,withdrawal,2026-06-02 10:10:04
TXN0000103,ACC100002,Mumbai-Bandra,586.33,withdrawal,2026-06-02 10:18:44
TXN0000184,ACC100578,Bangalore-Koramangala,14567.5,transfer,2026-06-02 10:28:04
TXN0000132,ACC100260,Delhi-CP,31283.86,withdrawal,2026-06-02 10:34:10
TXN0000159,ACC100151,Hyderabad-Banjara,8270.51,deposit,2026-06-02 10:38:33
TXN0000181,ACC100522,Bangalore-Koramangala,11665.8,withdrawal,2026-06-02 10:52:41
TXN0000155,ACC100243,Delhi-Saket,1988.7,deposit,2026-06-02 11:07:47
TXN0000162,ACC100408,Mumbai-Bandra,10010.11,deposit,2026-06-02 11:09:43
TXN0000116,ACC100623,Bangalore-Whitefield,303.75,transfer,2026-06-02 11:14:53
TXN0000133,ACC100075,Delhi-CP,9620.19,deposit,2026-06-02 11:16:29
TXN0000122,ACC100193,Pune-Kothrud,12854.59,deposit,2026-06-02 11:20:47
TXN0000143,ACC100374,Hyderabad-Banjara,1941.47,withdrawal,2026-06-02 11:47:43
TXN0000161,ACC100787,Delhi-Saket,13332.56,transfer,2026-06-02 11:52:29
TXN0000164,ACC100569,Hyderabad-Banjara,10083.2,transfer,2026-06-02 11:55:42
TXN0000121,ACC100152,Delhi-CP,11466.8,withdrawal,2026-06-02 11:59:20
TXN0000115,ACC100208,Mumbai-Andheri,13224.61,deposit,2026-06-02 12:01:40
TXN0000141,ACC100493,Pune-Kothrud,43148.14,deposit,2026-06-02 12:04:09
TXN0000112,ACC100507,Mumbai-Andheri,8296.44,transfer,2026-06-02 12:20:16
TXN0000106,ACC100169,Bangalore-Whitefield,13825.77,withdrawal,2026-06-02 12:29:44
TXN0000145,ACC100574,Mumbai-Andheri,9567.52,withdrawal,2026-06-02 12:44:19
TXN0000110,ACC100481,Delhi-CP,14954.49,withdrawal,2026-06-02 12:52:31
TXN0000146,ACC100664,Mumbai-Bandra,25652.76,deposit,2026-06-02 13:06:15
TXN0000185,ACC100480,Delhi-CP,936.96,deposit,2026-06-02 13:19:29
TXN0000156,ACC100065,Delhi-CP,1724.9,transfer,2026-06-02 13:39:02
TXN0000174,ACC100607,Delhi-CP,5989.42,withdrawal,2026-06-02 14:00:13
TXN0000134,ACC100309,Hyderabad-Gachibowli,3634.36,withdrawal,2026-06-02 14:36:18
TXN0000120,ACC100519,Mumbai-Andheri,12578.39,deposit,2026-06-02 14:42:31
TXN0000135,ACC100716,Mumbai-Andheri,4189.76,transfer,2026-06-02 14:43:49
TXN0000183,ACC100181,Pune-Kothrud,8499.66,withdrawal,2026-06-02 14:43:59
TXN0000104,ACC100464,Hyderabad-Banjara,11889.59,deposit,2026-06-02 14:51:59
TXN0000152,ACC100128,Bangalore-Whitefield,8357.7,deposit,2026-06-02 14:52:55
TXN0000171,ACC100349,Hyderabad-Gachibowli,14126.97,deposit,2026-06-02 14:56:03
TXN0000127,ACC100324,Bangalore-Koramangala,8161.14,transfer,2026-06-02 15:15:40
TXN0000148,ACC100760,Bangalore-Koramangala,12522.03,transfer,2026-06-02 15:17:02
TXN0000172,ACC100159,Hyderabad-Gachibowli,4154.33,withdrawal,2026-06-02 15:31:38
TXN0000126,ACC100346,Bangalore-Koramangala,4995.63,withdrawal,2026-06-02 15:34:24
TXN0000137,ACC100235,Delhi-Saket,9351.28,withdrawal,2026-06-02 15:46:49
TXN0000114,ACC100473,Mumbai-Bandra,11371.0,deposit,2026-06-02 15:48:03
TXN0000108,ACC100442,Bangalore-Whitefield,3510.97,withdrawal,2026-06-02 15:55:36
TXN0000139,ACC100034,Delhi-Saket,4497.15,transfer,2026-06-02 16:11:12
TXN0000117,ACC100116,Delhi-CP,7525.8,deposit,2026-06-02 16:32:45
TXN0000167,ACC100780,Mumbai-Andheri,8458.39,deposit,2026-06-02 16:39:39
TXN0000182,ACC100151,Hyderabad-Gachibowli,9075.74,deposit,2026-06-02 16:41:04
TXN0000163,ACC100485,Hyderabad-Banjara,1538.81,transfer,2026-06-02 16:51:08
TXN0000105,ACC100202,Mumbai-Bandra,13635.33,withdrawal,2026-06-02 17:04:03
TXN0000123,ACC100484,Bangalore-Koramangala,9988.96,transfer,2026-06-02 17:09:31
TXN0000129,ACC100102,Delhi-CP,16609.68,withdrawal,2026-06-02 17:18:22
TXN0000119,ACC100613,Delhi-CP,24668.66,transfer,2026-06-02 17:26:21
TXN0000176,ACC100440,Hyderabad-Gachibowli,7553.91,withdrawal,2026-06-02 17:51:22
TXN0000124,ACC100037,Hyderabad-Banjara,1595.43,transfer,2026-06-02 18:06:33
TXN0000153,ACC100238,Mumbai-Andheri,15099.24,deposit,2026-06-02 18:09:08
TXN0000166,ACC100519,Hyderabad-Gachibowli,1712.45,withdrawal,2026-06-02 18:23:07
TXN0000160,ACC100301,Delhi-CP,10556.51,withdrawal,2026-06-02 18:41:56
TXN0000158,ACC100411,Mumbai-Bandra,6709.08,deposit,2026-06-02 19:20:38
TXN0000187,ACC100608,Delhi-CP,11898.09,withdrawal,2026-06-02 19:28:58
TXN0000136,ACC100762,Pune-Kothrud,12509.3,transfer,2026-06-02 19:49:51
TXN0000147,ACC100550,Hyderabad-Gachibowli,11172.79,withdrawal,2026-06-02 20:26:37
TXN0000157,ACC100744,Bangalore-Whitefield,6924.83,transfer,2026-06-02 21:03:30
TXN0000142,ACC100772,Pune-Kothrud,14701.14,transfer,2026-06-02 21:51:35
TXN0000150,ACC100557,Chennai-TNagar,4210.63,withdrawal,2026-06-02 21:54:52
TXN0000186,ACC100462,Hyderabad-Banjara,9705.53,withdrawal,2026-06-02 22:05:39
TXN0000241,ACC100590,Mumbai-Andheri,9309.82,deposit,2026-06-03 02:56:40
TXN0000248,ACC100402,Delhi-CP,5358.14,transfer,2026-06-03 03:31:38
TXN0000223,ACC100361,Bangalore-Koramangala,11893.02,withdrawal,2026-06-03 04:42:40
TXN0000226,ACC100619,Hyderabad-Gachibowli,6714.7,withdrawal,2026-06-03 05:08:33
TXN0000221,ACC100440,Delhi-Saket,4886.05,transfer,2026-06-03 05:42:18
TXN0000203,ACC100567,Pune-Kothrud,1957.7,transfer,2026-06-03 06:10:17
TXN0000220,ACC100508,Bangalore-Koramangala,4074.14,withdrawal,2026-06-03 06:27:05
TXN0000240,ACC100619,Mumbai-Andheri,12970.34,transfer,2026-06-03 06:41:49
TXN0000259,ACC100389,Hyderabad-Gachibowli,14228.26,withdrawal,2026-06-03 07:01:28
TXN0000249,ACC100669,Bangalore-Koramangala,1701.71,deposit,2026-06-03 07:16:46
TXN0000245,ACC100108,Mumbai-Andheri,3793.99,withdrawal,2026-06-03 07:18:24
TXN0000238,ACC100290,Chennai-TNagar,8307.54,deposit,2026-06-03 07:19:39
TXN0000250,ACC100374,Bangalore-Whitefield,8597.2,withdrawal,2026-06-03 08:35:18
TXN0000224,ACC100415,Mumbai-Bandra,14296.56,transfer,2026-06-03 08:38:43
TXN0000239,ACC100546,Hyderabad-Banjara,8751.63,withdrawal,2026-06-03 08:39:46
TXN0000204,ACC100460,Chennai-TNagar,14201.56,deposit,2026-06-03 09:28:56
TXN0000228,ACC100396,Chennai-TNagar,10590.16,deposit,2026-06-03 09:39:18
TXN0000264,ACC100305,Hyderabad-Gachibowli,4406.16,transfer,2026-06-03 09:45:31
TXN0000247,ACC100194,Bangalore-Whitefield,7531.52,withdrawal,2026-06-03 10:01:05
TXN0000214,ACC100246,Bangalore-Whitefield,11054.29,withdrawal,2026-06-03 10:02:22
TXN0000216,ACC100186,Bangalore-Whitefield,6919.43,deposit,2026-06-03 10:02:50
TXN0000213,ACC100481,Hyderabad-Banjara,11235.02,withdrawal,2026-06-03 10:04:22
TXN0000243,ACC100074,Bangalore-Koramangala,7020.19,deposit,2026-06-03 10:09:20
TXN0000195,ACC100539,Hyderabad-Banjara,371.64,withdrawal,2026-06-03 10:13:21
TXN0000237,ACC100530,Hyderabad-Gachibowli,10669.05,deposit,2026-06-03 10:33:57
TXN0000265,ACC100324,Delhi-CP,40258.25,withdrawal,2026-06-03 10:36:43
TXN0000190,ACC100624,Hyderabad-Gachibowli,6190.66,withdrawal,2026-06-03 10:38:03
TXN0000191,ACC100646,Bangalore-Koramangala,10207.85,deposit,2026-06-03 10:46:54
TXN0000262,ACC100385,Mumbai-Andheri,26981.45,deposit,2026-06-03 10:49:55
TXN0000205,ACC100357,Pune-Kothrud,5672.03,withdrawal,2026-06-03 11:05:23
TXN0000256,ACC100306,Delhi-CP,1733.11,deposit,2026-06-03 11:19:50
TXN0000201,ACC100694,Pune-Kothrud,4298.4,transfer,2026-06-03 11:33:26
TXN0000225,ACC100448,Hyderabad-Banjara,5558.29,deposit,2026-06-03 11:36:02
TXN0000269,ACC100051,Bangalore-Koramangala,882.12,withdrawal,2026-06-03 11:45:30
TXN0000207,ACC100293,Chennai-TNagar,11406.73,withdrawal,2026-06-03 12:39:00
TXN0000222,ACC100313,Delhi-CP,6714.23,transfer,2026-06-03 12:46:55
TXN0000229,ACC100710,Chennai-TNagar,12807.11,withdrawal,2026-06-03 12:57:45
TXN0000255,ACC100631,Bangalore-Whitefield,12441.51,deposit,2026-06-03 13:45:36
TXN0000212,ACC100369,Hyderabad-Banjara,14826.14,withdrawal,2026-06-03 14:24:55
TXN0000210,ACC100113,Chennai-TNagar,9516.13,withdrawal,2026-06-03 14:45:09
TXN0000211,ACC100298,Mumbai-Bandra,6306.86,withdrawal,2026-06-03 15:05:33
TXN0000254,ACC100531,Delhi-CP,4986.69,withdrawal,2026-06-03 15:10:25
TXN0000242,ACC100558,Mumbai-Andheri,12089.85,transfer,2026-06-03 15:19:29
TXN0000208,ACC100081,Hyderabad-Banjara,14109.37,deposit,2026-06-03 15:27:07
TXN0000260,ACC100321,Mumbai-Bandra,7577.11,withdrawal,2026-06-03 15:30:55
TXN0000251,ACC100075,Mumbai-Bandra,12397.14,withdrawal,2026-06-03 15:39:07
TXN0000230,ACC100455,Pune-Kothrud,49530.11,transfer,2026-06-03 15:45:04
TXN0000199,ACC100448,Hyderabad-Banjara,14546.87,withdrawal,2026-06-03 15:48:47
TXN0000257,ACC100742,Chennai-TNagar,4056.4,withdrawal,2026-06-03 15:49:37
TXN0000202,ACC100165,Bangalore-Whitefield,3825.05,transfer,2026-06-03 15:55:23
TXN0000192,ACC100672,Pune-Kothrud,1314.38,withdrawal,2026-06-03 15:58:22
TXN0000267,ACC100294,Pune-Kothrud,37959.02,deposit,2026-06-03 16:13:12
TXN0000268,ACC100551,Mumbai-Andheri,1727.48,withdrawal,2026-06-03 16:15:15
TXN0000227,ACC100375,Mumbai-Bandra,1790.38,withdrawal,2026-06-03 16:31:33
TXN0000244,ACC100735,Mumbai-Andheri,6040.88,transfer,2026-06-03 16:32:35
TXN0000258,ACC100591,Hyderabad-Gachibowli,7911.06,deposit,2026-06-03 16:49:53
TXN0000253,ACC100203,Delhi-Saket,679.82,withdrawal,2026-06-03 16:51:30
TXN0000232,ACC100370,Delhi-CP,2169.27,deposit,2026-06-03 17:01:23
TXN0000234,ACC100407,Pune-Kothrud,11560.55,transfer,2026-06-03 17:04:08
TXN0000206,ACC100229,Hyderabad-Banjara,9784.41,transfer,2026-06-03 17:08:02
TXN0000198,ACC100611,Mumbai-Bandra,11589.36,deposit,2026-06-03 17:10:46
TXN0000266,ACC100556,Mumbai-Bandra,14323.67,transfer,2026-06-03 17:18:02
TXN0000209,ACC100794,Mumbai-Andheri,6355.4,deposit,2026-06-03 17:29:04
TXN0000217,ACC100204,Chennai-TNagar,6033.54,deposit,2026-06-03 17:30:16
TXN0000233,ACC100567,Delhi-Saket,108397.05,withdrawal,2026-06-03 18:04:19
TXN0000196,ACC100784,Delhi-CP,1249.76,deposit,2026-06-03 18:06:32
TXN0000218,ACC100037,Bangalore-Whitefield,11734.54,deposit,2026-06-03 18:21:17
TXN0000197,ACC100789,Delhi-Saket,9962.75,transfer,2026-06-03 18:39:08
TXN0000235,ACC100324,Bangalore-Koramangala,5233.27,withdrawal,2026-06-03 18:49:35
TXN0000236,ACC100655,Delhi-Saket,7592.67,transfer,2026-06-03 18:53:07
TXN0000200,ACC100459,Hyderabad-Gachibowli,42452.96,deposit,2026-06-03 19:12:23
TXN0000231,ACC100563,Delhi-Saket,39913.32,transfer,2026-06-03 19:40:11
TXN0000263,ACC100738,Bangalore-Koramangala,7314.28,transfer,2026-06-03 20:17:35
TXN0000193,ACC100317,Pune-Kothrud,8966.11,withdrawal,2026-06-03 20:19:35
TXN0000219,ACC100127,Bangalore-Whitefield,6652.08,withdrawal,2026-06-03 20:21:11
TXN0000194,ACC100385,Bangalore-Koramangala,10572.18,deposit,2026-06-03 20:43:58
TXN0000246,ACC100630,Mumbai-Bandra,43471.72,transfer,2026-06-03 20:46:20
TXN0000252,ACC100131,Pune-Kothrud,5152.37,withdrawal,2026-06-03 20:48:09
TXN0000215,ACC100559,Mumbai-Andheri,10301.77,withdrawal,2026-06-03 22:30:40
TXN0000261,ACC100753,Bangalore-Koramangala,8457.21,transfer,2026-06-03 23:30:33
TXN0000189,ACC100731,Hyderabad-Banjara,10643.56,withdrawal,2026-06-03 23:33:33
TXN0000316,ACC100632,Bangalore-Koramangala,38074.95,transfer,2026-06-04 01:34:35
TXN0000317,ACC100421,Hyderabad-Banjara,14664.44,withdrawal,2026-06-04 01:52:44
TXN0000272,ACC100091,Bangalore-Koramangala,12769.96,deposit,2026-06-04 02:58:11
TXN0000314,ACC100060,Delhi-CP,12288.14,transfer,2026-06-04 03:00:26
TXN0000296,ACC100034,Delhi-CP,23565.7,withdrawal,2026-06-04 03:28:14
TXN0000280,ACC100596,Bangalore-Koramangala,10422.25,deposit,2026-06-04 04:07:29
TXN0000320,ACC100578,Mumbai-Andheri,12438.12,withdrawal,2026-06-04 05:54:41
TXN0000282,ACC100654,Chennai-TNagar,3365.02,deposit,2026-06-04 07:09:29
TXN0000332,ACC100093,Hyderabad-Banjara,4119.52,deposit,2026-06-04 07:11:27
TXN0000278,ACC100415,Bangalore-Whitefield,10071.91,withdrawal,2026-06-04 08:08:30
TXN0000324,ACC100076,Bangalore-Koramangala,9905.83,deposit,2026-06-04 08:54:20
TXN0000277,ACC100014,Bangalore-Whitefield,11383.51,transfer,2026-06-04 08:54:40
TXN0000295,ACC100676,Mumbai-Bandra,15547.6,transfer,2026-06-04 09:06:38
TXN0000309,ACC100100,Bangalore-Whitefield,4871.48,transfer,2026-06-04 09:20:26
TXN0000307,ACC100490,Chennai-TNagar,6009.82,withdrawal,2026-06-04 09:20:49
TXN0000279,ACC100331,Pune-Kothrud,6756.36,deposit,2026-06-04 09:21:19
TXN0000311,ACC100427,Mumbai-Andheri,8589.86,deposit,2026-06-04 09:35:41
TXN0000298,ACC100749,Delhi-Saket,12293.9,withdrawal,2026-06-04 09:56:09
TXN0000335,ACC100248,Delhi-Saket,2168.72,deposit,2026-06-04 10:31:09
TXN0000297,ACC100552,Hyderabad-Gachibowli,7608.05,transfer,2026-06-04 10:52:58
TXN0000325,ACC100016,Pune-Kothrud,10719.4,withdrawal,2026-06-04 11:04:19
TXN0000331,ACC100084,Mumbai-Andheri,2398.73,withdrawal,2026-06-04 11:23:06
TXN0000293,ACC100003,Bangalore-Whitefield,10814.5,transfer,2026-06-04 11:24:52
TXN0000319,ACC100634,Delhi-CP,6013.76,transfer,2026-06-04 11:25:29
TXN0000273,ACC100427,Chennai-TNagar,49901.01,deposit,2026-06-04 11:31:11
TXN0000270,ACC100697,Bangalore-Whitefield,13943.59,deposit,2026-06-04 11:59:56
TXN0000305,ACC100074,Hyderabad-Gachibowli,8426.87,transfer,2026-06-04 12:55:58
TXN0000318,ACC100690,Delhi-CP,13778.93,transfer,2026-06-04 13:15:12
TXN0000315,ACC100140,Chennai-TNagar,236.21,deposit,2026-06-04 13:23:03
TXN0000308,ACC100289,Mumbai-Bandra,3997.27,withdrawal,2026-06-04 13:31:29
TXN0000284,ACC100223,Bangalore-Whitefield,11831.82,withdrawal,2026-06-04 13:33:45
TXN0000285,ACC100370,Hyderabad-Banjara,8259.97,withdrawal,2026-06-04 13:36:34
TXN0000292,ACC100136,Bangalore-Koramangala,8105.15,deposit,2026-06-04 13:46:14
TXN0000304,ACC100094,Delhi-Saket,5719.8,transfer,2026-06-04 14:02:55
TXN0000274,ACC100766,Pune-Kothrud,15324.35,transfer,2026-06-04 14:06:59
TXN0000323,ACC100540,Chennai-TNagar,39230.07,deposit,2026-06-04 14:17:02
TXN0000329,ACC100030,Bangalore-Koramangala,3499.26,transfer,2026-06-04 14:24:27
TXN0000326,ACC100166,Delhi-Saket,10187.82,withdrawal,2026-06-04 14:24:48
TXN0000302,ACC100230,Mumbai-Andheri,13729.64,transfer,2026-06-04 14:26:35
TXN0000287,ACC100522,Delhi-CP,6289.83,deposit,2026-06-04 14:35:29
TXN0000333,ACC100459,Delhi-Saket,1435.32,withdrawal,2026-06-04 14:38:38
TXN0000299,ACC100676,Delhi-CP,8395.1,withdrawal,2026-06-04 14:47:58
TXN0000328,ACC100447,Hyderabad-Gachibowli,9246.59,deposit,2026-06-04 14:49:20
TXN0000321,ACC100777,Hyderabad-Banjara,7192.48,withdrawal,2026-06-04 15:44:10
TXN0000276,ACC100479,Mumbai-Andheri,10993.68,transfer,2026-06-04 15:45:11
TXN0000271,ACC100487,Delhi-CP,26240.87,deposit,2026-06-04 15:58:49
TXN0000294,ACC100235,Mumbai-Andheri,14067.41,deposit,2026-06-04 16:07:02
TXN0000290,ACC100032,Mumbai-Andheri,9658.72,deposit,2026-06-04 16:26:23
TXN0000312,ACC100701,Mumbai-Andheri,10881.01,transfer,2026-06-04 16:29:10
TXN0000301,ACC100537,Mumbai-Andheri,5709.26,withdrawal,2026-06-04 16:30:15
TXN0000286,ACC100153,Hyderabad-Gachibowli,10236.4,transfer,2026-06-04 16:31:05
TXN0000334,ACC100332,Chennai-TNagar,11709.62,deposit,2026-06-04 16:35:57
TXN0000288,ACC100688,Bangalore-Whitefield,12265.15,transfer,2026-06-04 16:37:04
TXN0000281,ACC100314,Hyderabad-Gachibowli,46073.05,withdrawal,2026-06-04 16:44:07
TXN0000306,ACC100340,Mumbai-Andheri,2931.35,transfer,2026-06-04 16:47:48
TXN0000283,ACC100765,Pune-Kothrud,13700.67,withdrawal,2026-06-04 16:51:42
TXN0000330,ACC100190,Bangalore-Koramangala,9317.38,withdrawal,2026-06-04 17:45:04
TXN0000322,ACC100084,Delhi-CP,8531.26,withdrawal,2026-06-04 18:06:57
TXN0000313,ACC100750,Bangalore-Whitefield,7375.91,deposit,2026-06-04 19:34:41
TXN0000303,ACC100542,Hyderabad-Gachibowli,9735.92,deposit,2026-06-04 19:54:23
TXN0000289,ACC100046,Mumbai-Bandra,997.81,transfer,2026-06-04 19:59:30
TXN0000310,ACC100046,Delhi-Saket,3985.53,deposit,2026-06-04 20:37:46
TXN0000300,ACC100179,Bangalore-Koramangala,14587.12,withdrawal,2026-06-04 20:42:24
TXN0000275,ACC100343,Mumbai-Andheri,7459.3,transfer,2026-06-04 20:54:32
TXN0000291,ACC100391,Delhi-CP,1295.72,transfer,2026-06-04 21:55:34
TXN0000327,ACC100757,Hyderabad-Gachibowli,7561.81,transfer,2026-06-04 22:03:06
TXN0000398,ACC100623,Hyderabad-Banjara,2717.12,withdrawal,2026-06-05 00:08:44
TXN0000337,ACC100640,Delhi-CP,2118.79,withdrawal,2026-06-05 00:25:21
TXN0000351,ACC100494,Mumbai-Bandra,6841.46,deposit,2026-06-05 04:02:51
TXN0000363,ACC100418,Bangalore-Koramangala,7381.62,withdrawal,2026-06-05 06:01:50
TXN0000374,ACC100642,Mumbai-Bandra,13213.86,withdrawal,2026-06-05 06:32:47
TXN0000347,ACC100693,Bangalore-Koramangala,11963.84,transfer,2026-06-05 07:06:16
TXN0000382,ACC100312,Bangalore-Koramangala,1458.87,transfer,2026-06-05 07:13:30
TXN0000356,ACC100104,Bangalore-Whitefield,3036.41,withdrawal,2026-06-05 07:42:55
TXN0000385,ACC100376,Chennai-TNagar,11322.05,deposit,2026-06-05 07:43:09
TXN0000388,ACC100126,Delhi-Saket,26007.63,withdrawal,2026-06-05 08:17:41
TXN0000359,ACC100137,Mumbai-Andheri,5662.26,deposit,2026-06-05 08:24:26
TXN0000339,ACC100139,Mumbai-Andheri,7237.25,withdrawal,2026-06-05 08:25:20
TXN0000381,ACC100095,Bangalore-Koramangala,13566.62,deposit,2026-06-05 08:25:40
TXN0000343,ACC100418,Bangalore-Koramangala,3864.96,deposit,2026-06-05 08:27:50
TXN0000373,ACC100728,Mumbai-Andheri,5951.24,deposit,2026-06-05 08:40:17
TXN0000352,ACC100727,Hyderabad-Banjara,10189.38,transfer,2026-06-05 08:47:15
TXN0000371,ACC100273,Pune-Kothrud,43531.33,withdrawal,2026-06-05 08:48:50
TXN0000341,ACC100402,Mumbai-Bandra,14959.25,transfer,2026-06-05 08:49:35
TXN0000336,ACC100171,Delhi-CP,1246.13,withdrawal,2026-06-05 09:15:46
TXN0000353,ACC100528,Hyderabad-Gachibowli,14381.09,deposit,2026-06-05 09:25:40
TXN0000395,ACC100550,Bangalore-Koramangala,7718.44,deposit,2026-06-05 09:51:09
TXN0000340,ACC100298,Bangalore-Whitefield,42369.1,withdrawal,2026-06-05 10:17:52
TXN0000342,ACC100027,Pune-Kothrud,6632.98,withdrawal,2026-06-05 10:44:04
TXN0000367,ACC100669,Bangalore-Whitefield,252379.55,deposit,2026-06-05 10:52:05
TXN0000394,ACC100518,Mumbai-Andheri,6411.27,transfer,2026-06-05 11:40:34
TXN0000390,ACC100674,Chennai-TNagar,2910.83,deposit,2026-06-05 11:41:03
TXN0000379,ACC100641,Bangalore-Whitefield,12879.01,withdrawal,2026-06-05 12:00:27
TXN0000361,ACC100177,Delhi-Saket,4787.24,withdrawal,2026-06-05 12:03:55
TXN0000350,ACC100087,Hyderabad-Banjara,4747.17,transfer,2026-06-05 12:13:33
TXN0000349,ACC100790,Bangalore-Koramangala,14965.77,withdrawal,2026-06-05 12:18:26
TXN0000348,ACC100227,Delhi-CP,8671.01,withdrawal,2026-06-05 12:25:29
TXN0000397,ACC100447,Bangalore-Koramangala,1384.57,transfer,2026-06-05 12:29:39
TXN0000391,ACC100245,Delhi-CP,8949.55,deposit,2026-06-05 13:00:23
TXN0000344,ACC100386,Hyderabad-Banjara,6072.0,transfer,2026-06-05 13:58:55
TXN0000357,ACC100501,Delhi-CP,9208.5,withdrawal,2026-06-05 14:22:22
TXN0000362,ACC100367,Pune-Kothrud,5820.77,withdrawal,2026-06-05 14:41:31
TXN0000375,ACC100284,Bangalore-Koramangala,7371.86,transfer,2026-06-05 14:55:49
TXN0000358,ACC100468,Bangalore-Koramangala,4531.93,transfer,2026-06-05 15:05:43
TXN0000396,ACC100549,Mumbai-Andheri,9782.61,withdrawal,2026-06-05 15:19:44
TXN0000346,ACC100087,Hyderabad-Banjara,2578.44,deposit,2026-06-05 15:36:41
TXN0000392,ACC100324,Hyderabad-Gachibowli,5544.65,transfer,2026-06-05 15:48:30
TXN0000378,ACC100591,Hyderabad-Gachibowli,13422.9,transfer,2026-06-05 16:02:06
TXN0000399,ACC100011,Hyderabad-Gachibowli,11766.51,transfer,2026-06-05 16:10:23
TXN0000370,ACC100583,Mumbai-Bandra,4922.44,deposit,2026-06-05 16:18:36
TXN0000386,ACC100070,Delhi-Saket,6657.48,deposit,2026-06-05 16:40:47
TXN0000360,ACC100610,Hyderabad-Gachibowli,9568.97,withdrawal,2026-06-05 16:41:59
TXN0000368,ACC100449,Chennai-TNagar,3227.18,deposit,2026-06-05 16:44:22
TXN0000383,ACC100079,Hyderabad-Gachibowli,238.38,deposit,2026-06-05 16:52:07
TXN0000355,ACC100439,Mumbai-Bandra,11309.65,transfer,2026-06-05 17:04:36
TXN0000384,ACC100432,Bangalore-Koramangala,1431.03,withdrawal,2026-06-05 17:06:20
TXN0000377,ACC100407,Hyderabad-Gachibowli,4101.2,withdrawal,2026-06-05 17:21:35
TXN0000364,ACC100779,Hyderabad-Gachibowli,4401.19,deposit,2026-06-05 17:36:47
TXN0000345,ACC100708,Mumbai-Bandra,39557.2,deposit,2026-06-05 17:38:40
TXN0000338,ACC100635,Mumbai-Bandra,6516.18,transfer,2026-06-05 17:41:38
TXN0000369,ACC100727,Bangalore-Koramangala,11794.25,withdrawal,2026-06-05 17:51:03
TXN0000365,ACC100791,Bangalore-Whitefield,1801.68,withdrawal,2026-06-05 17:52:23
TXN0000372,ACC100421,Chennai-TNagar,19441.09,transfer,2026-06-05 18:15:09
TXN0000354,ACC100188,Hyderabad-Gachibowli,11087.09,withdrawal,2026-06-05 18:28:37
TXN0000376,ACC100750,Hyderabad-Banjara,10489.61,transfer,2026-06-05 18:50:34
TXN0000380,ACC100207,Pune-Kothrud,25565.29,transfer,2026-06-05 18:56:17
TXN0000387,ACC100155,Chennai-TNagar,3336.95,withdrawal,2026-06-05 19:08:48
TXN0000393,ACC100788,Hyderabad-Banjara,3314.57,withdrawal,2026-06-05 19:50:25
TXN0000389,ACC100086,Mumbai-Andheri,4345.32,withdrawal,2026-06-05 20:01:54
TXN0000366,ACC100555,Bangalore-Whitefield,8240.66,deposit,2026-06-05 23:06:47
TXN0000403,ACC100740,Hyderabad-Banjara,12894.47,transfer,2026-06-06 00:02:30
TXN0000400,ACC100767,Bangalore-Whitefield,42000.06,deposit,2026-06-06 02:51:27
TXN0000407,ACC100070,Chennai-TNagar,4729.4,transfer,2026-06-06 06:29:00
TXN0000413,ACC100422,Bangalore-Koramangala,88206.09,withdrawal,2026-06-06 07:08:40
TXN0000402,ACC100056,Delhi-CP,3901.23,withdrawal,2026-06-06 07:36:43
TXN0000421,ACC100143,Hyderabad-Banjara,3412.09,deposit,2026-06-06 08:25:23
TXN0000409,ACC100791,Bangalore-Whitefield,11960.01,transfer,2026-06-06 08:59:26
TXN0000417,ACC100123,Delhi-Saket,4693.79,transfer,2026-06-06 09:07:05
TXN0000414,ACC100403,Hyderabad-Banjara,14466.85,withdrawal,2026-06-06 09:16:54
TXN0000420,ACC100178,Hyderabad-Banjara,11246.37,withdrawal,2026-06-06 09:29:06
TXN0000418,ACC100161,Bangalore-Whitefield,9089.21,deposit,2026-06-06 09:54:20
TXN0000412,ACC100061,Pune-Kothrud,754.11,deposit,2026-06-06 09:54:33
TXN0000425,ACC100391,Bangalore-Koramangala,2888.55,deposit,2026-06-06 09:56:09
TXN0000429,ACC100579,Delhi-CP,4851.28,withdrawal,2026-06-06 09:57:51
TXN0000405,ACC100758,Bangalore-Koramangala,13746.24,deposit,2026-06-06 10:52:04
TXN0000415,ACC100322,Pune-Kothrud,4961.15,withdrawal,2026-06-06 12:14:04
TXN0000416,ACC100207,Hyderabad-Gachibowli,1674.3,transfer,2026-06-06 12:20:26
TXN0000408,ACC100377,Hyderabad-Gachibowli,9378.49,withdrawal,2026-06-06 12:37:31
TXN0000435,ACC100179,Delhi-CP,3360.25,deposit,2026-06-06 13:00:21
TXN0000437,ACC100022,Hyderabad-Gachibowli,1752.72,transfer,2026-06-06 13:23:04
TXN0000401,ACC100278,Delhi-CP,332389.77,deposit,2026-06-06 13:32:23
TXN0000427,ACC100089,Mumbai-Andheri,13281.32,deposit,2026-06-06 13:40:51
TXN0000430,ACC100797,Mumbai-Andheri,5425.75,transfer,2026-06-06 14:14:10
TXN0000428,ACC100556,Bangalore-Whitefield,5450.77,transfer,2026-06-06 14:31:22
TXN0000404,ACC100372,Mumbai-Bandra,45011.98,deposit,2026-06-06 14:58:45
TXN0000419,ACC100151,Hyderabad-Banjara,7750.55,deposit,2026-06-06 15:16:52
TXN0000433,ACC100606,Mumbai-Andheri,8914.28,transfer,2026-06-06 16:22:36
TXN0000424,ACC100043,Pune-Kothrud,30160.47,deposit,2026-06-06 16:31:01
TXN0000431,ACC100102,Mumbai-Andheri,11889.43,deposit,2026-06-06 16:48:14
TXN0000422,ACC100702,Bangalore-Koramangala,3956.43,withdrawal,2026-06-06 17:01:04
TXN0000406,ACC100585,Mumbai-Bandra,21277.05,withdrawal,2026-06-06 17:02:25
TXN0000423,ACC100202,Chennai-TNagar,13585.66,withdrawal,2026-06-06 17:21:07
TXN0000432,ACC100589,Chennai-TNagar,12604.41,transfer,2026-06-06 18:11:15
TXN0000436,ACC100628,Hyderabad-Gachibowli,13789.83,deposit,2026-06-06 18:20:03
TXN0000426,ACC100035,Bangalore-Koramangala,7533.48,withdrawal,2026-06-06 18:30:03
TXN0000410,ACC100024,Hyderabad-Gachibowli,13170.26,deposit,2026-06-06 20:00:48
TXN0000434,ACC100577,Hyderabad-Gachibowli,12174.98,transfer,2026-06-06 21:34:19
TXN0000411,ACC100673,Mumbai-Bandra,3157.4,transfer,2026-06-06 22:26:31
TXN0000447,ACC100666,Bangalore-Whitefield,12008.0,deposit,2026-06-07 02:01:20
TXN0000471,ACC100777,Delhi-CP,11893.21,withdrawal,2026-06-07 04:45:32
TXN0000458,ACC100703,Chennai-TNagar,31669.18,withdrawal,2026-06-07 05:57:54
TXN0000454,ACC100118,Mumbai-Andheri,9949.5,withdrawal,2026-06-07 06:34:24
TXN0000451,ACC100739,Pune-Kothrud,4531.27,withdrawal,2026-06-07 07:25:36
TXN0000480,ACC100223,Delhi-CP,6017.57,withdrawal,2026-06-07 07:32:42
TXN0000460,ACC100775,Delhi-CP,3257.16,transfer,2026-06-07 08:02:27
TXN0000438,ACC100721,Pune-Kothrud,4596.3,withdrawal,2026-06-07 08:10:46
TXN0000450,ACC100621,Chennai-TNagar,3162.7,deposit,2026-06-07 08:44:35
TXN0000472,ACC100413,Hyderabad-Gachibowli,16013.19,transfer,2026-06-07 08:53:12
TXN0000443,ACC100508,Hyderabad-Gachibowli,14737.46,transfer,2026-06-07 08:56:05
TXN0000476,ACC100291,Hyderabad-Banjara,42294.05,deposit,2026-06-07 09:14:41
TXN0000488,ACC100781,Chennai-TNagar,37905.21,transfer,2026-06-07 09:14:47
TXN0000478,ACC100009,Delhi-CP,12032.89,deposit,2026-06-07 09:38:51
TXN0000465,ACC100103,Bangalore-Whitefield,45726.27,transfer,2026-06-07 09:41:31
TXN0000444,ACC100725,Bangalore-Koramangala,269.79,transfer,2026-06-07 09:44:04
TXN0000487,ACC100673,Chennai-TNagar,2006.37,deposit,2026-06-07 09:51:35
TXN0000473,ACC100059,Mumbai-Andheri,39662.19,withdrawal,2026-06-07 09:52:29
TXN0000486,ACC100547,Bangalore-Koramangala,27547.4,withdrawal,2026-06-07 10:10:53
TXN0000462,ACC100744,Chennai-TNagar,6020.59,deposit,2026-06-07 10:17:33
TXN0000452,ACC100562,Chennai-TNagar,6471.33,deposit,2026-06-07 10:42:40
TXN0000440,ACC100628,Bangalore-Whitefield,2712.74,deposit,2026-06-07 10:44:18
TXN0000449,ACC100095,Mumbai-Andheri,39657.66,transfer,2026-06-07 11:41:10
TXN0000489,ACC100314,Mumbai-Bandra,8825.0,transfer,2026-06-07 12:07:30
TXN0000455,ACC100189,Mumbai-Bandra,764.79,withdrawal,2026-06-07 12:16:14
TXN0000467,ACC100039,Mumbai-Bandra,834.44,transfer,2026-06-07 12:17:57
TXN0000481,ACC100383,Delhi-Saket,10297.76,withdrawal,2026-06-07 12:21:17
TXN0000446,ACC100423,Delhi-CP,1611.29,withdrawal,2026-06-07 12:55:36
TXN0000474,ACC100517,Mumbai-Bandra,3704.88,transfer,2026-06-07 13:28:11
TXN0000468,ACC100381,Hyderabad-Banjara,4277.17,transfer,2026-06-07 13:44:43
TXN0000483,ACC100529,Bangalore-Whitefield,12055.22,transfer,2026-06-07 14:42:20
TXN0000442,ACC100033,Hyderabad-Gachibowli,9209.58,deposit,2026-06-07 15:06:59
TXN0000482,ACC100655,Mumbai-Andheri,14287.6,deposit,2026-06-07 15:12:09
TXN0000466,ACC100585,Delhi-Saket,2243.4,deposit,2026-06-07 15:44:25
TXN0000456,ACC100275,Delhi-Saket,1540.87,deposit,2026-06-07 15:51:34
TXN0000445,ACC100358,Mumbai-Andheri,5850.46,deposit,2026-06-07 16:10:56
TXN0000485,ACC100754,Hyderabad-Banjara,2929.74,transfer,2026-06-07 16:14:43
TXN0000448,ACC100267,Pune-Kothrud,5694.32,deposit,2026-06-07 16:35:57
TXN0000475,ACC100485,Delhi-Saket,13427.93,deposit,2026-06-07 16:44:05
TXN0000463,ACC100469,Chennai-TNagar,8854.88,deposit,2026-06-07 17:07:26
TXN0000461,ACC100080,Pune-Kothrud,332251.8,withdrawal,2026-06-07 17:16:20
TXN0000469,ACC100100,Pune-Kothrud,11181.48,deposit,2026-06-07 17:20:17
TXN0000457,ACC100423,Pune-Kothrud,12627.88,withdrawal,2026-06-07 17:26:34
TXN0000470,ACC100746,Mumbai-Bandra,3249.72,withdrawal,2026-06-07 17:47:31
TXN0000477,ACC100230,Bangalore-Koramangala,398.78,deposit,2026-06-07 17:49:43
TXN0000479,ACC100312,Bangalore-Koramangala,13442.7,transfer,2026-06-07 18:29:16
TXN0000490,ACC100054,Chennai-TNagar,17492.55,withdrawal,2026-06-07 18:32:07
TXN0000441,ACC100130,Hyderabad-Gachibowli,8635.24,deposit,2026-06-07 18:49:36
TXN0000484,ACC100697,Hyderabad-Gachibowli,4504.51,deposit,2026-06-07 19:25:24
TXN0000464,ACC100153,Hyderabad-Gachibowli,14100.78,withdrawal,2026-06-07 19:36:49
TXN0000439,ACC100447,Bangalore-Whitefield,2695.62,transfer,2026-06-07 21:44:56
TXN0000459,ACC100731,Hyderabad-Banjara,8615.13,withdrawal,2026-06-07 22:09:07
TXN0000453,ACC100614,Delhi-CP,9609.04,deposit,2026-06-07 22:30:54
TXN0000510,ACC100320,Mumbai-Bandra,46160.22,deposit,2026-06-08 00:08:42
TXN0000499,ACC100367,Bangalore-Whitefield,43420.29,deposit,2026-06-08 01:14:46
TXN0000529,ACC100468,Bangalore-Whitefield,11381.53,deposit,2026-06-08 03:40:53
TXN0000548,ACC100477,Bangalore-Koramangala,4907.19,deposit,2026-06-08 03:59:40
TXN0000513,ACC100431,Bangalore-Koramangala,10472.93,transfer,2026-06-08 04:54:10
TXN0000549,ACC100630,Chennai-TNagar,8297.39,deposit,2026-06-08 05:45:20
TXN0000558,ACC100073,Bangalore-Whitefield,5042.56,deposit,2026-06-08 06:03:11
TXN0000502,ACC100669,Chennai-TNagar,6720.28,deposit,2026-06-08 07:16:30
TXN0000552,ACC100543,Delhi-CP,9774.57,withdrawal,2026-06-08 07:22:28
TXN0000561,ACC100763,Delhi-Saket,13927.91,transfer,2026-06-08 07:50:43
TXN0000498,ACC100745,Delhi-CP,10333.02,withdrawal,2026-06-08 07:57:31
TXN0000514,ACC100106,Mumbai-Bandra,10208.06,withdrawal,2026-06-08 08:24:49
TXN0000491,ACC100542,Mumbai-Andheri,19807.78,deposit,2026-06-08 08:26:36
TXN0000546,ACC100198,Mumbai-Andheri,2885.95,deposit,2026-06-08 08:32:07
TXN0000539,ACC100013,Delhi-CP,10086.79,deposit,2026-06-08 08:48:50
TXN0000518,ACC100531,Delhi-CP,9959.53,transfer,2026-06-08 09:22:42
TXN0000505,ACC100289,Hyderabad-Banjara,3076.27,deposit,2026-06-08 09:33:12
TXN0000506,ACC100366,Bangalore-Koramangala,7495.69,deposit,2026-06-08 09:59:30
TXN0000492,ACC100468,Hyderabad-Gachibowli,1304.09,transfer,2026-06-08 10:11:20
TXN0000497,ACC100105,Mumbai-Bandra,12375.27,withdrawal,2026-06-08 10:18:29
TXN0000522,ACC100470,Delhi-CP,7527.0,withdrawal,2026-06-08 10:31:47
TXN0000543,ACC100048,Pune-Kothrud,49153.8,withdrawal,2026-06-08 10:35:03
TXN0000569,ACC100068,Mumbai-Andheri,14277.94,deposit,2026-06-08 10:42:41
TXN0000516,ACC100499,Hyderabad-Banjara,3998.03,withdrawal,2026-06-08 10:45:55
TXN0000551,ACC100094,Mumbai-Bandra,5032.89,transfer,2026-06-08 10:48:39
TXN0000509,ACC100270,Delhi-CP,687.72,deposit,2026-06-08 10:51:43
TXN0000495,ACC100004,Hyderabad-Banjara,309.75,deposit,2026-06-08 10:53:33
TXN0000526,ACC100372,Bangalore-Koramangala,3404.03,deposit,2026-06-08 10:53:40
TXN0000564,ACC100305,Bangalore-Koramangala,10966.94,transfer,2026-06-08 11:00:35
TXN0000521,ACC100338,Pune-Kothrud,9685.43,deposit,2026-06-08 11:15:05
TXN0000494,ACC100781,Bangalore-Whitefield,6498.2,deposit,2026-06-08 11:30:24
TXN0000550,ACC100538,Hyderabad-Gachibowli,7626.59,deposit,2026-06-08 11:34:25
TXN0000559,ACC100257,Delhi-Saket,3953.85,withdrawal,2026-06-08 11:40:25
TXN0000512,ACC100350,Hyderabad-Gachibowli,24514.16,withdrawal,2026-06-08 11:54:30
TXN0000544,ACC100013,Bangalore-Whitefield,45115.57,deposit,2026-06-08 12:14:58
TXN0000524,ACC100633,Bangalore-Koramangala,9853.48,transfer,2026-06-08 12:21:23
TXN0000531,ACC100004,Delhi-Saket,44358.56,deposit,2026-06-08 12:32:49
TXN0000570,ACC100240,Hyderabad-Banjara,26122.51,withdrawal,2026-06-08 12:39:42
TXN0000555,ACC100520,Delhi-CP,21737.93,deposit,2026-06-08 13:06:10
TXN0000573,ACC100750,Mumbai-Andheri,11644.03,withdrawal,2026-06-08 13:06:11
TXN0000574,ACC100661,Delhi-Saket,19900.06,transfer,2026-06-08 13:16:46
TXN0000504,ACC100276,Bangalore-Koramangala,13489.47,transfer,2026-06-08 13:39:07
TXN0000527,ACC100298,Delhi-Saket,13463.47,withdrawal,2026-06-08 13:52:45
TXN0000565,ACC100568,Hyderabad-Gachibowli,5971.82,deposit,2026-06-08 14:05:19
TXN0000493,ACC100649,Hyderabad-Banjara,11625.78,withdrawal,2026-06-08 14:10:31
TXN0000535,ACC100306,Chennai-TNagar,11078.6,withdrawal,2026-06-08 14:13:12
TXN0000568,ACC100055,Chennai-TNagar,257569.34,transfer,2026-06-08 14:18:42
TXN0000507,ACC100338,Hyderabad-Gachibowli,1745.42,deposit,2026-06-08 14:31:09
TXN0000537,ACC100515,Delhi-Saket,11435.55,withdrawal,2026-06-08 14:37:36
TXN0000563,ACC100160,Delhi-Saket,11982.52,deposit,2026-06-08 14:40:09
TXN0000525,ACC100055,Bangalore-Whitefield,11534.5,transfer,2026-06-08 14:45:42
TXN0000545,ACC100648,Bangalore-Koramangala,8244.57,withdrawal,2026-06-08 14:49:46
TXN0000519,ACC100692,Bangalore-Koramangala,13391.72,deposit,2026-06-08 15:00:41
TXN0000553,ACC100246,Chennai-TNagar,14387.56,withdrawal,2026-06-08 15:20:24
TXN0000508,ACC100092,Bangalore-Whitefield,13581.21,deposit,2026-06-08 15:29:18
TXN0000566,ACC100215,Bangalore-Whitefield,6248.55,transfer,2026-06-08 15:32:09
TXN0000567,ACC100164,Hyderabad-Gachibowli,1807.88,withdrawal,2026-06-08 15:36:54
TXN0000532,ACC100181,Bangalore-Koramangala,1642.95,deposit,2026-06-08 15:38:56
TXN0000503,ACC100718,Hyderabad-Gachibowli,4586.64,withdrawal,2026-06-08 15:42:33
TXN0000560,ACC100443,Mumbai-Andheri,187.89,withdrawal,2026-06-08 16:04:48
TXN0000533,ACC100329,Delhi-CP,462159.61,withdrawal,2026-06-08 16:17:25
TXN0000520,ACC100160,Delhi-CP,2564.52,withdrawal,2026-06-08 16:20:15
TXN0000557,ACC100434,Chennai-TNagar,13191.69,deposit,2026-06-08 16:27:41
TXN0000542,ACC100760,Bangalore-Koramangala,11972.82,withdrawal,2026-06-08 16:44:42
TXN0000534,ACC100351,Pune-Kothrud,6249.91,withdrawal,2026-06-08 16:47:32
TXN0000500,ACC100134,Hyderabad-Gachibowli,1935.11,deposit,2026-06-08 16:50:02
TXN0000541,ACC100554,Hyderabad-Banjara,13033.73,transfer,2026-06-08 16:55:14
TXN0000562,ACC100308,Delhi-Saket,28349.48,deposit,2026-06-08 17:01:30
TXN0000540,ACC100164,Pune-Kothrud,1024.29,withdrawal,2026-06-08 17:13:48
TXN0000554,ACC100116,Mumbai-Bandra,13678.91,withdrawal,2026-06-08 17:23:32
TXN0000523,ACC100669,Hyderabad-Banjara,8281.57,withdrawal,2026-06-08 17:50:38
TXN0000556,ACC100791,Delhi-Saket,10087.99,deposit,2026-06-08 17:55:43
TXN0000547,ACC100386,Hyderabad-Banjara,2497.84,deposit,2026-06-08 18:00:21
TXN0000511,ACC100662,Hyderabad-Gachibowli,9364.92,withdrawal,2026-06-08 18:05:23
TXN0000572,ACC100320,Mumbai-Andheri,6598.25,deposit,2026-06-08 18:08:43
TXN0000496,ACC100195,Hyderabad-Banjara,3471.36,deposit,2026-06-08 18:19:08
TXN0000538,ACC100683,Bangalore-Koramangala,33686.6,withdrawal,2026-06-08 18:27:51
TXN0000515,ACC100367,Bangalore-Koramangala,40454.75,transfer,2026-06-08 18:30:58
TXN0000528,ACC100760,Bangalore-Koramangala,2894.4,deposit,2026-06-08 19:25:13
TXN0000530,ACC100688,Delhi-Saket,9911.0,transfer,2026-06-08 20:08:31
TXN0000571,ACC100313,Bangalore-Koramangala,12134.73,deposit,2026-06-08 20:10:00
TXN0000517,ACC100694,Delhi-CP,3437.38,transfer,2026-06-08 20:55:21
TXN0000536,ACC100214,Bangalore-Koramangala,10118.37,deposit,2026-06-08 22:41:11
TXN0000501,ACC100384,Chennai-TNagar,823.95,deposit,2026-06-08 23:42:06
TXN0000654,ACC100190,Pune-Kothrud,6632.41,deposit,2026-06-09 00:05:09
TXN0000648,ACC100547,Hyderabad-Banjara,31697.35,transfer,2026-06-09 00:27:51
TXN0000657,ACC100481,Hyderabad-Gachibowli,5785.5,transfer,2026-06-09 00:49:45
TXN0000624,ACC100590,Hyderabad-Banjara,14100.85,withdrawal,2026-06-09 02:22:25
TXN0000616,ACC100697,Delhi-CP,1832.4,withdrawal,2026-06-09 04:40:50
TXN0000621,ACC100255,Chennai-TNagar,1886.19,withdrawal,2026-06-09 05:42:31
TXN0000618,ACC100269,Mumbai-Andheri,12334.01,deposit,2026-06-09 05:59:11
TXN0000641,ACC100484,Delhi-Saket,11498.45,deposit,2026-06-09 06:16:39
TXN0000598,ACC100100,Mumbai-Bandra,13660.27,deposit,2026-06-09 06:38:56
TXN0000613,ACC100465,Pune-Kothrud,6166.31,withdrawal,2026-06-09 07:04:32
TXN0000640,ACC100257,Pune-Kothrud,2586.97,transfer,2026-06-09 07:04:59
TXN0000639,ACC100601,Delhi-CP,12827.76,withdrawal,2026-06-09 07:15:42
TXN0000600,ACC100007,Mumbai-Bandra,6191.79,deposit,2026-06-09 07:27:41
TXN0000628,ACC100770,Mumbai-Bandra,2780.35,transfer,2026-06-09 07:36:43
TXN0000644,ACC100487,Delhi-CP,34199.08,transfer,2026-06-09 07:44:34
TXN0000663,ACC100707,Delhi-CP,1433.25,withdrawal,2026-06-09 08:05:43
TXN0000671,ACC100551,Bangalore-Whitefield,11509.44,deposit,2026-06-09 08:18:20
TXN0000647,ACC100266,Hyderabad-Gachibowli,11398.57,deposit,2026-06-09 08:18:30
TXN0000667,ACC100723,Delhi-CP,2927.66,deposit,2026-06-09 08:22:20
TXN0000668,ACC100749,Delhi-CP,12922.36,transfer,2026-06-09 08:33:09
TXN0000653,ACC100632,Delhi-CP,4877.59,transfer,2026-06-09 08:34:01
TXN0000588,ACC100662,Chennai-TNagar,8644.95,deposit,2026-06-09 08:40:32
TXN0000658,ACC100254,Mumbai-Bandra,14918.58,transfer,2026-06-09 08:47:49
TXN0000666,ACC100449,Bangalore-Whitefield,10893.55,deposit,2026-06-09 09:02:31
TXN0000620,ACC100194,Delhi-CP,13103.86,deposit,2026-06-09 09:12:53
TXN0000623,ACC100588,Chennai-TNagar,462203.07,withdrawal,2026-06-09 09:14:48
TXN0000637,ACC100627,Delhi-Saket,2513.79,transfer,2026-06-09 09:20:41
TXN0000650,ACC100255,Hyderabad-Gachibowli,5737.54,transfer,2026-06-09 09:27:40
TXN0000626,ACC100690,Hyderabad-Gachibowli,9230.39,withdrawal,2026-06-09 09:35:16
TXN0000612,ACC100743,Bangalore-Whitefield,14452.99,transfer,2026-06-09 09:38:12
TXN0000651,ACC100245,Delhi-CP,10439.48,transfer,2026-06-09 09:41:47
TXN0000601,ACC100599,Mumbai-Andheri,5548.1,transfer,2026-06-09 09:43:25
TXN0000625,ACC100702,Bangalore-Whitefield,7821.26,withdrawal,2026-06-09 10:00:00
TXN0000670,ACC100189,Chennai-TNagar,9340.94,withdrawal,2026-06-09 10:04:42
TXN0000664,ACC100633,Mumbai-Andheri,994.78,transfer,2026-06-09 10:09:44
TXN0000659,ACC100096,Delhi-CP,10253.49,transfer,2026-06-09 10:20:10
TXN0000633,ACC100342,Mumbai-Andheri,12169.24,withdrawal,2026-06-09 10:26:07
TXN0000592,ACC100785,Hyderabad-Gachibowli,10890.38,withdrawal,2026-06-09 10:29:38
TXN0000652,ACC100544,Bangalore-Whitefield,21384.25,withdrawal,2026-06-09 10:40:29
TXN0000584,ACC100079,Delhi-CP,33073.01,withdrawal,2026-06-09 10:55:22
TXN0000622,ACC100628,Hyderabad-Banjara,44680.37,transfer,2026-06-09 11:20:31
TXN0000604,ACC100235,Delhi-CP,3295.43,withdrawal,2026-06-09 11:21:51
TXN0000627,ACC100242,Mumbai-Andheri,2840.31,transfer,2026-06-09 11:26:44
TXN0000606,ACC100148,Delhi-CP,4020.07,withdrawal,2026-06-09 11:38:02
TXN0000583,ACC100759,Mumbai-Andheri,9839.76,withdrawal,2026-06-09 11:41:57
TXN0000581,ACC100378,Hyderabad-Gachibowli,11892.76,withdrawal,2026-06-09 11:58:29
TXN0000585,ACC100498,Bangalore-Whitefield,13242.31,transfer,2026-06-09 12:14:04
TXN0000660,ACC100644,Bangalore-Koramangala,1919.91,transfer,2026-06-09 12:19:12
TXN0000646,ACC100546,Mumbai-Andheri,12090.15,deposit,2026-06-09 12:23:26
TXN0000587,ACC100235,Mumbai-Bandra,10160.92,deposit,2026-06-09 12:37:10
TXN0000645,ACC100181,Delhi-Saket,13171.68,withdrawal,2026-06-09 12:40:40
TXN0000617,ACC100225,Bangalore-Koramangala,14336.14,deposit,2026-06-09 13:00:44
TXN0000580,ACC100149,Bangalore-Whitefield,3360.4,withdrawal,2026-06-09 13:04:16
TXN0000589,ACC100040,Chennai-TNagar,13844.46,deposit,2026-06-09 13:25:38
TXN0000614,ACC100301,Mumbai-Andheri,3939.63,deposit,2026-06-09 13:50:36
TXN0000593,ACC100604,Hyderabad-Banjara,346.78,withdrawal,2026-06-09 13:58:32
TXN0000599,ACC100556,Mumbai-Bandra,11862.39,deposit,2026-06-09 14:07:33
TXN0000602,ACC100773,Hyderabad-Gachibowli,2762.92,withdrawal,2026-06-09 14:30:16
TXN0000591,ACC100621,Pune-Kothrud,12472.42,transfer,2026-06-09 14:50:37
TXN0000595,ACC100544,Delhi-CP,2041.9,deposit,2026-06-09 14:52:00
TXN0000594,ACC100700,Mumbai-Bandra,7190.45,deposit,2026-06-09 15:02:56
TXN0000634,ACC100359,Chennai-TNagar,8680.83,transfer,2026-06-09 15:11:49
TXN0000582,ACC100047,Hyderabad-Banjara,14529.78,withdrawal,2026-06-09 15:17:53
TXN0000661,ACC100369,Chennai-TNagar,1782.63,transfer,2026-06-09 15:20:00
TXN0000669,ACC100460,Mumbai-Andheri,110.73,deposit,2026-06-09 15:24:46
TXN0000632,ACC100101,Bangalore-Koramangala,7200.44,deposit,2026-06-09 15:28:47
TXN0000609,ACC100292,Hyderabad-Gachibowli,10506.9,transfer,2026-06-09 15:43:02
TXN0000605,ACC100563,Bangalore-Koramangala,5897.64,withdrawal,2026-06-09 15:51:05
TXN0000608,ACC100792,Bangalore-Whitefield,3105.44,withdrawal,2026-06-09 15:51:33
TXN0000674,ACC100538,Bangalore-Koramangala,3388.77,withdrawal,2026-06-09 16:00:59
TXN0000586,ACC100526,Bangalore-Koramangala,5497.12,deposit,2026-06-09 16:07:42
TXN0000596,ACC100793,Bangalore-Koramangala,13134.88,withdrawal,2026-06-09 16:27:14
TXN0000642,ACC100159,Hyderabad-Banjara,3517.4,transfer,2026-06-09 16:28:40
TXN0000607,ACC100741,Mumbai-Bandra,7862.98,transfer,2026-06-09 16:38:03
TXN0000597,ACC100493,Bangalore-Whitefield,11146.77,withdrawal,2026-06-09 16:44:36
TXN0000615,ACC100256,Bangalore-Koramangala,11572.51,transfer,2026-06-09 16:49:29
TXN0000619,ACC100487,Mumbai-Andheri,2823.49,deposit,2026-06-09 16:59:58
TXN0000656,ACC100032,Mumbai-Andheri,16961.34,transfer,2026-06-09 17:04:34
TXN0000672,ACC100419,Bangalore-Koramangala,1093.53,deposit,2026-06-09 17:08:11
TXN0000610,ACC100368,Hyderabad-Gachibowli,14952.58,deposit,2026-06-09 17:22:42
TXN0000638,ACC100298,Bangalore-Koramangala,13326.61,withdrawal,2026-06-09 17:23:47
TXN0000575,ACC100078,Bangalore-Koramangala,9511.23,transfer,2026-06-09 17:37:25
TXN0000673,ACC100032,Hyderabad-Gachibowli,8608.08,withdrawal,2026-06-09 17:42:31
TXN0000665,ACC100549,Bangalore-Whitefield,14726.97,deposit,2026-06-09 17:48:22
TXN0000631,ACC100529,Delhi-Saket,3839.51,deposit,2026-06-09 18:03:25
TXN0000603,ACC100314,Delhi-Saket,2157.22,transfer,2026-06-09 18:07:47
TXN0000577,ACC100793,Hyderabad-Gachibowli,35636.03,withdrawal,2026-06-09 18:08:29
TXN0000629,ACC100234,Bangalore-Whitefield,8374.57,transfer,2026-06-09 18:12:09
TXN0000643,ACC100129,Hyderabad-Gachibowli,9986.88,transfer,2026-06-09 18:20:55
TXN0000635,ACC100291,Mumbai-Bandra,11074.24,withdrawal,2026-06-09 18:24:39
TXN0000649,ACC100299,Delhi-Saket,2909.71,transfer,2026-06-09 18:27:25
TXN0000578,ACC100513,Delhi-CP,9973.91,withdrawal,2026-06-09 18:51:39
TXN0000636,ACC100293,Delhi-CP,37420.32,transfer,2026-06-09 19:26:40
TXN0000611,ACC100404,Mumbai-Bandra,10583.97,deposit,2026-06-09 19:35:18
TXN0000590,ACC100577,Bangalore-Koramangala,12337.42,transfer,2026-06-09 20:13:28
TXN0000579,ACC100700,Hyderabad-Gachibowli,2769.26,withdrawal,2026-06-09 20:42:55
TXN0000662,ACC100171,Bangalore-Whitefield,3722.03,withdrawal,2026-06-09 21:37:50
TXN0000655,ACC100015,Delhi-CP,12011.99,deposit,2026-06-09 23:29:44
TXN0000576,ACC100787,Delhi-Saket,8197.69,transfer,2026-06-09 23:30:41
TXN0000630,ACC100756,Hyderabad-Gachibowli,7544.01,transfer,2026-06-09 23:54:40
TXN0000690,ACC100123,Chennai-TNagar,9074.29,deposit,2026-06-10 00:49:40
TXN0000709,ACC100063,Bangalore-Koramangala,43520.05,transfer,2026-06-10 02:35:17
TXN0000688,ACC100706,Bangalore-Koramangala,9669.59,transfer,2026-06-10 02:51:36
TXN0000732,ACC100675,Chennai-TNagar,11560.44,deposit,2026-06-10 03:19:19
TXN0000675,ACC100671,Delhi-CP,12035.2,transfer,2026-06-10 04:35:47
TXN0000699,ACC100701,Mumbai-Bandra,18933.01,transfer,2026-06-10 04:39:59
TXN0000735,ACC100505,Hyderabad-Gachibowli,6211.26,withdrawal,2026-06-10 05:38:00
TXN0000685,ACC100282,Chennai-TNagar,8617.02,withdrawal,2026-06-10 06:29:22
TXN0000696,ACC100248,Hyderabad-Banjara,13869.66,transfer,2026-06-10 06:42:26
TXN0000694,ACC100561,Mumbai-Bandra,11629.99,deposit,2026-06-10 07:08:30
TXN0000733,ACC100747,Bangalore-Whitefield,1851.55,withdrawal,2026-06-10 07:12:00
TXN0000700,ACC100151,Chennai-TNagar,10437.55,transfer,2026-06-10 07:28:30
TXN0000718,ACC100237,Hyderabad-Gachibowli,11719.41,deposit,2026-06-10 07:54:38
TXN0000745,ACC100504,Bangalore-Whitefield,4428.27,transfer,2026-06-10 08:07:01
TXN0000716,ACC100453,Bangalore-Whitefield,11101.26,transfer,2026-06-10 08:12:06
TXN0000719,ACC100480,Bangalore-Koramangala,32200.6,withdrawal,2026-06-10 08:12:14
TXN0000731,ACC100523,Bangalore-Koramangala,754.2,deposit,2026-06-10 08:21:36
TXN0000725,ACC100752,Hyderabad-Banjara,14442.63,withdrawal,2026-06-10 08:28:25
TXN0000727,ACC100145,Delhi-CP,7559.8,withdrawal,2026-06-10 08:37:57
TXN0000736,ACC100250,Chennai-TNagar,12319.81,deposit,2026-06-10 09:11:09
TXN0000677,ACC100311,Hyderabad-Banjara,1608.25,deposit,2026-06-10 09:24:12
TXN0000703,ACC100044,Mumbai-Andheri,10478.25,deposit,2026-06-10 09:29:41
TXN0000724,ACC100533,Hyderabad-Banjara,45722.3,withdrawal,2026-06-10 09:34:25
TXN0000720,ACC100033,Mumbai-Bandra,48256.93,transfer,2026-06-10 09:42:12
TXN0000739,ACC100609,Delhi-Saket,41226.72,withdrawal,2026-06-10 10:02:05
TXN0000704,ACC100008,Hyderabad-Banjara,13701.74,withdrawal,2026-06-10 10:06:01
TXN0000711,ACC100640,Bangalore-Koramangala,6454.33,withdrawal,2026-06-10 10:38:21
TXN0000691,ACC100391,Hyderabad-Banjara,8517.2,withdrawal,2026-06-10 10:44:14
TXN0000679,ACC100108,Bangalore-Whitefield,10568.0,withdrawal,2026-06-10 11:06:10
TXN0000707,ACC100729,Hyderabad-Banjara,5070.19,deposit,2026-06-10 11:10:01
TXN0000741,ACC100299,Delhi-CP,26522.3,deposit,2026-06-10 11:13:44
TXN0000740,ACC100786,Mumbai-Andheri,1108.23,withdrawal,2026-06-10 11:35:04
TXN0000710,ACC100230,Hyderabad-Gachibowli,1408.15,transfer,2026-06-10 11:43:39
TXN0000687,ACC100409,Delhi-Saket,4937.91,deposit,2026-06-10 12:31:52
TXN0000693,ACC100227,Delhi-CP,5108.91,transfer,2026-06-10 12:47:03
TXN0000728,ACC100712,Delhi-Saket,471.19,withdrawal,2026-06-10 12:57:45
TXN0000730,ACC100750,Hyderabad-Banjara,5507.86,deposit,2026-06-10 13:24:46
TXN0000744,ACC100588,Pune-Kothrud,8483.25,withdrawal,2026-06-10 13:40:31
TXN0000676,ACC100425,Bangalore-Whitefield,9292.31,transfer,2026-06-10 13:46:04
TXN0000717,ACC100134,Hyderabad-Gachibowli,4076.25,transfer,2026-06-10 14:14:38
TXN0000692,ACC100156,Hyderabad-Banjara,6739.68,transfer,2026-06-10 14:32:05
TXN0000683,ACC100463,Delhi-CP,14746.05,withdrawal,2026-06-10 14:33:08
TXN0000702,ACC100637,Bangalore-Koramangala,373.99,deposit,2026-06-10 14:42:33
TXN0000680,ACC100184,Delhi-Saket,8055.12,withdrawal,2026-06-10 14:59:22
TXN0000721,ACC100775,Hyderabad-Gachibowli,30374.98,deposit,2026-06-10 15:44:20
TXN0000738,ACC100089,Hyderabad-Banjara,10114.15,withdrawal,2026-06-10 15:44:44
TXN0000681,ACC100322,Delhi-Saket,6243.92,transfer,2026-06-10 15:52:46
TXN0000697,ACC100433,Mumbai-Bandra,9865.61,deposit,2026-06-10 16:10:22
TXN0000729,ACC100206,Chennai-TNagar,9763.79,deposit,2026-06-10 16:10:45
TXN0000747,ACC100341,Mumbai-Bandra,9645.21,transfer,2026-06-10 16:16:50
TXN0000678,ACC100197,Delhi-CP,2765.58,deposit,2026-06-10 16:26:47
TXN0000701,ACC100023,Mumbai-Andheri,8241.72,transfer,2026-06-10 16:35:30
TXN0000686,ACC100159,Hyderabad-Gachibowli,3571.61,withdrawal,2026-06-10 17:05:36
TXN0000689,ACC100390,Hyderabad-Banjara,5284.16,deposit,2026-06-10 17:26:59
TXN0000734,ACC100637,Bangalore-Whitefield,7529.77,deposit,2026-06-10 17:38:56
TXN0000684,ACC100309,Hyderabad-Banjara,4792.08,transfer,2026-06-10 17:44:52
TXN0000722,ACC100468,Chennai-TNagar,9158.16,withdrawal,2026-06-10 17:46:20
TXN0000712,ACC100459,Delhi-Saket,8166.17,deposit,2026-06-10 17:55:08
TXN0000743,ACC100705,Delhi-Saket,6463.1,transfer,2026-06-10 18:16:33
TXN0000737,ACC100056,Bangalore-Koramangala,38344.88,deposit,2026-06-10 18:19:21
TXN0000723,ACC100403,Bangalore-Koramangala,7925.93,transfer,2026-06-10 18:50:02
TXN0000698,ACC100631,Bangalore-Whitefield,6662.91,transfer,2026-06-10 19:14:12
TXN0000682,ACC100331,Delhi-Saket,11509.05,withdrawal,2026-06-10 19:16:23
TXN0000726,ACC100311,Bangalore-Whitefield,4486.85,deposit,2026-06-10 19:44:33
TXN0000713,ACC100316,Bangalore-Koramangala,30052.25,transfer,2026-06-10 19:49:09
TXN0000714,ACC100671,Pune-Kothrud,8404.37,transfer,2026-06-10 20:07:11
TXN0000715,ACC100325,Chennai-TNagar,4848.44,deposit,2026-06-10 21:26:19
TXN0000706,ACC100323,Delhi-CP,3063.24,withdrawal,2026-06-10 21:35:59
TXN0000705,ACC100299,Chennai-TNagar,5772.45,withdrawal,2026-06-10 22:06:57
TXN0000708,ACC100355,Bangalore-Koramangala,14940.32,withdrawal,2026-06-10 22:17:51
TXN0000746,ACC100476,Bangalore-Koramangala,12013.51,deposit,2026-06-10 23:26:02
TXN0000742,ACC100214,Bangalore-Koramangala,9471.78,deposit,2026-06-10 23:30:46
TXN0000695,ACC100572,Hyderabad-Gachibowli,8461.4,withdrawal,2026-06-10 23:33:15
TXN0000807,ACC100345,Bangalore-Koramangala,257.61,transfer,2026-06-11 00:04:00
TXN0000765,ACC100051,Hyderabad-Gachibowli,1678.31,withdrawal,2026-06-11 03:27:25
TXN0000760,ACC100045,Bangalore-Koramangala,7056.45,withdrawal,2026-06-11 03:33:49
TXN0000791,ACC100768,Bangalore-Whitefield,13359.74,withdrawal,2026-06-11 06:30:40
TXN0000785,ACC100368,Chennai-TNagar,351529.74,deposit,2026-06-11 07:04:41
TXN0000801,ACC100591,Bangalore-Whitefield,11356.71,deposit,2026-06-11 07:10:29
TXN0000768,ACC100476,Delhi-Saket,10509.13,deposit,2026-06-11 07:19:43
TXN0000759,ACC100135,Hyderabad-Gachibowli,12985.67,deposit,2026-06-11 07:19:59
TXN0000756,ACC100221,Delhi-CP,657.19,deposit,2026-06-11 08:05:28
TXN0000786,ACC100016,Hyderabad-Gachibowli,14627.13,transfer,2026-06-11 08:08:41
TXN0000762,ACC100293,Mumbai-Andheri,1853.0,deposit,2026-06-11 08:17:07
TXN0000776,ACC100117,Delhi-Saket,12348.14,withdrawal,2026-06-11 08:25:04
TXN0000779,ACC100676,Hyderabad-Gachibowli,8711.18,withdrawal,2026-06-11 08:43:56
TXN0000790,ACC100494,Bangalore-Koramangala,10388.41,deposit,2026-06-11 08:46:33
TXN0000808,ACC100421,Hyderabad-Banjara,3369.3,deposit,2026-06-11 09:12:02
TXN0000761,ACC100674,Bangalore-Whitefield,9618.88,deposit,2026-06-11 09:12:12
TXN0000771,ACC100030,Hyderabad-Banjara,12701.92,deposit,2026-06-11 09:22:38
TXN0000809,ACC100024,Bangalore-Koramangala,13420.11,deposit,2026-06-11 09:38:40
TXN0000802,ACC100408,Delhi-CP,47286.07,withdrawal,2026-06-11 09:43:45
TXN0000783,ACC100288,Chennai-TNagar,5974.6,deposit,2026-06-11 10:24:25
TXN0000748,ACC100315,Mumbai-Andheri,1796.17,withdrawal,2026-06-11 10:25:46
TXN0000772,ACC100588,Hyderabad-Banjara,11971.69,deposit,2026-06-11 10:41:04
TXN0000811,ACC100579,Bangalore-Whitefield,2845.52,deposit,2026-06-11 10:42:59
TXN0000749,ACC100582,Bangalore-Koramangala,5024.67,deposit,2026-06-11 10:43:30
TXN0000789,ACC100748,Hyderabad-Gachibowli,8237.88,withdrawal,2026-06-11 11:02:36
TXN0000753,ACC100362,Hyderabad-Banjara,5153.37,deposit,2026-06-11 11:34:53
TXN0000755,ACC100322,Bangalore-Koramangala,13168.03,deposit,2026-06-11 11:53:19
TXN0000766,ACC100183,Bangalore-Koramangala,10382.86,transfer,2026-06-11 12:22:19
TXN0000774,ACC100067,Mumbai-Bandra,11786.28,transfer,2026-06-11 12:50:21
TXN0000804,ACC100694,Mumbai-Andheri,18407.75,withdrawal,2026-06-11 13:22:54
TXN0000751,ACC100343,Delhi-CP,16960.78,transfer,2026-06-11 13:36:46
TXN0000777,ACC100612,Hyderabad-Banjara,5745.77,transfer,2026-06-11 13:42:03
TXN0000806,ACC100598,Mumbai-Bandra,11041.27,transfer,2026-06-11 14:12:33
TXN0000763,ACC100015,Pune-Kothrud,8183.68,withdrawal,2026-06-11 14:17:09
TXN0000793,ACC100351,Delhi-Saket,13600.22,deposit,2026-06-11 14:21:26
TXN0000773,ACC100309,Delhi-Saket,9351.04,withdrawal,2026-06-11 14:30:24
TXN0000788,ACC100434,Delhi-Saket,2868.29,withdrawal,2026-06-11 14:36:31
TXN0000792,ACC100759,Bangalore-Koramangala,8134.04,withdrawal,2026-06-11 14:39:03
TXN0000795,ACC100744,Bangalore-Whitefield,8714.3,deposit,2026-06-11 14:42:18
TXN0000784,ACC100390,Delhi-CP,2172.13,deposit,2026-06-11 14:53:59
TXN0000797,ACC100135,Bangalore-Koramangala,11147.29,deposit,2026-06-11 14:58:37
TXN0000787,ACC100425,Chennai-TNagar,13961.63,transfer,2026-06-11 15:29:32
TXN0000810,ACC100124,Bangalore-Koramangala,19546.75,deposit,2026-06-11 15:57:41
TXN0000800,ACC100507,Bangalore-Whitefield,9943.94,withdrawal,2026-06-11 16:10:13
TXN0000798,ACC100756,Hyderabad-Gachibowli,3992.66,withdrawal,2026-06-11 16:31:11
TXN0000754,ACC100169,Delhi-Saket,12982.45,withdrawal,2026-06-11 16:45:54
TXN0000775,ACC100557,Bangalore-Koramangala,11116.57,deposit,2026-06-11 16:53:31
TXN0000805,ACC100442,Bangalore-Koramangala,4127.86,withdrawal,2026-06-11 17:16:41
TXN0000782,ACC100063,Mumbai-Bandra,10579.98,withdrawal,2026-06-11 17:22:07
TXN0000778,ACC100092,Hyderabad-Gachibowli,11349.33,deposit,2026-06-11 17:48:09
TXN0000752,ACC100694,Mumbai-Andheri,10313.85,withdrawal,2026-06-11 17:56:50
TXN0000796,ACC100755,Bangalore-Koramangala,7633.38,deposit,2026-06-11 18:17:16
TXN0000770,ACC100372,Mumbai-Bandra,11852.8,withdrawal,2026-06-11 18:29:31
TXN0000769,ACC100659,Bangalore-Koramangala,3434.54,withdrawal,2026-06-11 18:39:16
TXN0000781,ACC100352,Pune-Kothrud,7705.32,withdrawal,2026-06-11 18:54:18
TXN0000803,ACC100399,Delhi-CP,15415.21,deposit,2026-06-11 19:28:24
TXN0000764,ACC100721,Bangalore-Whitefield,4739.53,withdrawal,2026-06-11 19:34:28
TXN0000750,ACC100485,Bangalore-Whitefield,9445.29,withdrawal,2026-06-11 19:34:57
TXN0000757,ACC100518,Hyderabad-Banjara,2934.15,withdrawal,2026-06-11 19:46:55
TXN0000794,ACC100361,Pune-Kothrud,626.36,transfer,2026-06-11 19:47:19
TXN0000799,ACC100540,Chennai-TNagar,2261.55,deposit,2026-06-11 20:09:53
TXN0000780,ACC100324,Mumbai-Andheri,13785.67,transfer,2026-06-11 20:45:58
TXN0000758,ACC100536,Mumbai-Andheri,1563.95,deposit,2026-06-11 22:33:43
TXN0000767,ACC100340,Bangalore-Whitefield,8048.93,transfer,2026-06-11 22:48:48
TXN0000837,ACC100626,Pune-Kothrud,5283.02,withdrawal,2026-06-12 00:15:12
TXN0000816,ACC100105,Hyderabad-Banjara,11680.83,deposit,2026-06-12 01:31:09
TXN0000846,ACC100737,Hyderabad-Gachibowli,5104.78,withdrawal,2026-06-12 02:36:03
TXN0000851,ACC100605,Pune-Kothrud,29622.01,transfer,2026-06-12 03:30:46
TXN0000865,ACC100468,Hyderabad-Banjara,14378.02,withdrawal,2026-06-12 05:10:17
TXN0000844,ACC100100,Hyderabad-Gachibowli,13381.34,withdrawal,2026-06-12 05:37:31
TXN0000821,ACC100348,Hyderabad-Banjara,9752.11,withdrawal,2026-06-12 08:02:24
TXN0000854,ACC100302,Hyderabad-Gachibowli,10068.63,transfer,2026-06-12 08:29:54
TXN0000859,ACC100052,Hyderabad-Banjara,5547.01,withdrawal,2026-06-12 08:35:45
TXN0000870,ACC100311,Delhi-Saket,11860.09,transfer,2026-06-12 09:23:18
TXN0000842,ACC100180,Hyderabad-Gachibowli,1155.81,deposit,2026-06-12 09:28:37
TXN0000835,ACC100290,Mumbai-Bandra,10416.14,transfer,2026-06-12 09:40:17
TXN0000825,ACC100037,Mumbai-Andheri,6142.07,deposit,2026-06-12 09:41:42
TXN0000813,ACC100263,Hyderabad-Gachibowli,5803.71,deposit,2026-06-12 10:03:16
TXN0000822,ACC100676,Hyderabad-Gachibowli,37071.6,withdrawal,2026-06-12 10:05:56
TXN0000840,ACC100485,Delhi-CP,16890.97,deposit,2026-06-12 10:13:27
TXN0000868,ACC100064,Hyderabad-Banjara,7842.35,transfer,2026-06-12 10:37:21
TXN0000847,ACC100287,Hyderabad-Gachibowli,2650.9,transfer,2026-06-12 10:56:18
TXN0000845,ACC100055,Chennai-TNagar,30924.68,deposit,2026-06-12 11:08:29
TXN0000832,ACC100343,Hyderabad-Banjara,2603.96,deposit,2026-06-12 11:10:28
TXN0000873,ACC100243,Hyderabad-Banjara,6669.24,transfer,2026-06-12 11:13:35
TXN0000862,ACC100361,Chennai-TNagar,911.45,withdrawal,2026-06-12 11:28:31
TXN0000814,ACC100271,Hyderabad-Gachibowli,140301.1,deposit,2026-06-12 11:41:31
TXN0000856,ACC100379,Bangalore-Koramangala,9446.84,transfer,2026-06-12 11:44:21
TXN0000818,ACC100588,Hyderabad-Banjara,7224.28,transfer,2026-06-12 11:46:49
TXN0000850,ACC100285,Hyderabad-Banjara,23674.1,withdrawal,2026-06-12 12:14:57
TXN0000819,ACC100071,Delhi-Saket,43629.18,deposit,2026-06-12 12:36:34
TXN0000874,ACC100724,Hyderabad-Banjara,5656.43,deposit,2026-06-12 13:10:34
TXN0000863,ACC100513,Delhi-CP,10206.79,deposit,2026-06-12 13:18:28
TXN0000860,ACC100068,Delhi-Saket,5090.45,transfer,2026-06-12 13:41:30
TXN0000848,ACC100618,Hyderabad-Gachibowli,46695.23,transfer,2026-06-12 14:35:54
TXN0000829,ACC100174,Chennai-TNagar,1801.28,deposit,2026-06-12 14:39:14
TXN0000836,ACC100535,Delhi-CP,10405.94,deposit,2026-06-12 14:45:31
TXN0000857,ACC100543,Hyderabad-Banjara,14196.82,withdrawal,2026-06-12 14:50:13
TXN0000849,ACC100235,Hyderabad-Banjara,14935.4,transfer,2026-06-12 14:53:29
TXN0000826,ACC100535,Delhi-CP,20213.38,withdrawal,2026-06-12 14:59:04
TXN0000872,ACC100548,Mumbai-Andheri,10423.6,transfer,2026-06-12 15:09:10
TXN0000871,ACC100788,Chennai-TNagar,14347.59,deposit,2026-06-12 15:10:45
TXN0000827,ACC100037,Bangalore-Whitefield,13616.97,withdrawal,2026-06-12 15:15:44
TXN0000867,ACC100698,Delhi-Saket,6713.51,deposit,2026-06-12 15:18:12
TXN0000866,ACC100114,Bangalore-Koramangala,33224.07,withdrawal,2026-06-12 15:18:26
TXN0000830,ACC100064,Bangalore-Whitefield,14734.67,withdrawal,2026-06-12 15:20:07
TXN0000820,ACC100367,Mumbai-Andheri,14955.54,deposit,2026-06-12 15:23:34
TXN0000833,ACC100249,Pune-Kothrud,12725.76,deposit,2026-06-12 15:49:10
TXN0000812,ACC100654,Delhi-CP,10414.1,transfer,2026-06-12 15:49:20
TXN0000852,ACC100787,Delhi-CP,12164.78,withdrawal,2026-06-12 16:06:28
TXN0000861,ACC100755,Pune-Kothrud,22342.79,withdrawal,2026-06-12 16:14:20
TXN0000831,ACC100700,Delhi-Saket,11917.21,deposit,2026-06-12 16:37:11
TXN0000834,ACC100016,Chennai-TNagar,13899.44,deposit,2026-06-12 16:37:56
TXN0000817,ACC100668,Bangalore-Koramangala,4069.9,transfer,2026-06-12 16:57:25
TXN0000841,ACC100257,Mumbai-Andheri,745.43,transfer,2026-06-12 16:59:34
TXN0000843,ACC100593,Mumbai-Andheri,4952.71,deposit,2026-06-12 17:20:14
TXN0000824,ACC100398,Hyderabad-Banjara,8055.71,withdrawal,2026-06-12 17:28:01
TXN0000828,ACC100664,Hyderabad-Gachibowli,4679.33,deposit,2026-06-12 17:29:39
TXN0000839,ACC100475,Bangalore-Whitefield,2986.41,withdrawal,2026-06-12 17:43:54
TXN0000864,ACC100635,Mumbai-Bandra,14673.46,withdrawal,2026-06-12 18:12:57
TXN0000855,ACC100584,Bangalore-Whitefield,11600.34,deposit,2026-06-12 18:25:11
TXN0000869,ACC100671,Bangalore-Koramangala,10483.27,deposit,2026-06-12 18:28:29
TXN0000815,ACC100111,Hyderabad-Gachibowli,9685.74,transfer,2026-06-12 19:45:16
TXN0000853,ACC100507,Mumbai-Andheri,11003.62,withdrawal,2026-06-12 20:08:22
TXN0000858,ACC100701,Hyderabad-Banjara,916.69,transfer,2026-06-12 20:43:23
TXN0000875,ACC100308,Hyderabad-Banjara,41898.14,deposit,2026-06-12 20:59:20
TXN0000823,ACC100647,Delhi-CP,477.93,deposit,2026-06-12 23:15:31
TXN0000838,ACC100120,Pune-Kothrud,12954.69,transfer,2026-06-12 23:32:14
TXN0000908,ACC100222,Bangalore-Koramangala,11334.87,transfer,2026-06-13 00:46:06
TXN0000888,ACC100309,Chennai-TNagar,7005.43,deposit,2026-06-13 01:00:09
TXN0000902,ACC100710,Hyderabad-Gachibowli,2040.25,deposit,2026-06-13 05:44:48
TXN0000913,ACC100231,Delhi-Saket,21607.47,deposit,2026-06-13 05:53:51
TXN0000878,ACC100705,Hyderabad-Banjara,10202.32,withdrawal,2026-06-13 07:01:25
TXN0000903,ACC100114,Hyderabad-Banjara,733.5,transfer,2026-06-13 07:50:42
TXN0000897,ACC100530,Mumbai-Andheri,13821.52,transfer,2026-06-13 08:13:09
TXN0000905,ACC100098,Bangalore-Whitefield,13527.51,transfer,2026-06-13 08:22:01
TXN0000909,ACC100219,Pune-Kothrud,10502.18,transfer,2026-06-13 08:43:06
TXN0000890,ACC100183,Delhi-CP,1878.38,withdrawal,2026-06-13 09:04:38
TXN0000904,ACC100525,Delhi-Saket,16514.85,withdrawal,2026-06-13 10:00:48
TXN0000887,ACC100727,Delhi-Saket,12501.03,transfer,2026-06-13 10:31:02
TXN0000911,ACC100126,Delhi-CP,5482.63,withdrawal,2026-06-13 10:46:02
TXN0000912,ACC100084,Mumbai-Andheri,9045.8,deposit,2026-06-13 10:53:28
TXN0000906,ACC100092,Hyderabad-Gachibowli,8738.3,transfer,2026-06-13 10:54:32
TXN0000876,ACC100004,Pune-Kothrud,9743.93,withdrawal,2026-06-13 10:57:18
TXN0000882,ACC100682,Mumbai-Bandra,27937.05,deposit,2026-06-13 11:18:22
TXN0000886,ACC100604,Bangalore-Whitefield,13724.72,deposit,2026-06-13 11:35:29
TXN0000910,ACC100185,Chennai-TNagar,7762.34,transfer,2026-06-13 11:48:20
TXN0000893,ACC100472,Chennai-TNagar,4162.79,deposit,2026-06-13 11:58:22
TXN0000881,ACC100089,Pune-Kothrud,9087.26,withdrawal,2026-06-13 13:03:58
TXN0000885,ACC100601,Delhi-Saket,14826.9,deposit,2026-06-13 13:21:04
TXN0000907,ACC100799,Bangalore-Koramangala,1576.67,deposit,2026-06-13 14:00:33
TXN0000892,ACC100122,Mumbai-Bandra,3967.1,transfer,2026-06-13 14:09:20
TXN0000889,ACC100268,Mumbai-Andheri,1950.24,withdrawal,2026-06-13 15:18:26
TXN0000914,ACC100487,Pune-Kothrud,10144.97,withdrawal,2026-06-13 15:25:28
TXN0000879,ACC100632,Chennai-TNagar,920.0,withdrawal,2026-06-13 15:37:33
TXN0000891,ACC100763,Mumbai-Bandra,3942.88,withdrawal,2026-06-13 15:44:52
TXN0000894,ACC100049,Mumbai-Andheri,32985.33,withdrawal,2026-06-13 16:11:48
TXN0000896,ACC100277,Bangalore-Koramangala,8742.69,withdrawal,2026-06-13 17:00:08
TXN0000901,ACC100535,Bangalore-Whitefield,528.52,deposit,2026-06-13 17:14:08
TXN0000898,ACC100515,Hyderabad-Gachibowli,36469.99,deposit,2026-06-13 17:33:54
TXN0000900,ACC100134,Pune-Kothrud,5502.27,withdrawal,2026-06-13 17:56:38
TXN0000880,ACC100227,Bangalore-Whitefield,1345.48,transfer,2026-06-13 18:43:42
TXN0000883,ACC100359,Mumbai-Andheri,3313.86,withdrawal,2026-06-13 18:47:26
TXN0000895,ACC100096,Delhi-Saket,4811.54,deposit,2026-06-13 18:51:19
TXN0000899,ACC100544,Bangalore-Koramangala,6318.46,transfer,2026-06-13 19:07:52
TXN0000884,ACC100453,Mumbai-Andheri,240724.49,transfer,2026-06-13 19:08:53
TXN0000877,ACC100772,Pune-Kothrud,8521.95,withdrawal,2026-06-13 19:28:21
TXN0000972,ACC100461,Chennai-TNagar,6926.65,withdrawal,2026-06-14 00:08:55
TXN0000958,ACC100449,Bangalore-Koramangala,6153.7,transfer,2026-06-14 02:55:05
TXN0000962,ACC100656,Hyderabad-Gachibowli,4774.45,withdrawal,2026-06-14 06:10:15
TXN0000923,ACC100559,Hyderabad-Banjara,446056.55,transfer,2026-06-14 07:28:20
TXN0000925,ACC100168,Delhi-CP,7363.08,deposit,2026-06-14 07:43:31
TXN0000926,ACC100675,Delhi-Saket,8477.61,withdrawal,2026-06-14 08:03:25
TXN0000977,ACC100347,Chennai-TNagar,8003.31,deposit,2026-06-14 08:07:20
TXN0000961,ACC100755,Mumbai-Andheri,9656.45,withdrawal,2026-06-14 08:28:50
TXN0000976,ACC100379,Hyderabad-Gachibowli,2772.65,transfer,2026-06-14 08:31:59
TXN0000920,ACC100101,Bangalore-Whitefield,498.56,transfer,2026-06-14 08:38:43
TXN0000941,ACC100744,Bangalore-Koramangala,2301.38,withdrawal,2026-06-14 08:43:48
TXN0000966,ACC100229,Hyderabad-Banjara,9218.85,deposit,2026-06-14 09:05:29
TXN0000951,ACC100241,Pune-Kothrud,3290.22,deposit,2026-06-14 09:26:16
TXN0000945,ACC100037,Hyderabad-Gachibowli,11866.08,deposit,2026-06-14 09:35:11
TXN0000917,ACC100434,Bangalore-Koramangala,8770.59,deposit,2026-06-14 09:50:51
TXN0000929,ACC100640,Mumbai-Bandra,5424.75,deposit,2026-06-14 10:42:15
TXN0000955,ACC100687,Hyderabad-Gachibowli,14381.41,withdrawal,2026-06-14 10:51:43
TXN0000922,ACC100477,Hyderabad-Gachibowli,3998.81,withdrawal,2026-06-14 10:55:34
TXN0000943,ACC100273,Bangalore-Whitefield,9058.36,withdrawal,2026-06-14 11:07:09
TXN0000975,ACC100612,Bangalore-Koramangala,7617.68,transfer,2026-06-14 11:25:42
TXN0000973,ACC100331,Pune-Kothrud,5814.08,withdrawal,2026-06-14 11:38:16
TXN0000950,ACC100614,Hyderabad-Banjara,8806.46,transfer,2026-06-14 11:47:47
TXN0000949,ACC100534,Bangalore-Koramangala,7926.38,withdrawal,2026-06-14 13:05:15
TXN0000933,ACC100100,Bangalore-Whitefield,5105.92,deposit,2026-06-14 13:48:42
TXN0000967,ACC100203,Mumbai-Andheri,9308.26,transfer,2026-06-14 14:09:05
TXN0000932,ACC100273,Hyderabad-Banjara,4816.06,withdrawal,2026-06-14 14:20:36
TXN0000964,ACC100327,Delhi-CP,2684.84,transfer,2026-06-14 14:20:51
TXN0000963,ACC100528,Bangalore-Koramangala,2038.39,transfer,2026-06-14 14:26:50
TXN0000952,ACC100603,Hyderabad-Banjara,1783.12,withdrawal,2026-06-14 14:30:43
TXN0000936,ACC100094,Bangalore-Koramangala,4173.14,withdrawal,2026-06-14 14:33:30
TXN0000928,ACC100028,Delhi-Saket,12162.35,deposit,2026-06-14 14:48:57
TXN0000960,ACC100102,Bangalore-Whitefield,5342.66,withdrawal,2026-06-14 14:52:35
TXN0000931,ACC100173,Hyderabad-Banjara,12964.19,deposit,2026-06-14 14:57:26
TXN0000919,ACC100150,Bangalore-Whitefield,7509.38,deposit,2026-06-14 15:08:01
TXN0000938,ACC100552,Mumbai-Andheri,7779.0,withdrawal,2026-06-14 15:35:11
TXN0000934,ACC100347,Hyderabad-Gachibowli,22061.55,deposit,2026-06-14 15:50:04
TXN0000939,ACC100019,Bangalore-Koramangala,7538.13,withdrawal,2026-06-14 15:52:47
TXN0000942,ACC100307,Chennai-TNagar,46889.82,withdrawal,2026-06-14 15:54:26
TXN0000947,ACC100616,Mumbai-Andheri,46387.06,deposit,2026-06-14 15:56:05
TXN0000921,ACC100334,Hyderabad-Gachibowli,1240.11,withdrawal,2026-06-14 16:49:31
TXN0000953,ACC100252,Pune-Kothrud,27704.93,transfer,2026-06-14 16:52:19
TXN0000959,ACC100798,Pune-Kothrud,12633.34,withdrawal,2026-06-14 16:56:58
TXN0000948,ACC100406,Pune-Kothrud,1767.79,transfer,2026-06-14 16:59:07
TXN0000954,ACC100021,Bangalore-Koramangala,11117.8,transfer,2026-06-14 17:03:44
TXN0000969,ACC100689,Delhi-CP,14196.18,deposit,2026-06-14 17:17:18
TXN0000937,ACC100437,Hyderabad-Gachibowli,4597.52,transfer,2026-06-14 17:27:42
TXN0000935,ACC100548,Hyderabad-Gachibowli,8645.46,deposit,2026-06-14 17:39:47
TXN0000924,ACC100385,Delhi-CP,9925.22,deposit,2026-06-14 17:56:45
TXN0000968,ACC100376,Hyderabad-Gachibowli,7934.98,withdrawal,2026-06-14 17:59:29
TXN0000946,ACC100659,Chennai-TNagar,396.64,transfer,2026-06-14 18:05:20
TXN0000930,ACC100253,Hyderabad-Gachibowli,10351.07,deposit,2026-06-14 18:07:21
TXN0000957,ACC100261,Mumbai-Andheri,4531.6,transfer,2026-06-14 18:10:58
TXN0000974,ACC100074,Hyderabad-Banjara,3599.14,deposit,2026-06-14 19:38:42
TXN0000940,ACC100478,Mumbai-Andheri,12806.34,withdrawal,2026-06-14 19:59:36
TXN0000965,ACC100288,Hyderabad-Gachibowli,13158.21,withdrawal,2026-06-14 20:56:36
TXN0000956,ACC100124,Delhi-Saket,217.2,deposit,2026-06-14 21:59:58
TXN0000971,ACC100693,Hyderabad-Gachibowli,528.72,deposit,2026-06-14 22:15:39
TXN0000927,ACC100269,Delhi-CP,5356.18,transfer,2026-06-14 22:20:03
TXN0000915,ACC100674,Bangalore-Koramangala,10456.05,deposit,2026-06-14 22:47:59
TXN0000916,ACC100172,Hyderabad-Banjara,8964.92,transfer,2026-06-14 23:07:14
TXN0000970,ACC100764,Delhi-CP,36002.9,deposit,2026-06-14 23:18:46
TXN0000944,ACC100196,Hyderabad-Banjara,7332.2,transfer,2026-06-14 23:27:41
TXN0000918,ACC100659,Pune-Kothrud,14257.07,withdrawal,2026-06-14 23:32:17
TXN0000984,ACC100279,Delhi-Saket,14970.27,withdrawal,2026-06-15 00:49:36
TXN0001007,ACC100551,Hyderabad-Gachibowli,7162.44,deposit,2026-06-15 01:10:57
TXN0001019,ACC100267,Mumbai-Bandra,13427.42,deposit,2026-06-15 02:04:21
TXN0001037,ACC100523,Delhi-Saket,2484.41,withdrawal,2026-06-15 02:50:34
TXN0000996,ACC100507,Delhi-CP,7076.47,withdrawal,2026-06-15 05:51:30
TXN0001005,ACC100691,Mumbai-Bandra,306.75,deposit,2026-06-15 07:01:44
TXN0000986,ACC100697,Pune-Kothrud,13944.31,deposit,2026-06-15 07:20:09
TXN0001016,ACC100689,Bangalore-Koramangala,14567.03,withdrawal,2026-06-15 08:13:18
TXN0000983,ACC100151,Hyderabad-Banjara,21322.92,deposit,2026-06-15 08:32:52
TXN0000994,ACC100576,Delhi-Saket,5586.72,deposit,2026-06-15 08:40:27
TXN0001001,ACC100321,Delhi-Saket,9394.77,withdrawal,2026-06-15 09:58:55
TXN0001035,ACC100353,Chennai-TNagar,3039.71,transfer,2026-06-15 10:02:34
TXN0001024,ACC100171,Bangalore-Koramangala,20496.14,transfer,2026-06-15 10:28:48
TXN0001010,ACC100425,Chennai-TNagar,8359.14,transfer,2026-06-15 10:31:25
TXN0001004,ACC100762,Delhi-Saket,14611.44,withdrawal,2026-06-15 10:43:44
TXN0001028,ACC100771,Bangalore-Whitefield,12046.35,withdrawal,2026-06-15 11:26:57
TXN0000998,ACC100048,Delhi-Saket,7708.71,transfer,2026-06-15 11:29:42
TXN0001000,ACC100677,Delhi-CP,774.35,transfer,2026-06-15 11:45:19
TXN0000978,ACC100130,Delhi-CP,5472.82,transfer,2026-06-15 11:57:56
TXN0000981,ACC100152,Hyderabad-Banjara,2536.97,deposit,2026-06-15 12:07:57
TXN0001013,ACC100484,Hyderabad-Banjara,6780.05,withdrawal,2026-06-15 12:10:18
TXN0001008,ACC100156,Bangalore-Whitefield,392.45,withdrawal,2026-06-15 12:15:12
TXN0001006,ACC100192,Chennai-TNagar,9781.12,deposit,2026-06-15 12:40:54
TXN0001029,ACC100469,Pune-Kothrud,14161.73,withdrawal,2026-06-15 12:49:00
TXN0000999,ACC100737,Delhi-Saket,1318.37,deposit,2026-06-15 13:07:47
TXN0000997,ACC100307,Hyderabad-Gachibowli,44453.83,deposit,2026-06-15 13:18:36
TXN0001038,ACC100606,Mumbai-Andheri,6398.91,transfer,2026-06-15 13:46:03
TXN0000982,ACC100506,Hyderabad-Banjara,7329.47,withdrawal,2026-06-15 13:54:46
TXN0001033,ACC100738,Bangalore-Whitefield,4268.73,transfer,2026-06-15 13:58:09
TXN0001017,ACC100707,Bangalore-Whitefield,3072.31,withdrawal,2026-06-15 14:06:50
TXN0001036,ACC100342,Mumbai-Bandra,33216.44,transfer,2026-06-15 14:13:05
TXN0001023,ACC100108,Bangalore-Whitefield,18565.38,withdrawal,2026-06-15 14:32:06
TXN0001031,ACC100062,Mumbai-Bandra,20283.32,deposit,2026-06-15 14:40:45
TXN0000995,ACC100095,Hyderabad-Banjara,3441.03,deposit,2026-06-15 15:09:59
TXN0001027,ACC100517,Hyderabad-Gachibowli,6283.63,deposit,2026-06-15 15:15:09
TXN0001002,ACC100191,Hyderabad-Gachibowli,166692.95,deposit,2026-06-15 15:27:34
TXN0001034,ACC100717,Mumbai-Bandra,36852.59,withdrawal,2026-06-15 15:28:44
TXN0000991,ACC100091,Hyderabad-Banjara,6095.7,deposit,2026-06-15 15:41:09
TXN0001009,ACC100301,Delhi-Saket,217.33,transfer,2026-06-15 15:45:27
TXN0001015,ACC100616,Chennai-TNagar,13259.28,transfer,2026-06-15 16:24:26
TXN0001021,ACC100787,Hyderabad-Banjara,2352.56,transfer,2026-06-15 16:32:38
TXN0001032,ACC100676,Chennai-TNagar,13298.16,transfer,2026-06-15 16:55:19
TXN0001003,ACC100018,Hyderabad-Banjara,7209.09,deposit,2026-06-15 16:55:42
TXN0000980,ACC100503,Bangalore-Whitefield,38009.68,deposit,2026-06-15 17:03:12
TXN0001025,ACC100518,Delhi-CP,5519.68,transfer,2026-06-15 17:07:54
TXN0001026,ACC100206,Delhi-CP,3755.21,withdrawal,2026-06-15 17:21:18
TXN0000989,ACC100582,Hyderabad-Banjara,4316.01,transfer,2026-06-15 17:47:04
TXN0000985,ACC100184,Mumbai-Bandra,10185.94,deposit,2026-06-15 18:01:18
TXN0001011,ACC100497,Delhi-CP,46677.56,transfer,2026-06-15 18:14:45
TXN0000993,ACC100367,Bangalore-Koramangala,7395.38,transfer,2026-06-15 18:30:17
TXN0000979,ACC100269,Bangalore-Koramangala,4763.85,transfer,2026-06-15 19:20:47
TXN0001014,ACC100743,Hyderabad-Gachibowli,3373.56,deposit,2026-06-15 19:21:58
TXN0001012,ACC100062,Delhi-CP,1046.31,withdrawal,2026-06-15 19:26:56
TXN0000992,ACC100123,Mumbai-Andheri,13833.33,transfer,2026-06-15 19:38:08
TXN0001039,ACC100381,Mumbai-Andheri,11372.74,withdrawal,2026-06-15 20:28:19
TXN0000987,ACC100029,Hyderabad-Banjara,6865.43,transfer,2026-06-15 20:38:42
TXN0000988,ACC100005,Mumbai-Andheri,6851.22,deposit,2026-06-15 20:46:58
TXN0001022,ACC100685,Hyderabad-Banjara,42964.54,deposit,2026-06-15 21:48:07
TXN0000990,ACC100560,Pune-Kothrud,2752.36,withdrawal,2026-06-15 21:55:25
TXN0001030,ACC100734,Bangalore-Whitefield,4790.59,transfer,2026-06-15 22:10:27
TXN0001018,ACC100425,Pune-Kothrud,8396.77,withdrawal,2026-06-15 23:22:56
TXN0001020,ACC100440,Hyderabad-Banjara,7346.84,deposit,2026-06-15 23:50:22
TXN0001057,ACC100054,Pune-Kothrud,7589.32,withdrawal,2026-06-16 01:42:59
TXN0001109,ACC100268,Bangalore-Koramangala,2760.27,deposit,2026-06-16 01:53:16
TXN0001048,ACC100121,Delhi-Saket,8619.29,withdrawal,2026-06-16 02:09:07
TXN0001080,ACC100310,Bangalore-Whitefield,485283.43,deposit,2026-06-16 02:31:57
TXN0001114,ACC100601,Hyderabad-Gachibowli,4982.44,withdrawal,2026-06-16 03:50:17
TXN0001093,ACC100034,Mumbai-Bandra,11761.43,transfer,2026-06-16 04:51:28
TXN0001069,ACC100475,Pune-Kothrud,2593.99,withdrawal,2026-06-16 04:58:30
TXN0001122,ACC100324,Mumbai-Andheri,4057.81,deposit,2026-06-16 05:57:05
TXN0001043,ACC100797,Mumbai-Bandra,12443.72,deposit,2026-06-16 06:03:27
TXN0001092,ACC100614,Bangalore-Koramangala,8726.12,transfer,2026-06-16 06:03:58
TXN0001115,ACC100129,Chennai-TNagar,22323.32,transfer,2026-06-16 06:30:50
TXN0001079,ACC100760,Hyderabad-Banjara,27523.74,deposit,2026-06-16 06:39:40
TXN0001053,ACC100471,Bangalore-Whitefield,10945.18,withdrawal,2026-06-16 06:39:42
TXN0001071,ACC100522,Mumbai-Andheri,1142.03,deposit,2026-06-16 06:44:07
TXN0001063,ACC100145,Mumbai-Bandra,12433.35,deposit,2026-06-16 07:12:15
TXN0001046,ACC100426,Bangalore-Whitefield,10696.14,deposit,2026-06-16 07:45:32
TXN0001074,ACC100349,Hyderabad-Gachibowli,13718.87,transfer,2026-06-16 07:59:00
TXN0001110,ACC100103,Hyderabad-Banjara,11832.47,withdrawal,2026-06-16 07:59:13
TXN0001078,ACC100786,Bangalore-Whitefield,5620.16,transfer,2026-06-16 08:00:14
TXN0001134,ACC100400,Pune-Kothrud,8063.91,deposit,2026-06-16 08:06:21
TXN0001049,ACC100380,Mumbai-Andheri,516.87,withdrawal,2026-06-16 08:50:37
TXN0001091,ACC100244,Pune-Kothrud,7843.16,transfer,2026-06-16 09:04:49
TXN0001090,ACC100442,Bangalore-Whitefield,5081.11,withdrawal,2026-06-16 09:06:30
TXN0001060,ACC100348,Delhi-CP,26108.39,withdrawal,2026-06-16 09:07:06
TXN0001106,ACC100492,Bangalore-Whitefield,11127.21,transfer,2026-06-16 09:11:52
TXN0001073,ACC100698,Pune-Kothrud,368489.34,withdrawal,2026-06-16 09:42:20
TXN0001124,ACC100073,Mumbai-Bandra,10159.1,withdrawal,2026-06-16 09:47:52
TXN0001101,ACC100377,Pune-Kothrud,2254.55,withdrawal,2026-06-16 09:52:53
TXN0001065,ACC100325,Delhi-CP,6171.66,withdrawal,2026-06-16 09:56:01
TXN0001118,ACC100274,Delhi-Saket,9781.09,withdrawal,2026-06-16 09:57:12
TXN0001062,ACC100173,Hyderabad-Banjara,10728.18,transfer,2026-06-16 10:06:20
TXN0001107,ACC100006,Mumbai-Bandra,1816.32,deposit,2026-06-16 10:12:40
TXN0001108,ACC100599,Chennai-TNagar,139605.29,withdrawal,2026-06-16 10:14:56
TXN0001100,ACC100366,Mumbai-Andheri,2296.4,transfer,2026-06-16 10:21:18
TXN0001126,ACC100757,Delhi-Saket,4299.49,deposit,2026-06-16 10:25:25
TXN0001061,ACC100554,Hyderabad-Gachibowli,1435.47,deposit,2026-06-16 10:26:43
TXN0001051,ACC100125,Delhi-Saket,7269.53,deposit,2026-06-16 10:28:57
TXN0001042,ACC100586,Bangalore-Koramangala,3789.74,transfer,2026-06-16 10:37:12
TXN0001096,ACC100464,Mumbai-Bandra,36673.07,transfer,2026-06-16 10:43:50
TXN0001129,ACC100739,Bangalore-Whitefield,12702.44,deposit,2026-06-16 11:44:26
TXN0001131,ACC100009,Delhi-CP,3459.81,withdrawal,2026-06-16 11:48:25
TXN0001121,ACC100042,Delhi-CP,7066.51,withdrawal,2026-06-16 11:51:31
TXN0001081,ACC100720,Bangalore-Koramangala,12334.74,deposit,2026-06-16 11:55:17
TXN0001068,ACC100172,Bangalore-Whitefield,13681.24,withdrawal,2026-06-16 12:00:52
TXN0001105,ACC100043,Delhi-CP,10428.99,transfer,2026-06-16 12:13:15
TXN0001086,ACC100330,Delhi-CP,10234.58,transfer,2026-06-16 12:23:33
TXN0001098,ACC100198,Chennai-TNagar,5395.33,deposit,2026-06-16 12:39:28
TXN0001099,ACC100190,Mumbai-Andheri,4743.84,transfer,2026-06-16 12:41:48
TXN0001104,ACC100579,Pune-Kothrud,2517.97,withdrawal,2026-06-16 12:50:58
TXN0001120,ACC100383,Mumbai-Andheri,4496.22,deposit,2026-06-16 13:14:37
TXN0001087,ACC100777,Hyderabad-Banjara,13784.03,transfer,2026-06-16 13:20:00
TXN0001072,ACC100143,Bangalore-Koramangala,22379.76,transfer,2026-06-16 13:51:20
TXN0001111,ACC100312,Delhi-CP,2653.26,withdrawal,2026-06-16 13:51:39
TXN0001076,ACC100780,Mumbai-Bandra,37794.33,deposit,2026-06-16 13:57:53
TXN0001059,ACC100454,Hyderabad-Banjara,8874.51,withdrawal,2026-06-16 13:59:01
TXN0001097,ACC100026,Delhi-CP,1630.08,deposit,2026-06-16 14:04:37
TXN0001083,ACC100179,Hyderabad-Banjara,3968.4,deposit,2026-06-16 14:14:56
TXN0001094,ACC100056,Mumbai-Andheri,10195.71,withdrawal,2026-06-16 14:18:54
TXN0001077,ACC100687,Delhi-CP,219369.4,deposit,2026-06-16 14:24:11
TXN0001044,ACC100133,Delhi-CP,7941.21,withdrawal,2026-06-16 14:33:49
TXN0001040,ACC100754,Hyderabad-Banjara,11211.8,deposit,2026-06-16 14:45:57
TXN0001119,ACC100462,Chennai-TNagar,13341.76,withdrawal,2026-06-16 14:59:53
TXN0001089,ACC100076,Chennai-TNagar,1036.38,deposit,2026-06-16 15:01:30
TXN0001066,ACC100275,Delhi-Saket,11468.38,withdrawal,2026-06-16 15:08:19
TXN0001135,ACC100583,Pune-Kothrud,2654.21,withdrawal,2026-06-16 15:11:02
TXN0001045,ACC100404,Chennai-TNagar,14948.03,withdrawal,2026-06-16 15:31:46
TXN0001056,ACC100316,Delhi-Saket,2967.16,deposit,2026-06-16 15:36:48
TXN0001070,ACC100279,Delhi-Saket,5336.13,transfer,2026-06-16 15:37:53
TXN0001082,ACC100582,Delhi-CP,11108.34,deposit,2026-06-16 15:38:36
TXN0001085,ACC100629,Mumbai-Andheri,14074.57,withdrawal,2026-06-16 15:41:03
TXN0001055,ACC100753,Mumbai-Andheri,469.58,deposit,2026-06-16 15:49:45
TXN0001041,ACC100642,Bangalore-Koramangala,4558.1,transfer,2026-06-16 15:52:45
TXN0001116,ACC100679,Bangalore-Koramangala,13248.09,deposit,2026-06-16 16:23:31
TXN0001117,ACC100531,Delhi-CP,10448.19,deposit,2026-06-16 16:31:30
TXN0001052,ACC100345,Bangalore-Whitefield,9125.07,withdrawal,2026-06-16 16:32:40
TXN0001088,ACC100401,Hyderabad-Gachibowli,478.04,deposit,2026-06-16 16:44:27
TXN0001103,ACC100349,Hyderabad-Gachibowli,7064.3,withdrawal,2026-06-16 16:54:37
TXN0001058,ACC100544,Hyderabad-Gachibowli,3754.77,deposit,2026-06-16 16:56:37
TXN0001112,ACC100444,Chennai-TNagar,13869.92,deposit,2026-06-16 17:12:34
TXN0001050,ACC100431,Hyderabad-Banjara,22545.35,transfer,2026-06-16 17:31:00
TXN0001095,ACC100390,Mumbai-Bandra,12982.28,withdrawal,2026-06-16 17:39:00
TXN0001128,ACC100233,Hyderabad-Gachibowli,7785.8,transfer,2026-06-16 17:48:29
TXN0001132,ACC100781,Bangalore-Whitefield,446.27,withdrawal,2026-06-16 17:59:08
TXN0001130,ACC100214,Delhi-CP,2170.36,transfer,2026-06-16 18:19:47
TXN0001123,ACC100301,Chennai-TNagar,11809.51,withdrawal,2026-06-16 19:06:07
TXN0001133,ACC100157,Pune-Kothrud,12007.27,transfer,2026-06-16 19:36:55
TXN0001075,ACC100623,Delhi-CP,6256.13,transfer,2026-06-16 19:45:31
TXN0001113,ACC100387,Bangalore-Koramangala,9578.53,deposit,2026-06-16 19:48:39
TXN0001102,ACC100572,Chennai-TNagar,3085.54,withdrawal,2026-06-16 19:50:04
TXN0001064,ACC100770,Delhi-Saket,7615.88,deposit,2026-06-16 20:17:03
TXN0001047,ACC100541,Hyderabad-Banjara,11222.79,deposit,2026-06-16 20:23:58
TXN0001127,ACC100593,Bangalore-Whitefield,14840.19,deposit,2026-06-16 20:55:25
TXN0001054,ACC100638,Mumbai-Bandra,8160.82,deposit,2026-06-16 20:56:28
TXN0001067,ACC100581,Mumbai-Bandra,3131.51,deposit,2026-06-16 21:23:34
TXN0001084,ACC100535,Bangalore-Koramangala,444.45,deposit,2026-06-16 21:43:34
TXN0001125,ACC100786,Bangalore-Koramangala,14970.14,deposit,2026-06-16 23:48:45
TXN0001213,ACC100586,Mumbai-Bandra,35192.09,transfer,2026-06-17 00:03:37
TXN0001140,ACC100317,Delhi-Saket,4204.07,withdrawal,2026-06-17 00:09:28
TXN0001201,ACC100676,Hyderabad-Gachibowli,43441.67,transfer,2026-06-17 01:23:55
TXN0001180,ACC100393,Delhi-CP,6190.94,withdrawal,2026-06-17 02:58:07
TXN0001207,ACC100771,Pune-Kothrud,14901.09,withdrawal,2026-06-17 02:59:59
TXN0001163,ACC100650,Bangalore-Whitefield,349866.77,withdrawal,2026-06-17 04:01:38
TXN0001156,ACC100431,Hyderabad-Banjara,10231.4,deposit,2026-06-17 04:56:06
TXN0001228,ACC100607,Delhi-CP,3750.51,deposit,2026-06-17 07:25:31
TXN0001198,ACC100408,Mumbai-Bandra,5020.8,deposit,2026-06-17 07:29:55
TXN0001199,ACC100715,Mumbai-Bandra,15898.81,transfer,2026-06-17 07:33:17
TXN0001195,ACC100272,Bangalore-Whitefield,14815.52,deposit,2026-06-17 07:33:50
TXN0001178,ACC100492,Hyderabad-Banjara,2405.39,deposit,2026-06-17 08:00:55
TXN0001171,ACC100066,Chennai-TNagar,9552.07,deposit,2026-06-17 08:13:08
TXN0001147,ACC100078,Bangalore-Whitefield,6210.43,withdrawal,2026-06-17 08:13:32
TXN0001216,ACC100148,Bangalore-Whitefield,10231.72,deposit,2026-06-17 08:18:09
TXN0001186,ACC100600,Pune-Kothrud,45660.22,deposit,2026-06-17 08:27:16
TXN0001170,ACC100703,Bangalore-Koramangala,33251.52,deposit,2026-06-17 08:40:00
TXN0001155,ACC100049,Bangalore-Whitefield,28112.56,transfer,2026-06-17 09:05:01
TXN0001158,ACC100194,Bangalore-Koramangala,6475.42,transfer,2026-06-17 09:06:22
TXN0001161,ACC100104,Bangalore-Koramangala,34922.18,transfer,2026-06-17 09:06:38
TXN0001206,ACC100478,Hyderabad-Gachibowli,9973.37,withdrawal,2026-06-17 09:13:10
TXN0001173,ACC100478,Mumbai-Andheri,2728.89,transfer,2026-06-17 09:18:36
TXN0001136,ACC100500,Hyderabad-Banjara,28506.29,deposit,2026-06-17 09:18:42
TXN0001177,ACC100156,Delhi-Saket,4657.12,deposit,2026-06-17 09:35:38
TXN0001184,ACC100681,Bangalore-Koramangala,10247.89,deposit,2026-06-17 09:38:37
TXN0001167,ACC100742,Delhi-Saket,4997.48,transfer,2026-06-17 09:41:50
TXN0001193,ACC100451,Bangalore-Koramangala,20814.41,withdrawal,2026-06-17 10:24:07
TXN0001187,ACC100708,Mumbai-Andheri,5803.55,transfer,2026-06-17 10:26:48
TXN0001151,ACC100285,Chennai-TNagar,1597.68,deposit,2026-06-17 10:34:47
TXN0001157,ACC100680,Hyderabad-Gachibowli,1704.49,deposit,2026-06-17 10:35:40
TXN0001160,ACC100285,Bangalore-Koramangala,3356.56,withdrawal,2026-06-17 10:38:31
TXN0001217,ACC100764,Bangalore-Koramangala,9023.32,transfer,2026-06-17 10:44:07
TXN0001149,ACC100199,Mumbai-Bandra,13765.34,deposit,2026-06-17 10:47:29
TXN0001145,ACC100044,Hyderabad-Gachibowli,9458.44,transfer,2026-06-17 10:58:04
TXN0001190,ACC100071,Bangalore-Whitefield,4396.27,withdrawal,2026-06-17 11:11:23
TXN0001143,ACC100728,Bangalore-Whitefield,12762.67,withdrawal,2026-06-17 11:11:57
TXN0001221,ACC100675,Chennai-TNagar,5945.06,deposit,2026-06-17 11:30:22
TXN0001210,ACC100229,Pune-Kothrud,9695.4,transfer,2026-06-17 11:45:47
TXN0001179,ACC100512,Bangalore-Whitefield,6295.72,withdrawal,2026-06-17 11:47:23
TXN0001148,ACC100045,Delhi-CP,11271.07,deposit,2026-06-17 11:47:25
TXN0001138,ACC100160,Pune-Kothrud,11172.83,deposit,2026-06-17 11:57:55
TXN0001159,ACC100331,Hyderabad-Gachibowli,5898.88,withdrawal,2026-06-17 12:04:42
TXN0001152,ACC100400,Hyderabad-Gachibowli,4171.46,withdrawal,2026-06-17 12:11:13
TXN0001211,ACC100753,Bangalore-Koramangala,14497.1,withdrawal,2026-06-17 12:14:14
TXN0001150,ACC100496,Delhi-CP,10732.36,deposit,2026-06-17 12:30:52
TXN0001154,ACC100656,Bangalore-Koramangala,10386.17,withdrawal,2026-06-17 12:38:00
TXN0001139,ACC100211,Hyderabad-Banjara,10674.11,deposit,2026-06-17 12:38:36
TXN0001142,ACC100473,Delhi-Saket,13226.81,transfer,2026-06-17 12:44:53
TXN0001202,ACC100046,Pune-Kothrud,3580.02,transfer,2026-06-17 12:47:39
TXN0001196,ACC100007,Mumbai-Bandra,24304.25,withdrawal,2026-06-17 12:48:21
TXN0001191,ACC100190,Bangalore-Koramangala,14232.4,deposit,2026-06-17 12:52:13
TXN0001224,ACC100726,Mumbai-Andheri,6684.07,withdrawal,2026-06-17 12:57:09
TXN0001208,ACC100334,Chennai-TNagar,3938.67,transfer,2026-06-17 12:57:42
TXN0001231,ACC100011,Hyderabad-Banjara,10065.0,deposit,2026-06-17 13:01:37
TXN0001172,ACC100093,Hyderabad-Gachibowli,3145.16,withdrawal,2026-06-17 13:27:46
TXN0001215,ACC100129,Delhi-CP,5990.15,withdrawal,2026-06-17 13:29:20
TXN0001204,ACC100102,Bangalore-Whitefield,2233.11,deposit,2026-06-17 13:36:50
TXN0001218,ACC100280,Pune-Kothrud,12447.44,transfer,2026-06-17 13:45:24
TXN0001232,ACC100586,Pune-Kothrud,1508.84,withdrawal,2026-06-17 14:24:30
TXN0001144,ACC100632,Bangalore-Whitefield,21420.55,withdrawal,2026-06-17 14:25:44
TXN0001141,ACC100065,Bangalore-Whitefield,5000.48,withdrawal,2026-06-17 14:31:29
TXN0001226,ACC100694,Bangalore-Whitefield,14742.24,transfer,2026-06-17 15:10:59
TXN0001169,ACC100750,Mumbai-Andheri,13608.82,deposit,2026-06-17 15:15:51
TXN0001166,ACC100061,Hyderabad-Gachibowli,5698.64,withdrawal,2026-06-17 15:15:59
TXN0001230,ACC100674,Hyderabad-Banjara,5793.3,withdrawal,2026-06-17 15:28:23
TXN0001205,ACC100733,Delhi-CP,4590.09,deposit,2026-06-17 15:35:55
TXN0001203,ACC100083,Mumbai-Bandra,31664.27,transfer,2026-06-17 15:44:57
TXN0001182,ACC100356,Delhi-CP,10477.19,withdrawal,2026-06-17 15:59:27
TXN0001194,ACC100283,Hyderabad-Banjara,7329.4,deposit,2026-06-17 16:00:03
TXN0001164,ACC100599,Delhi-CP,7600.96,withdrawal,2026-06-17 16:00:14
TXN0001183,ACC100753,Mumbai-Andheri,27649.5,withdrawal,2026-06-17 16:01:44
TXN0001146,ACC100714,Bangalore-Koramangala,29394.74,transfer,2026-06-17 16:07:23
TXN0001168,ACC100778,Hyderabad-Banjara,12209.39,transfer,2026-06-17 16:14:54
TXN0001220,ACC100717,Bangalore-Whitefield,12866.0,transfer,2026-06-17 16:19:52
TXN0001162,ACC100332,Pune-Kothrud,14588.27,withdrawal,2026-06-17 16:21:11
TXN0001225,ACC100214,Hyderabad-Gachibowli,236.07,transfer,2026-06-17 16:36:06
TXN0001165,ACC100021,Bangalore-Koramangala,11094.91,transfer,2026-06-17 16:39:05
TXN0001229,ACC100309,Bangalore-Koramangala,5693.04,transfer,2026-06-17 16:50:42
TXN0001219,ACC100060,Pune-Kothrud,3238.13,deposit,2026-06-17 16:51:14
TXN0001175,ACC100386,Hyderabad-Gachibowli,11050.43,withdrawal,2026-06-17 16:52:50
TXN0001233,ACC100660,Bangalore-Koramangala,4945.91,deposit,2026-06-17 16:55:50
TXN0001189,ACC100214,Pune-Kothrud,14806.68,withdrawal,2026-06-17 17:00:06
TXN0001188,ACC100745,Chennai-TNagar,11983.26,deposit,2026-06-17 17:17:47
TXN0001209,ACC100126,Bangalore-Koramangala,7430.19,transfer,2026-06-17 17:21:55
TXN0001197,ACC100618,Mumbai-Bandra,49980.58,withdrawal,2026-06-17 17:23:42
TXN0001181,ACC100394,Pune-Kothrud,14360.74,deposit,2026-06-17 17:48:46
TXN0001153,ACC100731,Hyderabad-Banjara,10481.46,withdrawal,2026-06-17 17:51:33
TXN0001223,ACC100561,Mumbai-Bandra,8747.72,deposit,2026-06-17 17:54:59
TXN0001214,ACC100548,Hyderabad-Gachibowli,11592.09,withdrawal,2026-06-17 17:59:50
TXN0001137,ACC100536,Hyderabad-Banjara,2660.2,deposit,2026-06-17 18:26:25
TXN0001200,ACC100716,Bangalore-Whitefield,10324.15,deposit,2026-06-17 18:32:26
TXN0001185,ACC100678,Chennai-TNagar,9701.52,deposit,2026-06-17 19:25:45
TXN0001176,ACC100493,Hyderabad-Banjara,41560.04,withdrawal,2026-06-17 19:38:34
TXN0001222,ACC100775,Mumbai-Bandra,4307.22,deposit,2026-06-17 19:44:54
TXN0001174,ACC100459,Pune-Kothrud,31840.97,deposit,2026-06-17 20:23:25
TXN0001212,ACC100265,Hyderabad-Banjara,11134.66,deposit,2026-06-17 20:47:07
TXN0001227,ACC100057,Hyderabad-Banjara,881.83,transfer,2026-06-17 22:41:21
TXN0001192,ACC100190,Hyderabad-Gachibowli,2959.08,transfer,2026-06-17 22:55:26
TXN0001327,ACC100764,Hyderabad-Gachibowli,5724.17,transfer,2026-06-18 01:27:23
TXN0001284,ACC100258,Pune-Kothrud,1543.62,withdrawal,2026-06-18 01:35:49
TXN0001271,ACC100194,Mumbai-Andheri,5035.08,deposit,2026-06-18 02:42:12
TXN0001282,ACC100372,Mumbai-Andheri,4865.63,withdrawal,2026-06-18 03:02:00
TXN0001281,ACC100236,Hyderabad-Gachibowli,6463.39,withdrawal,2026-06-18 03:07:17
TXN0001250,ACC100717,Delhi-Saket,1576.09,deposit,2026-06-18 03:20:48
TXN0001262,ACC100230,Hyderabad-Gachibowli,5364.04,withdrawal,2026-06-18 03:31:24
TXN0001319,ACC100151,Mumbai-Bandra,7228.64,transfer,2026-06-18 04:36:27
TXN0001299,ACC100270,Bangalore-Koramangala,4937.06,withdrawal,2026-06-18 04:52:00
TXN0001256,ACC100089,Pune-Kothrud,1443.09,withdrawal,2026-06-18 05:46:15
TXN0001267,ACC100739,Hyderabad-Gachibowli,7431.49,withdrawal,2026-06-18 06:32:57
TXN0001307,ACC100744,Bangalore-Whitefield,5821.46,deposit,2026-06-18 07:00:48
TXN0001311,ACC100556,Bangalore-Koramangala,12391.38,withdrawal,2026-06-18 07:18:06
TXN0001266,ACC100499,Hyderabad-Banjara,4545.42,deposit,2026-06-18 07:22:56
TXN0001269,ACC100383,Mumbai-Andheri,12192.0,withdrawal,2026-06-18 07:28:42
TXN0001306,ACC100146,Hyderabad-Banjara,48963.49,deposit,2026-06-18 07:33:08
TXN0001235,ACC100065,Delhi-CP,11872.01,withdrawal,2026-06-18 07:48:13
TXN0001252,ACC100412,Delhi-CP,7752.12,deposit,2026-06-18 08:08:09
TXN0001303,ACC100770,Mumbai-Bandra,6565.16,withdrawal,2026-06-18 08:30:05
TXN0001321,ACC100434,Delhi-CP,9585.4,transfer,2026-06-18 08:41:58
TXN0001278,ACC100723,Bangalore-Whitefield,9205.4,deposit,2026-06-18 08:54:37
TXN0001314,ACC100115,Delhi-CP,14351.35,transfer,2026-06-18 09:04:39
TXN0001291,ACC100429,Delhi-CP,2587.33,transfer,2026-06-18 09:08:18
TXN0001326,ACC100147,Chennai-TNagar,29737.69,withdrawal,2026-06-18 09:14:03
TXN0001312,ACC100523,Chennai-TNagar,3442.26,withdrawal,2026-06-18 09:24:09
TXN0001268,ACC100157,Mumbai-Bandra,11564.77,transfer,2026-06-18 09:30:25
TXN0001301,ACC100799,Delhi-Saket,14190.28,transfer,2026-06-18 09:40:40
TXN0001255,ACC100282,Pune-Kothrud,13864.8,withdrawal,2026-06-18 09:40:54
TXN0001295,ACC100525,Delhi-CP,4620.81,transfer,2026-06-18 09:45:17
TXN0001237,ACC100125,Hyderabad-Banjara,1408.53,withdrawal,2026-06-18 09:48:02
TXN0001247,ACC100416,Hyderabad-Banjara,5069.41,withdrawal,2026-06-18 09:55:51
TXN0001274,ACC100398,Hyderabad-Gachibowli,1979.24,transfer,2026-06-18 10:00:49
TXN0001241,ACC100704,Hyderabad-Banjara,2902.3,transfer,2026-06-18 10:53:13
TXN0001245,ACC100731,Mumbai-Bandra,9113.68,withdrawal,2026-06-18 11:09:20
TXN0001320,ACC100744,Mumbai-Andheri,131842.55,deposit,2026-06-18 11:20:31
TXN0001238,ACC100086,Pune-Kothrud,8211.96,withdrawal,2026-06-18 11:42:00
TXN0001253,ACC100387,Delhi-Saket,37371.77,deposit,2026-06-18 11:49:15
TXN0001293,ACC100545,Chennai-TNagar,11285.84,transfer,2026-06-18 11:49:24
TXN0001324,ACC100240,Mumbai-Bandra,27683.95,deposit,2026-06-18 12:08:58
TXN0001310,ACC100491,Bangalore-Whitefield,4680.04,transfer,2026-06-18 12:15:03
TXN0001322,ACC100251,Mumbai-Bandra,7439.76,withdrawal,2026-06-18 13:14:24
TXN0001285,ACC100133,Mumbai-Andheri,11704.24,transfer,2026-06-18 13:23:15
TXN0001249,ACC100126,Hyderabad-Gachibowli,12338.01,transfer,2026-06-18 13:33:22
TXN0001246,ACC100444,Mumbai-Bandra,4124.87,transfer,2026-06-18 13:43:35
TXN0001272,ACC100490,Pune-Kothrud,7387.11,transfer,2026-06-18 13:43:45
TXN0001280,ACC100436,Hyderabad-Banjara,28312.34,deposit,2026-06-18 13:44:40
TXN0001304,ACC100507,Hyderabad-Gachibowli,21610.1,deposit,2026-06-18 13:46:11
TXN0001263,ACC100174,Mumbai-Bandra,23741.78,deposit,2026-06-18 13:49:54
TXN0001257,ACC100095,Hyderabad-Gachibowli,8356.98,deposit,2026-06-18 13:55:00
TXN0001300,ACC100364,Hyderabad-Gachibowli,14576.91,transfer,2026-06-18 13:55:49
TXN0001294,ACC100410,Delhi-Saket,8621.28,deposit,2026-06-18 14:00:56
TXN0001315,ACC100341,Hyderabad-Banjara,46345.53,transfer,2026-06-18 14:11:27
TXN0001283,ACC100053,Bangalore-Koramangala,4274.37,deposit,2026-06-18 14:27:11
TXN0001240,ACC100590,Delhi-CP,49887.9,deposit,2026-06-18 14:32:13
TXN0001236,ACC100674,Chennai-TNagar,2781.07,deposit,2026-06-18 14:51:20
TXN0001302,ACC100618,Delhi-Saket,4105.02,transfer,2026-06-18 14:51:54
TXN0001251,ACC100398,Hyderabad-Gachibowli,11852.34,transfer,2026-06-18 14:56:54
TXN0001242,ACC100137,Delhi-Saket,2014.53,deposit,2026-06-18 15:04:35
TXN0001305,ACC100663,Mumbai-Andheri,43612.47,deposit,2026-06-18 15:12:04
TXN0001264,ACC100120,Mumbai-Andheri,133.29,withdrawal,2026-06-18 15:25:13
TXN0001239,ACC100254,Mumbai-Andheri,11763.75,transfer,2026-06-18 15:28:08
TXN0001286,ACC100665,Mumbai-Andheri,1684.85,withdrawal,2026-06-18 15:38:07
TXN0001316,ACC100543,Mumbai-Andheri,13407.45,deposit,2026-06-18 15:39:52
TXN0001244,ACC100711,Hyderabad-Gachibowli,4114.06,deposit,2026-06-18 15:41:12
TXN0001258,ACC100434,Bangalore-Koramangala,7517.3,transfer,2026-06-18 15:43:56
TXN0001296,ACC100565,Hyderabad-Banjara,4448.47,deposit,2026-06-18 15:56:17
TXN0001276,ACC100296,Mumbai-Andheri,9302.44,deposit,2026-06-18 16:11:15
TXN0001309,ACC100009,Pune-Kothrud,5142.01,deposit,2026-06-18 16:12:08
TXN0001275,ACC100700,Hyderabad-Gachibowli,14648.93,withdrawal,2026-06-18 16:27:30
TXN0001288,ACC100076,Pune-Kothrud,7165.56,withdrawal,2026-06-18 16:34:46
TXN0001323,ACC100085,Delhi-Saket,10433.13,withdrawal,2026-06-18 16:44:05
TXN0001259,ACC100545,Bangalore-Koramangala,13672.21,withdrawal,2026-06-18 16:45:27
TXN0001287,ACC100042,Delhi-Saket,2937.46,transfer,2026-06-18 16:59:06
TXN0001318,ACC100728,Bangalore-Whitefield,49231.73,transfer,2026-06-18 17:09:20
TXN0001277,ACC100287,Bangalore-Whitefield,161309.47,transfer,2026-06-18 17:12:30
TXN0001325,ACC100112,Hyderabad-Banjara,13014.91,deposit,2026-06-18 17:18:29
TXN0001292,ACC100046,Pune-Kothrud,135585.91,deposit,2026-06-18 17:31:43
TXN0001254,ACC100694,Delhi-Saket,14795.07,transfer,2026-06-18 17:32:18
TXN0001234,ACC100189,Mumbai-Bandra,12280.2,transfer,2026-06-18 17:33:31
TXN0001297,ACC100136,Mumbai-Andheri,3810.22,transfer,2026-06-18 17:34:07
TXN0001270,ACC100449,Hyderabad-Gachibowli,5452.63,withdrawal,2026-06-18 18:12:07
TXN0001261,ACC100700,Delhi-Saket,38608.28,withdrawal,2026-06-18 18:33:57
TXN0001313,ACC100361,Bangalore-Koramangala,28466.03,deposit,2026-06-18 18:52:57
TXN0001289,ACC100157,Hyderabad-Banjara,3862.63,deposit,2026-06-18 18:54:54
TXN0001290,ACC100573,Pune-Kothrud,10788.16,transfer,2026-06-18 19:04:30
TXN0001273,ACC100130,Mumbai-Andheri,32565.05,transfer,2026-06-18 19:53:52
TXN0001260,ACC100719,Delhi-Saket,347528.35,deposit,2026-06-18 19:56:33
TXN0001308,ACC100659,Pune-Kothrud,4088.08,deposit,2026-06-18 20:38:00
TXN0001243,ACC100261,Mumbai-Andheri,6895.41,withdrawal,2026-06-18 20:43:27
TXN0001248,ACC100231,Mumbai-Andheri,150001.51,deposit,2026-06-18 20:50:59
TXN0001317,ACC100293,Mumbai-Bandra,38160.61,deposit,2026-06-18 20:51:58
TXN0001298,ACC100001,Bangalore-Koramangala,196052.84,withdrawal,2026-06-18 20:56:35
TXN0001265,ACC100312,Pune-Kothrud,13411.93,transfer,2026-06-18 20:57:39
TXN0001279,ACC100644,Bangalore-Koramangala,671.66,deposit,2026-06-18 23:59:09
TXN0001366,ACC100324,Hyderabad-Banjara,7858.31,transfer,2026-06-19 00:28:53
TXN0001331,ACC100660,Bangalore-Koramangala,13229.24,deposit,2026-06-19 02:48:11
TXN0001350,ACC100452,Bangalore-Koramangala,8574.13,deposit,2026-06-19 02:54:18
TXN0001348,ACC100089,Delhi-CP,4504.56,withdrawal,2026-06-19 05:36:23
TXN0001343,ACC100038,Mumbai-Andheri,13289.54,deposit,2026-06-19 06:45:14
TXN0001361,ACC100429,Delhi-CP,12475.18,withdrawal,2026-06-19 06:57:27
TXN0001333,ACC100264,Chennai-TNagar,6412.69,withdrawal,2026-06-19 08:05:33
TXN0001337,ACC100079,Mumbai-Bandra,3669.0,transfer,2026-06-19 08:06:04
TXN0001336,ACC100414,Bangalore-Whitefield,9735.04,deposit,2026-06-19 08:06:06
TXN0001353,ACC100659,Hyderabad-Banjara,8455.93,transfer,2026-06-19 08:06:18
TXN0001355,ACC100477,Delhi-CP,1725.87,withdrawal,2026-06-19 08:06:58
TXN0001328,ACC100718,Hyderabad-Banjara,8949.49,withdrawal,2026-06-19 08:09:23
TXN0001329,ACC100144,Hyderabad-Banjara,12224.3,deposit,2026-06-19 08:11:30
TXN0001380,ACC100174,Pune-Kothrud,14605.01,transfer,2026-06-19 08:41:25
TXN0001388,ACC100105,Hyderabad-Banjara,2213.35,transfer,2026-06-19 09:11:05
TXN0001334,ACC100386,Pune-Kothrud,9323.75,deposit,2026-06-19 09:11:52
TXN0001377,ACC100758,Mumbai-Bandra,7662.66,transfer,2026-06-19 09:42:16
TXN0001386,ACC100191,Hyderabad-Gachibowli,8077.72,transfer,2026-06-19 09:49:51
TXN0001345,ACC100623,Bangalore-Koramangala,11801.74,transfer,2026-06-19 10:23:39
TXN0001360,ACC100258,Bangalore-Koramangala,6135.52,deposit,2026-06-19 10:45:28
TXN0001341,ACC100769,Mumbai-Bandra,10152.83,withdrawal,2026-06-19 10:57:47
TXN0001340,ACC100095,Pune-Kothrud,4307.79,deposit,2026-06-19 11:12:20
TXN0001375,ACC100683,Mumbai-Andheri,6873.99,withdrawal,2026-06-19 11:12:54
TXN0001342,ACC100515,Hyderabad-Banjara,8848.92,transfer,2026-06-19 11:37:55
TXN0001339,ACC100275,Hyderabad-Banjara,14798.76,withdrawal,2026-06-19 12:03:20
TXN0001354,ACC100384,Hyderabad-Gachibowli,5884.52,withdrawal,2026-06-19 12:05:22
TXN0001349,ACC100361,Hyderabad-Banjara,3943.37,deposit,2026-06-19 12:16:48
TXN0001362,ACC100350,Pune-Kothrud,14134.93,deposit,2026-06-19 12:34:44
TXN0001335,ACC100763,Pune-Kothrud,10417.16,withdrawal,2026-06-19 12:41:41
TXN0001332,ACC100515,Hyderabad-Gachibowli,14228.81,withdrawal,2026-06-19 12:45:53
TXN0001389,ACC100079,Delhi-CP,5922.92,withdrawal,2026-06-19 13:01:26
TXN0001351,ACC100410,Mumbai-Bandra,6668.33,withdrawal,2026-06-19 13:39:20
TXN0001382,ACC100325,Delhi-CP,12037.46,withdrawal,2026-06-19 13:40:36
TXN0001374,ACC100508,Bangalore-Whitefield,9539.52,withdrawal,2026-06-19 13:51:02
TXN0001370,ACC100511,Bangalore-Koramangala,5347.95,withdrawal,2026-06-19 14:33:48
TXN0001371,ACC100343,Hyderabad-Banjara,2735.74,deposit,2026-06-19 14:34:27
TXN0001338,ACC100216,Delhi-Saket,8320.2,transfer,2026-06-19 15:02:15
TXN0001373,ACC100101,Pune-Kothrud,9779.41,transfer,2026-06-19 15:26:06
TXN0001384,ACC100095,Hyderabad-Banjara,2380.42,deposit,2026-06-19 15:34:58
TXN0001387,ACC100387,Bangalore-Whitefield,14031.14,withdrawal,2026-06-19 15:40:37
TXN0001385,ACC100080,Delhi-Saket,14752.87,deposit,2026-06-19 15:49:22
TXN0001364,ACC100611,Hyderabad-Gachibowli,2254.8,transfer,2026-06-19 15:52:46
TXN0001367,ACC100128,Bangalore-Koramangala,643.64,withdrawal,2026-06-19 16:12:26
TXN0001347,ACC100156,Delhi-Saket,322.63,transfer,2026-06-19 16:19:35
TXN0001379,ACC100015,Hyderabad-Banjara,7832.55,transfer,2026-06-19 16:20:21
TXN0001359,ACC100440,Pune-Kothrud,441.85,deposit,2026-06-19 16:27:17
TXN0001330,ACC100761,Hyderabad-Gachibowli,31456.46,withdrawal,2026-06-19 16:28:50
TXN0001372,ACC100390,Mumbai-Andheri,9548.2,withdrawal,2026-06-19 16:59:57
TXN0001369,ACC100014,Mumbai-Bandra,4673.78,withdrawal,2026-06-19 17:07:44
TXN0001363,ACC100164,Pune-Kothrud,34961.09,withdrawal,2026-06-19 17:35:50
TXN0001390,ACC100075,Delhi-CP,6356.62,withdrawal,2026-06-19 18:40:58
TXN0001378,ACC100314,Chennai-TNagar,3699.16,transfer,2026-06-19 19:26:02
TXN0001376,ACC100480,Pune-Kothrud,7012.81,withdrawal,2026-06-19 19:41:45
TXN0001357,ACC100719,Bangalore-Whitefield,8221.71,deposit,2026-06-19 20:09:40
TXN0001383,ACC100401,Chennai-TNagar,8338.29,withdrawal,2026-06-19 20:13:05
TXN0001358,ACC100218,Mumbai-Andheri,5766.24,deposit,2026-06-19 20:23:50
TXN0001365,ACC100760,Bangalore-Whitefield,13457.87,transfer,2026-06-19 20:31:55
TXN0001368,ACC100713,Delhi-Saket,5286.47,deposit,2026-06-19 20:43:36
TXN0001344,ACC100220,Bangalore-Whitefield,2499.6,withdrawal,2026-06-19 21:33:46
TXN0001381,ACC100052,Bangalore-Whitefield,9580.48,withdrawal,2026-06-19 22:11:25
TXN0001352,ACC100382,Hyderabad-Banjara,13173.39,withdrawal,2026-06-19 23:02:39
TXN0001356,ACC100406,Bangalore-Whitefield,4827.54,deposit,2026-06-19 23:31:13
TXN0001346,ACC100441,Hyderabad-Banjara,3662.75,transfer,2026-06-19 23:38:04
TXN0001447,ACC100041,Hyderabad-Gachibowli,7376.66,transfer,2026-06-20 00:22:42
TXN0001414,ACC100053,Mumbai-Andheri,14212.46,transfer,2026-06-20 05:21:44
TXN0001441,ACC100250,Delhi-Saket,3173.98,withdrawal,2026-06-20 06:58:24
TXN0001436,ACC100017,Delhi-Saket,7926.51,transfer,2026-06-20 08:09:49
TXN0001427,ACC100664,Mumbai-Bandra,2922.8,transfer,2026-06-20 08:17:33
TXN0001406,ACC100505,Delhi-CP,1948.98,transfer,2026-06-20 08:20:37
TXN0001440,ACC100655,Hyderabad-Banjara,38077.84,transfer,2026-06-20 08:31:01
TXN0001392,ACC100351,Pune-Kothrud,8242.59,withdrawal,2026-06-20 08:47:16
TXN0001396,ACC100507,Delhi-CP,23753.26,transfer,2026-06-20 08:54:56
TXN0001393,ACC100124,Hyderabad-Gachibowli,7725.0,deposit,2026-06-20 08:55:23
TXN0001426,ACC100217,Hyderabad-Gachibowli,892.04,withdrawal,2026-06-20 09:06:03
TXN0001439,ACC100793,Bangalore-Koramangala,7316.89,transfer,2026-06-20 09:33:46
TXN0001420,ACC100686,Hyderabad-Gachibowli,1657.57,transfer,2026-06-20 09:37:48
TXN0001417,ACC100125,Delhi-CP,7402.55,deposit,2026-06-20 09:49:46
TXN0001429,ACC100054,Chennai-TNagar,8028.76,withdrawal,2026-06-20 09:56:39
TXN0001431,ACC100210,Hyderabad-Gachibowli,10617.21,deposit,2026-06-20 10:00:06
TXN0001401,ACC100407,Hyderabad-Banjara,11884.36,deposit,2026-06-20 10:04:13
TXN0001405,ACC100587,Chennai-TNagar,4834.97,withdrawal,2026-06-20 10:12:03
TXN0001409,ACC100660,Hyderabad-Banjara,6284.68,withdrawal,2026-06-20 10:20:48
TXN0001437,ACC100096,Hyderabad-Banjara,7410.86,transfer,2026-06-20 10:34:16
TXN0001395,ACC100280,Delhi-CP,8317.31,transfer,2026-06-20 10:47:51
TXN0001397,ACC100734,Mumbai-Andheri,11520.09,withdrawal,2026-06-20 10:50:13
TXN0001443,ACC100179,Mumbai-Andheri,28685.92,withdrawal,2026-06-20 11:17:19
TXN0001416,ACC100326,Chennai-TNagar,48804.27,transfer,2026-06-20 11:28:42
TXN0001403,ACC100218,Delhi-CP,34657.42,transfer,2026-06-20 11:38:13
TXN0001410,ACC100354,Mumbai-Bandra,9223.58,withdrawal,2026-06-20 11:44:29
TXN0001435,ACC100608,Mumbai-Bandra,13110.96,withdrawal,2026-06-20 12:02:52
TXN0001445,ACC100355,Mumbai-Andheri,10314.35,transfer,2026-06-20 12:09:33
TXN0001444,ACC100195,Hyderabad-Banjara,9224.27,withdrawal,2026-06-20 12:29:36
TXN0001419,ACC100675,Bangalore-Koramangala,1219.65,transfer,2026-06-20 13:13:00
TXN0001448,ACC100000,Hyderabad-Banjara,42484.22,deposit,2026-06-20 13:49:35
TXN0001407,ACC100392,Hyderabad-Gachibowli,11771.25,deposit,2026-06-20 14:00:58
TXN0001391,ACC100164,Hyderabad-Gachibowli,8552.68,deposit,2026-06-20 14:02:07
TXN0001415,ACC100627,Bangalore-Whitefield,13880.39,withdrawal,2026-06-20 14:07:08
TXN0001425,ACC100029,Delhi-CP,1863.06,withdrawal,2026-06-20 14:22:27
TXN0001418,ACC100494,Hyderabad-Gachibowli,1333.63,deposit,2026-06-20 14:55:15
TXN0001411,ACC100505,Chennai-TNagar,5671.2,transfer,2026-06-20 15:01:14
TXN0001402,ACC100672,Mumbai-Bandra,243.53,deposit,2026-06-20 15:45:21
TXN0001434,ACC100438,Mumbai-Andheri,1246.96,deposit,2026-06-20 15:54:00
TXN0001421,ACC100540,Delhi-CP,39797.93,deposit,2026-06-20 15:54:32
TXN0001394,ACC100117,Chennai-TNagar,1343.3,deposit,2026-06-20 16:08:17
TXN0001412,ACC100048,Bangalore-Whitefield,437624.95,deposit,2026-06-20 16:14:10
TXN0001438,ACC100679,Delhi-CP,5354.13,withdrawal,2026-06-20 16:57:33
TXN0001446,ACC100296,Bangalore-Koramangala,4395.07,withdrawal,2026-06-20 17:00:29
TXN0001399,ACC100621,Mumbai-Bandra,13478.63,deposit,2026-06-20 17:28:10
TXN0001398,ACC100739,Delhi-CP,11231.48,transfer,2026-06-20 17:39:06
TXN0001404,ACC100539,Hyderabad-Gachibowli,14199.44,withdrawal,2026-06-20 17:42:04
TXN0001430,ACC100716,Bangalore-Koramangala,11035.47,withdrawal,2026-06-20 18:17:31
TXN0001422,ACC100108,Chennai-TNagar,14628.46,deposit,2026-06-20 18:32:12
TXN0001400,ACC100034,Pune-Kothrud,9097.84,deposit,2026-06-20 18:33:22
TXN0001408,ACC100472,Mumbai-Andheri,13447.86,transfer,2026-06-20 19:02:21
TXN0001424,ACC100104,Hyderabad-Gachibowli,3684.38,transfer,2026-06-20 19:11:17
TXN0001432,ACC100189,Delhi-CP,4649.33,transfer,2026-06-20 19:15:10
TXN0001442,ACC100654,Hyderabad-Banjara,8219.25,deposit,2026-06-20 19:56:33
TXN0001428,ACC100622,Delhi-CP,9730.54,withdrawal,2026-06-20 20:14:07
TXN0001423,ACC100798,Mumbai-Bandra,10325.36,deposit,2026-06-20 20:36:41
TXN0001433,ACC100322,Bangalore-Koramangala,6882.72,deposit,2026-06-20 21:42:30
TXN0001413,ACC100090,Hyderabad-Gachibowli,13552.92,transfer,2026-06-20 23:59:44
TXN0001481,ACC100196,Hyderabad-Banjara,18367.21,deposit,2026-06-21 02:08:57
TXN0001463,ACC100253,Hyderabad-Gachibowli,6712.86,withdrawal,2026-06-21 04:07:19
TXN0001477,ACC100178,Bangalore-Koramangala,465069.11,withdrawal,2026-06-21 04:16:07
TXN0001456,ACC100143,Bangalore-Koramangala,7731.88,deposit,2026-06-21 07:34:57
TXN0001482,ACC100005,Mumbai-Bandra,1172.28,withdrawal,2026-06-21 08:46:58
TXN0001460,ACC100598,Bangalore-Koramangala,3155.46,transfer,2026-06-21 08:47:31
TXN0001465,ACC100449,Chennai-TNagar,9579.34,withdrawal,2026-06-21 08:52:47
TXN0001485,ACC100582,Hyderabad-Banjara,1857.12,transfer,2026-06-21 09:38:34
TXN0001464,ACC100414,Delhi-CP,12731.15,deposit,2026-06-21 09:39:43
TXN0001452,ACC100142,Bangalore-Koramangala,8358.83,deposit,2026-06-21 10:05:19
TXN0001472,ACC100470,Bangalore-Koramangala,11462.85,transfer,2026-06-21 10:25:04
TXN0001474,ACC100674,Delhi-CP,14332.4,deposit,2026-06-21 10:39:53
TXN0001461,ACC100139,Hyderabad-Gachibowli,25531.23,withdrawal,2026-06-21 10:59:00
TXN0001486,ACC100338,Hyderabad-Banjara,12439.41,transfer,2026-06-21 11:22:04
TXN0001468,ACC100426,Bangalore-Whitefield,1889.88,deposit,2026-06-21 11:37:19
TXN0001450,ACC100032,Delhi-CP,9591.97,withdrawal,2026-06-21 11:57:06
TXN0001466,ACC100673,Mumbai-Andheri,3085.23,withdrawal,2026-06-21 12:18:42
TXN0001483,ACC100745,Bangalore-Koramangala,8598.51,withdrawal,2026-06-21 12:22:22
TXN0001454,ACC100539,Delhi-CP,39940.95,deposit,2026-06-21 12:27:29
TXN0001479,ACC100328,Hyderabad-Banjara,9597.2,withdrawal,2026-06-21 14:12:16
TXN0001457,ACC100579,Chennai-TNagar,1976.44,deposit,2026-06-21 15:29:51
TXN0001475,ACC100413,Hyderabad-Banjara,3552.39,deposit,2026-06-21 15:31:59
TXN0001471,ACC100723,Delhi-CP,2355.9,withdrawal,2026-06-21 15:36:21
TXN0001484,ACC100633,Chennai-TNagar,6639.28,transfer,2026-06-21 15:55:04
TXN0001455,ACC100430,Pune-Kothrud,15924.77,withdrawal,2026-06-21 16:05:48
TXN0001467,ACC100102,Pune-Kothrud,5928.72,withdrawal,2026-06-21 16:06:29
TXN0001476,ACC100695,Delhi-CP,413849.97,transfer,2026-06-21 16:15:06
TXN0001473,ACC100660,Delhi-CP,2787.58,transfer,2026-06-21 16:32:49
TXN0001453,ACC100580,Pune-Kothrud,11757.85,withdrawal,2026-06-21 17:06:08
TXN0001458,ACC100781,Chennai-TNagar,914.92,withdrawal,2026-06-21 17:41:06
TXN0001480,ACC100502,Delhi-CP,2515.13,deposit,2026-06-21 17:51:50
TXN0001459,ACC100341,Delhi-Saket,10389.83,transfer,2026-06-21 18:07:47
TXN0001470,ACC100740,Delhi-CP,7559.51,deposit,2026-06-21 18:13:22
TXN0001462,ACC100496,Bangalore-Koramangala,2380.03,deposit,2026-06-21 18:33:06
TXN0001451,ACC100267,Pune-Kothrud,6593.66,withdrawal,2026-06-21 18:51:37
TXN0001478,ACC100038,Chennai-TNagar,9137.35,deposit,2026-06-21 18:59:11
TXN0001469,ACC100034,Bangalore-Koramangala,735.21,transfer,2026-06-21 19:08:29
TXN0001449,ACC100088,Bangalore-Koramangala,6537.56,deposit,2026-06-21 19:18:14
TXN0001487,ACC100161,Pune-Kothrud,12812.61,deposit,2026-06-21 19:32:19
TXN0001570,ACC100382,Mumbai-Andheri,14106.21,deposit,2026-06-22 02:01:48
TXN0001553,ACC100525,Bangalore-Koramangala,13394.86,deposit,2026-06-22 02:06:59
TXN0001524,ACC100417,Chennai-TNagar,25292.21,withdrawal,2026-06-22 02:23:02
TXN0001544,ACC100436,Mumbai-Andheri,14307.35,withdrawal,2026-06-22 03:47:56
TXN0001510,ACC100636,Delhi-CP,11057.68,withdrawal,2026-06-22 04:06:35
TXN0001489,ACC100030,Hyderabad-Banjara,13331.62,withdrawal,2026-06-22 04:13:35
TXN0001503,ACC100055,Mumbai-Bandra,32017.27,withdrawal,2026-06-22 05:58:08
TXN0001527,ACC100672,Bangalore-Koramangala,85300.24,withdrawal,2026-06-22 05:59:14
TXN0001534,ACC100681,Hyderabad-Gachibowli,4776.28,deposit,2026-06-22 06:26:32
TXN0001545,ACC100748,Hyderabad-Gachibowli,9270.61,withdrawal,2026-06-22 07:18:10
TXN0001566,ACC100419,Hyderabad-Gachibowli,11715.32,transfer,2026-06-22 07:39:39
TXN0001536,ACC100123,Mumbai-Bandra,7100.92,transfer,2026-06-22 07:55:02
TXN0001538,ACC100432,Mumbai-Bandra,10708.55,withdrawal,2026-06-22 07:57:52
TXN0001561,ACC100294,Mumbai-Bandra,6430.49,withdrawal,2026-06-22 08:20:42
TXN0001507,ACC100019,Chennai-TNagar,3165.38,withdrawal,2026-06-22 08:27:34
TXN0001521,ACC100694,Chennai-TNagar,766.52,transfer,2026-06-22 09:06:04
TXN0001557,ACC100740,Bangalore-Whitefield,8410.28,deposit,2026-06-22 09:11:02
TXN0001518,ACC100184,Mumbai-Andheri,7474.44,transfer,2026-06-22 09:11:09
TXN0001515,ACC100790,Delhi-Saket,4882.74,deposit,2026-06-22 09:11:28
TXN0001520,ACC100324,Hyderabad-Banjara,10746.79,transfer,2026-06-22 09:16:01
TXN0001552,ACC100762,Bangalore-Whitefield,7655.2,transfer,2026-06-22 09:40:47
TXN0001517,ACC100418,Hyderabad-Banjara,9193.89,transfer,2026-06-22 10:04:28
TXN0001569,ACC100203,Pune-Kothrud,10795.53,transfer,2026-06-22 10:10:58
TXN0001529,ACC100540,Bangalore-Whitefield,7853.01,withdrawal,2026-06-22 10:12:53
TXN0001571,ACC100539,Hyderabad-Banjara,2438.49,withdrawal,2026-06-22 10:14:40
TXN0001496,ACC100141,Hyderabad-Banjara,13562.91,deposit,2026-06-22 10:21:27
TXN0001530,ACC100589,Mumbai-Andheri,11537.89,deposit,2026-06-22 10:29:20
TXN0001558,ACC100428,Bangalore-Koramangala,3597.27,withdrawal,2026-06-22 10:33:42
TXN0001531,ACC100766,Pune-Kothrud,14368.37,withdrawal,2026-06-22 11:05:22
TXN0001572,ACC100790,Bangalore-Koramangala,12213.64,deposit,2026-06-22 11:25:08
TXN0001495,ACC100018,Delhi-Saket,10462.06,deposit,2026-06-22 11:27:35
TXN0001526,ACC100799,Bangalore-Whitefield,14105.1,transfer,2026-06-22 11:37:02
TXN0001494,ACC100056,Hyderabad-Banjara,9161.27,transfer,2026-06-22 11:43:47
TXN0001567,ACC100337,Hyderabad-Banjara,15739.12,withdrawal,2026-06-22 11:49:45
TXN0001522,ACC100519,Delhi-CP,4954.26,withdrawal,2026-06-22 11:52:43
TXN0001549,ACC100026,Mumbai-Bandra,29927.59,deposit,2026-06-22 12:08:53
TXN0001532,ACC100573,Delhi-CP,9117.76,transfer,2026-06-22 12:26:14
TXN0001550,ACC100464,Mumbai-Andheri,12686.69,deposit,2026-06-22 12:27:31
TXN0001505,ACC100240,Bangalore-Koramangala,1802.16,withdrawal,2026-06-22 13:02:17
TXN0001568,ACC100341,Chennai-TNagar,9858.48,transfer,2026-06-22 13:23:34
TXN0001537,ACC100441,Hyderabad-Banjara,7771.97,deposit,2026-06-22 13:24:57
TXN0001511,ACC100397,Pune-Kothrud,14864.28,transfer,2026-06-22 13:27:36
TXN0001519,ACC100632,Bangalore-Koramangala,2845.41,deposit,2026-06-22 13:28:37
TXN0001543,ACC100099,Hyderabad-Gachibowli,7813.4,withdrawal,2026-06-22 13:32:54
TXN0001559,ACC100184,Chennai-TNagar,38379.15,transfer,2026-06-22 13:40:25
TXN0001490,ACC100751,Mumbai-Andheri,17181.5,transfer,2026-06-22 13:51:36
TXN0001523,ACC100425,Hyderabad-Banjara,467.95,withdrawal,2026-06-22 14:23:21
TXN0001547,ACC100771,Hyderabad-Banjara,1530.04,deposit,2026-06-22 14:32:48
TXN0001556,ACC100155,Delhi-CP,2063.7,deposit,2026-06-22 15:05:33
TXN0001555,ACC100642,Hyderabad-Banjara,14153.12,deposit,2026-06-22 15:16:30
TXN0001516,ACC100473,Hyderabad-Banjara,5444.98,deposit,2026-06-22 15:35:13
TXN0001514,ACC100302,Mumbai-Andheri,5489.25,withdrawal,2026-06-22 15:50:41
TXN0001492,ACC100627,Pune-Kothrud,2029.02,transfer,2026-06-22 16:06:02
TXN0001542,ACC100378,Bangalore-Koramangala,2733.16,withdrawal,2026-06-22 16:17:49
TXN0001509,ACC100344,Pune-Kothrud,8905.28,transfer,2026-06-22 16:21:46
TXN0001539,ACC100344,Delhi-Saket,70356.96,withdrawal,2026-06-22 16:22:28
TXN0001501,ACC100722,Bangalore-Whitefield,22710.06,withdrawal,2026-06-22 16:23:49
TXN0001502,ACC100564,Mumbai-Andheri,4086.28,withdrawal,2026-06-22 16:32:06
TXN0001540,ACC100418,Bangalore-Koramangala,11389.13,transfer,2026-06-22 16:46:11
TXN0001497,ACC100059,Hyderabad-Gachibowli,6254.68,deposit,2026-06-22 16:51:50
TXN0001528,ACC100578,Delhi-CP,6329.39,withdrawal,2026-06-22 16:54:56
TXN0001512,ACC100736,Delhi-Saket,5781.24,withdrawal,2026-06-22 16:59:15
TXN0001548,ACC100172,Hyderabad-Banjara,33894.04,transfer,2026-06-22 17:00:31
TXN0001498,ACC100549,Delhi-Saket,10825.42,transfer,2026-06-22 17:04:03
TXN0001504,ACC100533,Hyderabad-Gachibowli,5648.61,transfer,2026-06-22 17:09:02
TXN0001565,ACC100266,Chennai-TNagar,5163.64,deposit,2026-06-22 17:19:28
TXN0001564,ACC100062,Delhi-Saket,6227.31,deposit,2026-06-22 17:27:25
TXN0001525,ACC100297,Pune-Kothrud,9174.67,transfer,2026-06-22 17:32:45
TXN0001535,ACC100151,Delhi-Saket,13508.1,withdrawal,2026-06-22 18:00:10
TXN0001554,ACC100722,Bangalore-Whitefield,9950.84,deposit,2026-06-22 18:02:40
TXN0001493,ACC100508,Delhi-CP,4620.93,withdrawal,2026-06-22 18:14:01
TXN0001499,ACC100129,Delhi-CP,9076.0,deposit,2026-06-22 18:18:08
TXN0001506,ACC100284,Delhi-Saket,17090.2,deposit,2026-06-22 18:24:31
TXN0001560,ACC100612,Mumbai-Bandra,1774.27,withdrawal,2026-06-22 18:48:48
TXN0001563,ACC100615,Mumbai-Bandra,7661.56,deposit,2026-06-22 18:50:26
TXN0001562,ACC100116,Mumbai-Bandra,13244.35,withdrawal,2026-06-22 18:55:31
TXN0001488,ACC100633,Hyderabad-Banjara,7117.58,withdrawal,2026-06-22 19:16:41
TXN0001541,ACC100741,Bangalore-Whitefield,17932.63,transfer,2026-06-22 19:37:37
TXN0001533,ACC100583,Bangalore-Whitefield,23573.04,transfer,2026-06-22 19:43:37
TXN0001508,ACC100053,Bangalore-Koramangala,14064.64,deposit,2026-06-22 19:48:57
TXN0001500,ACC100620,Mumbai-Bandra,1238.03,withdrawal,2026-06-22 20:13:31
TXN0001546,ACC100121,Mumbai-Andheri,2622.88,withdrawal,2026-06-22 20:16:38
TXN0001491,ACC100624,Bangalore-Koramangala,14717.74,transfer,2026-06-22 20:38:47
TXN0001551,ACC100269,Hyderabad-Banjara,10063.86,deposit,2026-06-22 21:51:05
TXN0001513,ACC100135,Chennai-TNagar,4188.45,deposit,2026-06-22 23:49:34
TXN0001640,ACC100623,Hyderabad-Gachibowli,7571.69,deposit,2026-06-23 00:38:48
TXN0001591,ACC100010,Mumbai-Andheri,14900.32,deposit,2026-06-23 00:44:12
TXN0001617,ACC100092,Hyderabad-Gachibowli,9436.71,deposit,2026-06-23 01:10:50
TXN0001573,ACC100086,Hyderabad-Banjara,11016.32,withdrawal,2026-06-23 01:47:53
TXN0001622,ACC100790,Bangalore-Koramangala,12492.78,withdrawal,2026-06-23 02:53:37
TXN0001584,ACC100472,Bangalore-Koramangala,49746.44,withdrawal,2026-06-23 06:06:27
TXN0001637,ACC100483,Bangalore-Koramangala,11469.54,transfer,2026-06-23 07:08:20
TXN0001585,ACC100716,Hyderabad-Banjara,7847.09,deposit,2026-06-23 07:12:28
TXN0001610,ACC100753,Hyderabad-Gachibowli,12527.56,transfer,2026-06-23 07:28:40
TXN0001593,ACC100358,Bangalore-Koramangala,310.53,transfer,2026-06-23 08:18:52
TXN0001588,ACC100277,Delhi-CP,9788.29,withdrawal,2026-06-23 08:33:43
TXN0001635,ACC100082,Hyderabad-Gachibowli,10889.6,transfer,2026-06-23 08:35:54
TXN0001595,ACC100675,Hyderabad-Gachibowli,3324.98,withdrawal,2026-06-23 08:36:06
TXN0001632,ACC100170,Pune-Kothrud,47999.62,transfer,2026-06-23 08:36:48
TXN0001605,ACC100183,Pune-Kothrud,5478.77,transfer,2026-06-23 08:37:19
TXN0001612,ACC100017,Mumbai-Andheri,46420.78,withdrawal,2026-06-23 08:37:46
TXN0001574,ACC100554,Delhi-Saket,11910.04,deposit,2026-06-23 08:38:54
TXN0001611,ACC100727,Hyderabad-Banjara,14752.71,deposit,2026-06-23 08:39:47
TXN0001580,ACC100574,Hyderabad-Gachibowli,3824.54,transfer,2026-06-23 08:39:53
TXN0001598,ACC100237,Pune-Kothrud,2282.73,deposit,2026-06-23 08:55:00
TXN0001620,ACC100293,Hyderabad-Gachibowli,3466.81,deposit,2026-06-23 08:56:12
TXN0001597,ACC100283,Pune-Kothrud,13647.52,transfer,2026-06-23 09:00:50
TXN0001607,ACC100281,Bangalore-Koramangala,366919.02,withdrawal,2026-06-23 09:03:36
TXN0001601,ACC100319,Chennai-TNagar,9120.18,deposit,2026-06-23 09:10:40
TXN0001614,ACC100779,Delhi-CP,6706.64,transfer,2026-06-23 09:12:44
TXN0001641,ACC100407,Chennai-TNagar,2900.76,withdrawal,2026-06-23 09:27:05
TXN0001594,ACC100436,Delhi-Saket,6108.7,deposit,2026-06-23 09:34:41
TXN0001618,ACC100010,Hyderabad-Gachibowli,10891.72,withdrawal,2026-06-23 09:53:43
TXN0001621,ACC100181,Pune-Kothrud,1476.94,deposit,2026-06-23 10:23:22
TXN0001619,ACC100657,Pune-Kothrud,11097.85,transfer,2026-06-23 10:24:45
TXN0001615,ACC100517,Mumbai-Bandra,14122.24,withdrawal,2026-06-23 10:35:22
TXN0001633,ACC100142,Hyderabad-Banjara,48961.38,deposit,2026-06-23 10:49:09
TXN0001647,ACC100514,Mumbai-Bandra,8071.86,withdrawal,2026-06-23 10:50:11
TXN0001648,ACC100434,Delhi-Saket,2340.77,withdrawal,2026-06-23 10:59:45
TXN0001582,ACC100758,Mumbai-Andheri,8523.15,deposit,2026-06-23 11:00:17
TXN0001578,ACC100781,Delhi-Saket,14630.34,deposit,2026-06-23 11:14:28
TXN0001576,ACC100671,Delhi-Saket,3411.57,withdrawal,2026-06-23 11:17:30
TXN0001599,ACC100331,Hyderabad-Banjara,12127.79,transfer,2026-06-23 11:30:20
TXN0001600,ACC100309,Delhi-CP,5721.91,deposit,2026-06-23 11:30:22
TXN0001575,ACC100319,Bangalore-Whitefield,4602.09,withdrawal,2026-06-23 12:06:16
TXN0001616,ACC100120,Mumbai-Bandra,8536.22,withdrawal,2026-06-23 12:07:58
TXN0001592,ACC100204,Bangalore-Koramangala,1010.51,withdrawal,2026-06-23 12:10:04
TXN0001589,ACC100209,Bangalore-Whitefield,9107.31,transfer,2026-06-23 12:13:59
TXN0001627,ACC100718,Hyderabad-Banjara,20556.27,withdrawal,2026-06-23 12:21:41
TXN0001649,ACC100604,Mumbai-Andheri,13095.86,withdrawal,2026-06-23 12:29:18
TXN0001577,ACC100291,Chennai-TNagar,356.47,withdrawal,2026-06-23 13:25:23
TXN0001581,ACC100484,Delhi-CP,978.1,transfer,2026-06-23 13:26:19
TXN0001608,ACC100031,Chennai-TNagar,334508.04,transfer,2026-06-23 13:30:47
TXN0001625,ACC100791,Hyderabad-Gachibowli,13836.6,deposit,2026-06-23 13:40:11
TXN0001586,ACC100116,Hyderabad-Banjara,12066.99,withdrawal,2026-06-23 13:47:55
TXN0001590,ACC100338,Pune-Kothrud,19736.87,transfer,2026-06-23 13:53:30
TXN0001626,ACC100486,Hyderabad-Gachibowli,5730.86,withdrawal,2026-06-23 14:02:20
TXN0001606,ACC100336,Hyderabad-Banjara,13831.3,withdrawal,2026-06-23 14:02:41
TXN0001631,ACC100519,Hyderabad-Banjara,8704.57,withdrawal,2026-06-23 14:10:32
TXN0001639,ACC100611,Mumbai-Bandra,11132.39,deposit,2026-06-23 14:14:56
TXN0001613,ACC100375,Delhi-CP,12581.98,transfer,2026-06-23 15:04:12
TXN0001579,ACC100378,Delhi-CP,2242.19,deposit,2026-06-23 15:05:06
TXN0001642,ACC100347,Mumbai-Bandra,4735.27,deposit,2026-06-23 15:30:02
TXN0001623,ACC100394,Hyderabad-Gachibowli,245234.03,withdrawal,2026-06-23 15:43:50
TXN0001636,ACC100794,Mumbai-Bandra,7114.93,withdrawal,2026-06-23 15:44:13
TXN0001638,ACC100781,Pune-Kothrud,4319.6,withdrawal,2026-06-23 15:55:27
TXN0001628,ACC100102,Hyderabad-Gachibowli,8246.99,withdrawal,2026-06-23 16:28:51
TXN0001587,ACC100560,Mumbai-Bandra,14936.59,deposit,2026-06-23 16:56:43
TXN0001624,ACC100295,Hyderabad-Gachibowli,12464.88,withdrawal,2026-06-23 17:05:32
TXN0001644,ACC100084,Mumbai-Bandra,6126.66,transfer,2026-06-23 17:10:20
TXN0001629,ACC100631,Delhi-CP,6050.07,withdrawal,2026-06-23 17:16:46
TXN0001643,ACC100267,Pune-Kothrud,10266.86,withdrawal,2026-06-23 17:29:51
TXN0001596,ACC100129,Bangalore-Whitefield,5019.39,withdrawal,2026-06-23 17:37:38
TXN0001602,ACC100284,Bangalore-Koramangala,7402.39,transfer,2026-06-23 17:43:07
TXN0001646,ACC100789,Hyderabad-Banjara,1827.78,withdrawal,2026-06-23 17:58:28
TXN0001634,ACC100354,Delhi-CP,2297.62,deposit,2026-06-23 18:19:19
TXN0001603,ACC100571,Chennai-TNagar,13005.46,withdrawal,2026-06-23 18:49:42
TXN0001609,ACC100663,Bangalore-Whitefield,529.67,transfer,2026-06-23 19:09:45
TXN0001630,ACC100382,Delhi-Saket,697.92,withdrawal,2026-06-23 19:14:48
TXN0001604,ACC100354,Bangalore-Koramangala,14968.71,deposit,2026-06-23 20:24:23
TXN0001583,ACC100706,Hyderabad-Gachibowli,7547.25,withdrawal,2026-06-23 21:15:20
TXN0001645,ACC100131,Delhi-Saket,7343.48,withdrawal,2026-06-23 21:25:27
TXN0001709,ACC100316,Bangalore-Koramangala,2814.49,deposit,2026-06-24 00:57:32
TXN0001692,ACC100131,Hyderabad-Gachibowli,9587.76,deposit,2026-06-24 02:13:37
TXN0001679,ACC100179,Delhi-CP,2076.49,transfer,2026-06-24 04:01:13
TXN0001662,ACC100650,Mumbai-Andheri,4936.67,deposit,2026-06-24 04:18:46
TXN0001657,ACC100022,Hyderabad-Gachibowli,11166.01,transfer,2026-06-24 05:58:27
TXN0001710,ACC100481,Delhi-CP,10127.35,deposit,2026-06-24 06:55:28
TXN0001660,ACC100796,Hyderabad-Gachibowli,6040.19,withdrawal,2026-06-24 08:18:17
TXN0001667,ACC100768,Mumbai-Andheri,9410.45,withdrawal,2026-06-24 08:22:36
TXN0001681,ACC100656,Hyderabad-Banjara,13810.32,withdrawal,2026-06-24 08:29:46
TXN0001691,ACC100162,Delhi-Saket,10131.85,deposit,2026-06-24 08:51:44
TXN0001687,ACC100375,Mumbai-Bandra,42844.36,deposit,2026-06-24 09:06:21
TXN0001669,ACC100550,Hyderabad-Gachibowli,1545.0,withdrawal,2026-06-24 09:07:36
TXN0001698,ACC100012,Chennai-TNagar,7909.36,transfer,2026-06-24 09:12:23
TXN0001696,ACC100388,Hyderabad-Banjara,4708.69,transfer,2026-06-24 09:17:38
TXN0001699,ACC100680,Hyderabad-Banjara,32759.58,withdrawal,2026-06-24 09:34:54
TXN0001708,ACC100290,Pune-Kothrud,23715.77,deposit,2026-06-24 09:35:32
TXN0001661,ACC100005,Mumbai-Bandra,2033.53,deposit,2026-06-24 09:38:50
TXN0001675,ACC100668,Mumbai-Bandra,532.71,withdrawal,2026-06-24 09:39:39
TXN0001651,ACC100691,Mumbai-Andheri,2763.05,transfer,2026-06-24 10:01:28
TXN0001676,ACC100515,Pune-Kothrud,14187.79,withdrawal,2026-06-24 10:15:10
TXN0001707,ACC100000,Mumbai-Andheri,9503.81,withdrawal,2026-06-24 10:30:32
TXN0001653,ACC100179,Hyderabad-Banjara,9530.51,deposit,2026-06-24 11:17:22
TXN0001670,ACC100296,Hyderabad-Gachibowli,11043.46,deposit,2026-06-24 11:26:22
TXN0001650,ACC100124,Chennai-TNagar,9029.99,withdrawal,2026-06-24 11:27:21
TXN0001672,ACC100703,Pune-Kothrud,8080.84,transfer,2026-06-24 11:54:25
TXN0001678,ACC100398,Delhi-Saket,20648.27,transfer,2026-06-24 11:55:15
TXN0001704,ACC100549,Chennai-TNagar,1188.51,deposit,2026-06-24 12:28:05
TXN0001695,ACC100383,Mumbai-Bandra,13074.66,transfer,2026-06-24 12:30:57
TXN0001664,ACC100571,Hyderabad-Banjara,6721.31,deposit,2026-06-24 12:47:31
TXN0001659,ACC100710,Bangalore-Whitefield,11434.71,withdrawal,2026-06-24 12:47:44
TXN0001700,ACC100759,Delhi-Saket,6754.83,deposit,2026-06-24 13:15:16
TXN0001666,ACC100646,Delhi-CP,11245.36,transfer,2026-06-24 13:19:18
TXN0001652,ACC100332,Mumbai-Andheri,11005.37,deposit,2026-06-24 13:25:15
TXN0001658,ACC100119,Bangalore-Whitefield,327011.66,withdrawal,2026-06-24 13:50:15
TXN0001703,ACC100135,Delhi-CP,8826.59,deposit,2026-06-24 14:29:06
TXN0001663,ACC100729,Delhi-Saket,8968.94,withdrawal,2026-06-24 14:30:59
TXN0001705,ACC100487,Hyderabad-Gachibowli,7359.74,withdrawal,2026-06-24 14:37:27
TXN0001697,ACC100796,Bangalore-Koramangala,7531.97,deposit,2026-06-24 14:40:58
TXN0001689,ACC100705,Delhi-CP,8566.64,transfer,2026-06-24 14:48:08
TXN0001677,ACC100582,Bangalore-Koramangala,15795.18,withdrawal,2026-06-24 14:50:41
TXN0001685,ACC100742,Bangalore-Whitefield,7722.24,withdrawal,2026-06-24 15:27:50
TXN0001665,ACC100215,Delhi-Saket,6103.78,deposit,2026-06-24 15:36:05
TXN0001671,ACC100769,Hyderabad-Gachibowli,11580.45,transfer,2026-06-24 15:42:56
TXN0001706,ACC100114,Bangalore-Koramangala,8875.17,withdrawal,2026-06-24 15:48:29
TXN0001701,ACC100757,Hyderabad-Gachibowli,22991.9,transfer,2026-06-24 16:11:02
TXN0001711,ACC100350,Bangalore-Koramangala,11704.0,withdrawal,2026-06-24 16:13:19
TXN0001668,ACC100441,Mumbai-Bandra,4329.93,transfer,2026-06-24 16:15:24
TXN0001690,ACC100151,Delhi-CP,34723.88,deposit,2026-06-24 16:19:45
TXN0001688,ACC100657,Bangalore-Koramangala,11312.29,withdrawal,2026-06-24 16:21:18
TXN0001656,ACC100103,Mumbai-Bandra,13918.86,transfer,2026-06-24 16:27:25
TXN0001654,ACC100469,Bangalore-Koramangala,12540.28,deposit,2026-06-24 16:33:36
TXN0001683,ACC100072,Bangalore-Whitefield,33806.95,transfer,2026-06-24 16:38:41
TXN0001655,ACC100469,Hyderabad-Banjara,9179.37,deposit,2026-06-24 16:51:56
TXN0001680,ACC100591,Delhi-CP,14846.73,deposit,2026-06-24 17:29:32
TXN0001686,ACC100127,Hyderabad-Banjara,8739.2,transfer,2026-06-24 17:46:10
TXN0001684,ACC100546,Bangalore-Koramangala,990.82,withdrawal,2026-06-24 17:53:52
TXN0001694,ACC100488,Bangalore-Koramangala,2422.57,deposit,2026-06-24 18:20:33
TXN0001673,ACC100506,Bangalore-Whitefield,20493.87,deposit,2026-06-24 18:25:18
TXN0001693,ACC100310,Hyderabad-Gachibowli,7678.01,deposit,2026-06-24 18:33:25
TXN0001674,ACC100003,Delhi-Saket,2666.83,deposit,2026-06-24 19:24:37
TXN0001702,ACC100623,Mumbai-Andheri,11026.73,deposit,2026-06-24 19:57:57
TXN0001682,ACC100071,Hyderabad-Banjara,13019.23,deposit,2026-06-24 23:55:24
TXN0001716,ACC100763,Mumbai-Andheri,11464.16,deposit,2026-06-25 00:25:03
TXN0001734,ACC100757,Bangalore-Whitefield,8663.59,withdrawal,2026-06-25 00:53:24
TXN0001766,ACC100350,Bangalore-Whitefield,6455.07,deposit,2026-06-25 01:34:08
TXN0001737,ACC100590,Hyderabad-Gachibowli,2805.64,transfer,2026-06-25 01:38:54
TXN0001717,ACC100418,Mumbai-Bandra,395171.87,transfer,2026-06-25 01:45:12
TXN0001752,ACC100636,Mumbai-Andheri,13343.42,transfer,2026-06-25 02:55:09
TXN0001803,ACC100628,Delhi-Saket,249141.22,deposit,2026-06-25 03:35:09
TXN0001800,ACC100573,Mumbai-Andheri,9315.22,withdrawal,2026-06-25 05:05:05
TXN0001746,ACC100066,Delhi-CP,14995.63,transfer,2026-06-25 06:41:51
TXN0001731,ACC100571,Bangalore-Whitefield,12709.86,withdrawal,2026-06-25 06:59:29
TXN0001758,ACC100675,Hyderabad-Banjara,13315.08,deposit,2026-06-25 07:14:16
TXN0001744,ACC100215,Pune-Kothrud,3903.74,transfer,2026-06-25 07:29:01
TXN0001784,ACC100680,Delhi-CP,944.12,transfer,2026-06-25 07:49:17
TXN0001753,ACC100417,Hyderabad-Banjara,7925.55,withdrawal,2026-06-25 08:00:22
TXN0001771,ACC100710,Pune-Kothrud,1592.06,withdrawal,2026-06-25 08:40:54
TXN0001713,ACC100158,Mumbai-Andheri,2659.48,deposit,2026-06-25 08:42:10
TXN0001741,ACC100761,Chennai-TNagar,6634.35,deposit,2026-06-25 08:49:24
TXN0001777,ACC100661,Mumbai-Bandra,5321.07,withdrawal,2026-06-25 09:17:08
TXN0001786,ACC100085,Hyderabad-Banjara,8828.18,transfer,2026-06-25 09:27:42
TXN0001774,ACC100487,Delhi-CP,15012.38,deposit,2026-06-25 09:35:42
TXN0001776,ACC100492,Bangalore-Whitefield,14268.57,transfer,2026-06-25 09:50:10
TXN0001738,ACC100040,Bangalore-Whitefield,26461.14,withdrawal,2026-06-25 10:14:42
TXN0001745,ACC100007,Mumbai-Bandra,18502.31,withdrawal,2026-06-25 10:19:53
TXN0001715,ACC100269,Delhi-CP,2260.3,transfer,2026-06-25 10:22:53
TXN0001795,ACC100571,Bangalore-Whitefield,6079.68,withdrawal,2026-06-25 10:52:11
TXN0001767,ACC100096,Hyderabad-Gachibowli,8301.93,withdrawal,2026-06-25 10:55:22
TXN0001736,ACC100545,Delhi-CP,8659.13,withdrawal,2026-06-25 10:56:45
TXN0001792,ACC100580,Hyderabad-Gachibowli,4454.92,withdrawal,2026-06-25 11:01:46
TXN0001749,ACC100610,Bangalore-Whitefield,5638.39,transfer,2026-06-25 11:10:26
TXN0001718,ACC100213,Bangalore-Koramangala,452.82,deposit,2026-06-25 11:24:20
TXN0001740,ACC100027,Hyderabad-Gachibowli,12528.94,transfer,2026-06-25 11:28:55
TXN0001728,ACC100618,Bangalore-Whitefield,6220.61,deposit,2026-06-25 11:31:51
TXN0001751,ACC100112,Bangalore-Whitefield,6114.45,deposit,2026-06-25 11:53:16
TXN0001781,ACC100772,Chennai-TNagar,14820.6,deposit,2026-06-25 11:57:16
TXN0001748,ACC100254,Hyderabad-Gachibowli,2189.28,deposit,2026-06-25 12:02:03
TXN0001780,ACC100237,Bangalore-Koramangala,11169.38,deposit,2026-06-25 12:04:56
TXN0001798,ACC100391,Hyderabad-Gachibowli,5121.32,transfer,2026-06-25 12:23:48
TXN0001778,ACC100411,Hyderabad-Banjara,20314.62,transfer,2026-06-25 12:43:17
TXN0001733,ACC100756,Hyderabad-Gachibowli,8670.83,deposit,2026-06-25 12:49:44
TXN0001790,ACC100403,Bangalore-Koramangala,6659.65,deposit,2026-06-25 12:55:33
TXN0001726,ACC100716,Bangalore-Koramangala,46678.62,deposit,2026-06-25 12:56:13
TXN0001755,ACC100549,Delhi-CP,110.75,transfer,2026-06-25 12:57:57
TXN0001797,ACC100313,Hyderabad-Banjara,4762.57,transfer,2026-06-25 13:11:48
TXN0001770,ACC100615,Bangalore-Whitefield,800.23,withdrawal,2026-06-25 13:34:14
TXN0001729,ACC100049,Chennai-TNagar,218063.46,deposit,2026-06-25 14:02:32
TXN0001783,ACC100298,Hyderabad-Gachibowli,321492.23,deposit,2026-06-25 14:23:15
TXN0001762,ACC100649,Hyderabad-Banjara,4905.73,transfer,2026-06-25 14:30:54
TXN0001759,ACC100189,Bangalore-Whitefield,6986.02,deposit,2026-06-25 14:33:36
TXN0001724,ACC100603,Mumbai-Andheri,3753.88,deposit,2026-06-25 14:48:42
TXN0001735,ACC100019,Hyderabad-Banjara,12848.06,deposit,2026-06-25 14:49:20
TXN0001760,ACC100273,Bangalore-Whitefield,9951.91,deposit,2026-06-25 14:59:54
TXN0001791,ACC100038,Pune-Kothrud,11686.7,transfer,2026-06-25 15:01:13
TXN0001785,ACC100741,Bangalore-Whitefield,4999.56,transfer,2026-06-25 15:16:22
TXN0001750,ACC100176,Hyderabad-Gachibowli,12160.32,withdrawal,2026-06-25 15:23:56
TXN0001712,ACC100312,Mumbai-Andheri,4570.92,withdrawal,2026-06-25 15:36:43
TXN0001765,ACC100190,Mumbai-Andheri,8278.62,transfer,2026-06-25 15:42:54
TXN0001742,ACC100604,Bangalore-Whitefield,13707.92,deposit,2026-06-25 16:07:10
TXN0001775,ACC100319,Hyderabad-Gachibowli,1095.54,transfer,2026-06-25 16:08:09
TXN0001794,ACC100456,Bangalore-Whitefield,9558.63,deposit,2026-06-25 16:10:13
TXN0001769,ACC100523,Hyderabad-Gachibowli,349.12,transfer,2026-06-25 16:22:33
TXN0001756,ACC100263,Hyderabad-Banjara,9242.78,withdrawal,2026-06-25 16:30:31
TXN0001801,ACC100728,Delhi-Saket,4024.21,transfer,2026-06-25 16:34:22
TXN0001730,ACC100334,Bangalore-Whitefield,9552.17,withdrawal,2026-06-25 16:36:05
TXN0001789,ACC100589,Hyderabad-Banjara,8743.82,transfer,2026-06-25 16:38:26
TXN0001725,ACC100266,Delhi-Saket,2192.97,transfer,2026-06-25 16:55:50
TXN0001757,ACC100766,Chennai-TNagar,7769.54,withdrawal,2026-06-25 17:09:14
TXN0001796,ACC100511,Chennai-TNagar,11123.9,deposit,2026-06-25 17:14:20
TXN0001714,ACC100333,Pune-Kothrud,11852.35,transfer,2026-06-25 17:17:14
TXN0001787,ACC100272,Hyderabad-Banjara,8453.99,transfer,2026-06-25 17:24:38
TXN0001732,ACC100624,Bangalore-Koramangala,10290.9,deposit,2026-06-25 17:29:28
TXN0001779,ACC100778,Mumbai-Andheri,7911.19,withdrawal,2026-06-25 17:38:30
TXN0001723,ACC100137,Chennai-TNagar,379602.06,deposit,2026-06-25 17:55:09
TXN0001719,ACC100571,Delhi-Saket,7593.86,deposit,2026-06-25 18:06:04
TXN0001782,ACC100115,Bangalore-Koramangala,10675.43,withdrawal,2026-06-25 18:31:48
TXN0001788,ACC100531,Chennai-TNagar,1706.19,withdrawal,2026-06-25 18:41:06
TXN0001802,ACC100406,Hyderabad-Gachibowli,11070.61,withdrawal,2026-06-25 18:51:18
TXN0001747,ACC100399,Chennai-TNagar,40537.02,deposit,2026-06-25 19:02:09
TXN0001722,ACC100060,Hyderabad-Banjara,5604.79,withdrawal,2026-06-25 19:07:30
TXN0001764,ACC100269,Delhi-Saket,11550.81,deposit,2026-06-25 19:21:57
TXN0001773,ACC100207,Mumbai-Andheri,25377.38,transfer,2026-06-25 19:26:57
TXN0001799,ACC100163,Pune-Kothrud,8769.52,deposit,2026-06-25 19:44:41
TXN0001739,ACC100213,Hyderabad-Gachibowli,154840.48,deposit,2026-06-25 19:49:22
TXN0001720,ACC100248,Hyderabad-Gachibowli,35752.91,transfer,2026-06-25 20:02:49
TXN0001772,ACC100633,Hyderabad-Gachibowli,8158.24,transfer,2026-06-25 20:27:54
TXN0001768,ACC100314,Delhi-CP,48820.24,withdrawal,2026-06-25 21:11:25
TXN0001727,ACC100188,Mumbai-Andheri,3064.88,deposit,2026-06-25 21:16:16
TXN0001761,ACC100035,Bangalore-Whitefield,11933.5,transfer,2026-06-25 22:00:09
TXN0001793,ACC100467,Chennai-TNagar,5226.34,deposit,2026-06-25 22:15:17
TXN0001754,ACC100228,Hyderabad-Banjara,7187.77,transfer,2026-06-25 22:54:57
TXN0001743,ACC100774,Hyderabad-Gachibowli,5440.02,transfer,2026-06-25 23:26:12
TXN0001763,ACC100352,Hyderabad-Gachibowli,232545.58,transfer,2026-06-25 23:29:39
TXN0001721,ACC100675,Mumbai-Bandra,3822.71,transfer,2026-06-25 23:37:24
TXN0001823,ACC100699,Mumbai-Bandra,33519.23,deposit,2026-06-26 00:24:19
TXN0001855,ACC100065,Hyderabad-Gachibowli,10845.6,withdrawal,2026-06-26 01:28:04
TXN0001837,ACC100601,Bangalore-Whitefield,4773.44,withdrawal,2026-06-26 03:01:03
TXN0001858,ACC100146,Chennai-TNagar,150.97,withdrawal,2026-06-26 04:24:49
TXN0001851,ACC100234,Hyderabad-Banjara,10434.89,withdrawal,2026-06-26 04:27:39
TXN0001859,ACC100580,Hyderabad-Banjara,8498.22,deposit,2026-06-26 05:41:52
TXN0001873,ACC100543,Bangalore-Whitefield,11825.74,transfer,2026-06-26 06:00:58
TXN0001828,ACC100319,Pune-Kothrud,8892.58,deposit,2026-06-26 08:06:31
TXN0001876,ACC100296,Mumbai-Andheri,13220.36,transfer,2026-06-26 08:07:34
TXN0001854,ACC100179,Mumbai-Bandra,5930.55,deposit,2026-06-26 08:18:32
TXN0001862,ACC100465,Delhi-Saket,9592.69,withdrawal,2026-06-26 08:24:16
TXN0001871,ACC100696,Delhi-Saket,11749.7,deposit,2026-06-26 08:26:20
TXN0001824,ACC100028,Bangalore-Whitefield,1133.9,withdrawal,2026-06-26 08:40:39
TXN0001818,ACC100199,Mumbai-Andheri,2772.18,withdrawal,2026-06-26 08:41:59
TXN0001866,ACC100136,Bangalore-Koramangala,2945.38,deposit,2026-06-26 08:55:46
TXN0001830,ACC100398,Bangalore-Whitefield,1075.41,transfer,2026-06-26 09:09:15
TXN0001807,ACC100396,Bangalore-Whitefield,411541.74,transfer,2026-06-26 09:23:23
TXN0001864,ACC100554,Chennai-TNagar,9434.85,transfer,2026-06-26 09:25:26
TXN0001840,ACC100190,Chennai-TNagar,3133.76,transfer,2026-06-26 09:40:39
TXN0001821,ACC100440,Chennai-TNagar,6081.27,withdrawal,2026-06-26 09:41:40
TXN0001804,ACC100026,Delhi-CP,160408.28,transfer,2026-06-26 09:41:51
TXN0001877,ACC100633,Mumbai-Bandra,10527.95,withdrawal,2026-06-26 09:54:57
TXN0001856,ACC100251,Delhi-Saket,8252.14,deposit,2026-06-26 10:07:43
TXN0001820,ACC100417,Mumbai-Bandra,2826.55,withdrawal,2026-06-26 10:11:45
TXN0001853,ACC100786,Hyderabad-Gachibowli,14233.98,deposit,2026-06-26 10:16:58
TXN0001865,ACC100427,Delhi-CP,31223.1,withdrawal,2026-06-26 10:42:25
TXN0001868,ACC100314,Hyderabad-Gachibowli,9818.34,deposit,2026-06-26 10:53:49
TXN0001841,ACC100015,Hyderabad-Banjara,19071.59,withdrawal,2026-06-26 10:57:15
TXN0001817,ACC100366,Delhi-Saket,1048.07,transfer,2026-06-26 11:10:46
TXN0001814,ACC100730,Delhi-Saket,2087.02,withdrawal,2026-06-26 11:42:28
TXN0001834,ACC100138,Delhi-CP,29921.17,deposit,2026-06-26 12:05:31
TXN0001850,ACC100088,Delhi-Saket,14933.82,withdrawal,2026-06-26 12:06:07
TXN0001805,ACC100221,Hyderabad-Gachibowli,45013.6,deposit,2026-06-26 12:28:26
TXN0001812,ACC100175,Hyderabad-Banjara,13448.04,withdrawal,2026-06-26 12:45:09
TXN0001875,ACC100067,Mumbai-Bandra,12440.99,transfer,2026-06-26 12:45:11
TXN0001863,ACC100164,Mumbai-Bandra,2245.36,deposit,2026-06-26 12:45:56
TXN0001860,ACC100487,Pune-Kothrud,9279.13,withdrawal,2026-06-26 12:47:15
TXN0001861,ACC100699,Delhi-CP,336513.91,deposit,2026-06-26 12:57:09
TXN0001847,ACC100706,Hyderabad-Gachibowli,13543.04,withdrawal,2026-06-26 13:11:34
TXN0001811,ACC100229,Delhi-CP,9320.21,withdrawal,2026-06-26 13:27:04
TXN0001835,ACC100024,Delhi-CP,5893.25,deposit,2026-06-26 13:50:49
TXN0001826,ACC100587,Hyderabad-Gachibowli,11602.56,withdrawal,2026-06-26 13:52:52
TXN0001822,ACC100083,Mumbai-Andheri,403.97,transfer,2026-06-26 14:35:03
TXN0001806,ACC100569,Delhi-Saket,12733.78,withdrawal,2026-06-26 14:40:36
TXN0001870,ACC100442,Hyderabad-Gachibowli,5850.96,withdrawal,2026-06-26 15:17:47
TXN0001833,ACC100539,Delhi-Saket,11378.16,transfer,2026-06-26 15:18:20
TXN0001832,ACC100675,Bangalore-Koramangala,7845.67,transfer,2026-06-26 15:20:58
TXN0001838,ACC100310,Mumbai-Bandra,12373.82,withdrawal,2026-06-26 15:27:47
TXN0001810,ACC100107,Bangalore-Whitefield,10791.71,withdrawal,2026-06-26 15:35:52
TXN0001816,ACC100784,Delhi-Saket,200.95,withdrawal,2026-06-26 15:45:48
TXN0001872,ACC100479,Mumbai-Andheri,7351.61,transfer,2026-06-26 15:48:39
TXN0001844,ACC100584,Bangalore-Koramangala,14110.06,transfer,2026-06-26 15:58:17
TXN0001869,ACC100638,Mumbai-Bandra,13359.88,deposit,2026-06-26 15:59:33
TXN0001846,ACC100499,Mumbai-Andheri,722.81,deposit,2026-06-26 16:08:42
TXN0001878,ACC100255,Pune-Kothrud,6729.07,withdrawal,2026-06-26 16:08:56
TXN0001874,ACC100054,Mumbai-Andheri,27484.37,deposit,2026-06-26 16:13:19
TXN0001848,ACC100335,Hyderabad-Gachibowli,40025.82,transfer,2026-06-26 16:18:34
TXN0001809,ACC100551,Delhi-Saket,49492.65,deposit,2026-06-26 16:34:20
TXN0001819,ACC100506,Bangalore-Koramangala,6112.97,deposit,2026-06-26 16:43:24
TXN0001867,ACC100675,Bangalore-Whitefield,12950.34,withdrawal,2026-06-26 17:23:41
TXN0001842,ACC100675,Bangalore-Whitefield,494188.47,transfer,2026-06-26 17:23:58
TXN0001849,ACC100293,Mumbai-Andheri,1879.07,withdrawal,2026-06-26 17:56:12
TXN0001815,ACC100317,Delhi-Saket,8590.87,withdrawal,2026-06-26 18:26:09
TXN0001843,ACC100411,Hyderabad-Banjara,10061.14,deposit,2026-06-26 18:27:43
TXN0001808,ACC100240,Mumbai-Andheri,19707.25,withdrawal,2026-06-26 18:44:15
TXN0001839,ACC100520,Delhi-CP,10517.83,deposit,2026-06-26 19:06:29
TXN0001829,ACC100197,Delhi-Saket,47823.64,transfer,2026-06-26 19:35:53
TXN0001825,ACC100510,Hyderabad-Gachibowli,13094.25,deposit,2026-06-26 19:38:23
TXN0001831,ACC100502,Hyderabad-Gachibowli,13757.5,withdrawal,2026-06-26 19:51:53
TXN0001845,ACC100419,Bangalore-Koramangala,4243.49,withdrawal,2026-06-26 19:52:49
TXN0001836,ACC100294,Bangalore-Whitefield,720.32,withdrawal,2026-06-26 20:19:57
TXN0001857,ACC100066,Mumbai-Bandra,2631.74,withdrawal,2026-06-26 20:23:02
TXN0001880,ACC100451,Delhi-Saket,48960.38,deposit,2026-06-26 20:36:22
TXN0001813,ACC100065,Bangalore-Koramangala,8589.33,deposit,2026-06-26 20:46:01
TXN0001852,ACC100379,Delhi-CP,711.67,deposit,2026-06-26 20:49:12
TXN0001827,ACC100455,Hyderabad-Banjara,14374.67,deposit,2026-06-26 20:51:59
TXN0001879,ACC100390,Delhi-CP,8834.01,withdrawal,2026-06-26 23:23:59
TXN0001907,ACC100475,Delhi-CP,6352.0,deposit,2026-06-27 01:08:50
TXN0001887,ACC100587,Hyderabad-Banjara,28300.59,withdrawal,2026-06-27 02:43:17
TXN0001905,ACC100500,Mumbai-Andheri,8849.71,transfer,2026-06-27 03:22:26
TXN0001894,ACC100057,Bangalore-Koramangala,1309.22,deposit,2026-06-27 06:05:00
TXN0001931,ACC100774,Delhi-Saket,10787.33,transfer,2026-06-27 07:04:59
TXN0001917,ACC100287,Delhi-Saket,2996.23,withdrawal,2026-06-27 07:20:50
TXN0001890,ACC100687,Hyderabad-Banjara,7680.99,withdrawal,2026-06-27 07:51:08
TXN0001897,ACC100606,Chennai-TNagar,194.07,deposit,2026-06-27 08:12:16
TXN0001913,ACC100506,Bangalore-Whitefield,4689.31,withdrawal,2026-06-27 08:40:19
TXN0001884,ACC100286,Pune-Kothrud,4846.66,transfer,2026-06-27 08:41:15
TXN0001925,ACC100254,Bangalore-Whitefield,262.62,withdrawal,2026-06-27 09:09:18
TXN0001889,ACC100135,Pune-Kothrud,7383.57,transfer,2026-06-27 09:58:28
TXN0001912,ACC100361,Pune-Kothrud,7202.83,deposit,2026-06-27 10:15:33
TXN0001914,ACC100700,Bangalore-Koramangala,7991.59,withdrawal,2026-06-27 10:23:51
TXN0001899,ACC100329,Bangalore-Whitefield,12557.0,deposit,2026-06-27 10:26:32
TXN0001895,ACC100443,Bangalore-Whitefield,1283.24,deposit,2026-06-27 10:33:12
TXN0001901,ACC100699,Mumbai-Andheri,1035.47,transfer,2026-06-27 10:46:03
TXN0001881,ACC100087,Chennai-TNagar,4571.56,deposit,2026-06-27 11:09:07
TXN0001904,ACC100268,Bangalore-Koramangala,12183.38,deposit,2026-06-27 11:19:48
TXN0001888,ACC100713,Mumbai-Bandra,14905.43,withdrawal,2026-06-27 11:45:21
TXN0001906,ACC100476,Chennai-TNagar,14183.68,deposit,2026-06-27 11:55:57
TXN0001909,ACC100176,Hyderabad-Gachibowli,344.2,transfer,2026-06-27 12:17:21
TXN0001915,ACC100705,Chennai-TNagar,78406.25,withdrawal,2026-06-27 12:26:15
TXN0001896,ACC100487,Bangalore-Whitefield,10623.48,transfer,2026-06-27 12:46:43
TXN0001902,ACC100634,Bangalore-Whitefield,13489.73,withdrawal,2026-06-27 12:47:43
TXN0001908,ACC100324,Mumbai-Bandra,5549.08,transfer,2026-06-27 12:52:42
TXN0001924,ACC100611,Delhi-Saket,13283.1,deposit,2026-06-27 13:32:18
TXN0001900,ACC100655,Mumbai-Andheri,11058.1,withdrawal,2026-06-27 13:41:56
TXN0001911,ACC100498,Delhi-Saket,12788.8,withdrawal,2026-06-27 13:42:03
TXN0001903,ACC100090,Mumbai-Andheri,39432.66,transfer,2026-06-27 14:04:36
TXN0001910,ACC100202,Hyderabad-Banjara,14332.42,withdrawal,2026-06-27 14:14:12
TXN0001929,ACC100334,Delhi-Saket,10835.47,withdrawal,2026-06-27 14:40:27
TXN0001922,ACC100252,Hyderabad-Gachibowli,9347.72,deposit,2026-06-27 14:50:17
TXN0001892,ACC100077,Hyderabad-Banjara,13065.38,deposit,2026-06-27 15:09:37
TXN0001930,ACC100661,Mumbai-Andheri,11431.92,deposit,2026-06-27 15:20:36
TXN0001893,ACC100641,Pune-Kothrud,5030.42,transfer,2026-06-27 15:39:07
TXN0001916,ACC100214,Pune-Kothrud,46589.39,withdrawal,2026-06-27 15:57:30
TXN0001920,ACC100083,Delhi-CP,48150.05,withdrawal,2026-06-27 16:04:28
TXN0001898,ACC100147,Chennai-TNagar,1947.75,withdrawal,2026-06-27 16:12:11
TXN0001919,ACC100576,Delhi-CP,1524.18,deposit,2026-06-27 16:39:20
TXN0001885,ACC100717,Mumbai-Andheri,702.79,withdrawal,2026-06-27 16:48:42
TXN0001926,ACC100025,Hyderabad-Banjara,5592.61,withdrawal,2026-06-27 17:09:28
TXN0001923,ACC100327,Delhi-CP,22002.04,deposit,2026-06-27 17:12:59
TXN0001918,ACC100647,Delhi-Saket,9179.87,transfer,2026-06-27 17:15:31
TXN0001882,ACC100684,Hyderabad-Gachibowli,11912.45,withdrawal,2026-06-27 17:22:38
TXN0001891,ACC100780,Hyderabad-Banjara,2394.69,deposit,2026-06-27 17:49:05
TXN0001921,ACC100398,Bangalore-Whitefield,2231.94,transfer,2026-06-27 18:03:30
TXN0001883,ACC100506,Hyderabad-Banjara,2619.0,transfer,2026-06-27 18:12:32
TXN0001886,ACC100469,Bangalore-Koramangala,13093.4,deposit,2026-06-27 19:00:47
TXN0001928,ACC100202,Bangalore-Koramangala,2015.18,withdrawal,2026-06-27 20:07:03
TXN0001927,ACC100640,Mumbai-Bandra,4779.9,deposit,2026-06-27 20:29:17
TXN0001934,ACC100405,Bangalore-Koramangala,3188.09,withdrawal,2026-06-28 08:48:58
TXN0001945,ACC100055,Bangalore-Koramangala,44524.68,deposit,2026-06-28 09:01:19
TXN0001962,ACC100506,Bangalore-Koramangala,18025.59,withdrawal,2026-06-28 09:08:21
TXN0001954,ACC100276,Hyderabad-Banjara,10407.84,withdrawal,2026-06-28 09:25:43
TXN0001938,ACC100731,Bangalore-Koramangala,8886.06,withdrawal,2026-06-28 09:37:31
TXN0001943,ACC100189,Hyderabad-Banjara,14002.94,withdrawal,2026-06-28 09:48:36
TXN0001951,ACC100669,Hyderabad-Banjara,25571.75,transfer,2026-06-28 09:59:59
TXN0001937,ACC100330,Mumbai-Bandra,7702.68,withdrawal,2026-06-28 10:01:42
TXN0001950,ACC100054,Mumbai-Bandra,383830.92,withdrawal,2026-06-28 11:17:26
TXN0001957,ACC100273,Hyderabad-Banjara,23218.65,deposit,2026-06-28 12:00:41
TXN0001959,ACC100760,Hyderabad-Banjara,6898.24,withdrawal,2026-06-28 12:10:23
TXN0001958,ACC100045,Chennai-TNagar,14286.98,transfer,2026-06-28 13:14:45
TXN0001942,ACC100666,Mumbai-Andheri,9805.99,deposit,2026-06-28 13:25:13
TXN0001933,ACC100083,Mumbai-Bandra,8222.16,transfer,2026-06-28 13:41:50
TXN0001949,ACC100011,Pune-Kothrud,5783.17,transfer,2026-06-28 14:10:06
TXN0001947,ACC100468,Pune-Kothrud,7426.07,withdrawal,2026-06-28 14:18:50
TXN0001940,ACC100155,Delhi-Saket,4293.12,transfer,2026-06-28 14:32:24
TXN0001953,ACC100178,Hyderabad-Banjara,13059.9,deposit,2026-06-28 14:35:17
TXN0001960,ACC100674,Chennai-TNagar,4878.6,transfer,2026-06-28 15:26:11
TXN0001935,ACC100267,Hyderabad-Gachibowli,460.96,deposit,2026-06-28 15:44:14
TXN0001956,ACC100045,Bangalore-Koramangala,39846.56,transfer,2026-06-28 16:12:51
TXN0001932,ACC100143,Hyderabad-Gachibowli,23225.48,withdrawal,2026-06-28 16:22:21
TXN0001946,ACC100012,Hyderabad-Gachibowli,7543.93,deposit,2026-06-28 16:46:20
TXN0001944,ACC100753,Bangalore-Whitefield,13311.12,transfer,2026-06-28 17:23:29
TXN0001939,ACC100007,Mumbai-Bandra,32820.2,deposit,2026-06-28 17:25:13
TXN0001961,ACC100594,Mumbai-Bandra,4457.5,withdrawal,2026-06-28 17:48:56
TXN0001963,ACC100367,Bangalore-Koramangala,10237.03,withdrawal,2026-06-28 18:21:32
TXN0001936,ACC100490,Hyderabad-Banjara,2374.2,deposit,2026-06-28 18:32:20
TXN0001964,ACC100640,Hyderabad-Gachibowli,11197.43,deposit,2026-06-28 18:36:08
TXN0001948,ACC100683,Chennai-TNagar,13277.74,deposit,2026-06-28 18:39:03
TXN0001952,ACC100209,Hyderabad-Banjara,42746.69,withdrawal,2026-06-28 18:59:30
TXN0001941,ACC100163,Chennai-TNagar,3017.01,transfer,2026-06-28 19:25:07
TXN0001955,ACC100386,Hyderabad-Banjara,6245.12,withdrawal,2026-06-28 21:36:57
TXN0001965,ACC100210,Bangalore-Whitefield,13222.77,withdrawal,2026-06-28 23:34:02
TXN0002016,ACC100760,Bangalore-Koramangala,34829.86,deposit,2026-06-29 00:21:39
TXN0002046,ACC100776,Bangalore-Whitefield,3742.93,withdrawal,2026-06-29 01:14:57
TXN0002043,ACC100536,Pune-Kothrud,19418.39,deposit,2026-06-29 02:04:38
TXN0001971,ACC100214,Delhi-Saket,450.23,deposit,2026-06-29 02:07:13
TXN0002013,ACC100563,Delhi-Saket,3067.93,deposit,2026-06-29 03:27:40
TXN0002035,ACC100171,Hyderabad-Gachibowli,10716.68,transfer,2026-06-29 04:06:17
TXN0002054,ACC100526,Hyderabad-Banjara,8538.62,transfer,2026-06-29 04:09:59
TXN0002051,ACC100169,Hyderabad-Banjara,8467.69,deposit,2026-06-29 04:32:13
TXN0002011,ACC100277,Pune-Kothrud,3895.41,withdrawal,2026-06-29 05:07:24
TXN0002033,ACC100190,Hyderabad-Gachibowli,3554.05,deposit,2026-06-29 06:03:36
TXN0002015,ACC100055,Hyderabad-Banjara,8074.82,deposit,2026-06-29 07:06:59
TXN0001972,ACC100190,Bangalore-Whitefield,6843.73,withdrawal,2026-06-29 07:22:42
TXN0001985,ACC100455,Bangalore-Whitefield,2550.06,transfer,2026-06-29 07:38:36
TXN0001968,ACC100402,Hyderabad-Gachibowli,11298.33,withdrawal,2026-06-29 07:40:41
TXN0001975,ACC100261,Bangalore-Koramangala,8131.36,transfer,2026-06-29 07:44:37
TXN0001979,ACC100720,Chennai-TNagar,253.38,deposit,2026-06-29 07:55:43
TXN0002030,ACC100172,Hyderabad-Gachibowli,8010.95,withdrawal,2026-06-29 08:02:24
TXN0002039,ACC100623,Chennai-TNagar,3762.25,withdrawal,2026-06-29 08:07:45
TXN0002040,ACC100254,Hyderabad-Gachibowli,14744.56,withdrawal,2026-06-29 08:18:29
TXN0002014,ACC100501,Delhi-Saket,1879.73,withdrawal,2026-06-29 08:23:48
TXN0002036,ACC100183,Delhi-Saket,5597.07,transfer,2026-06-29 08:34:59
TXN0002055,ACC100386,Mumbai-Andheri,9564.55,transfer,2026-06-29 08:48:58
TXN0002045,ACC100498,Hyderabad-Gachibowli,9612.96,deposit,2026-06-29 08:55:37
TXN0002050,ACC100041,Pune-Kothrud,5351.99,transfer,2026-06-29 08:59:32
TXN0002047,ACC100449,Mumbai-Andheri,5636.35,withdrawal,2026-06-29 09:08:26
TXN0002010,ACC100648,Chennai-TNagar,7504.64,deposit,2026-06-29 09:30:45
TXN0001980,ACC100799,Hyderabad-Banjara,2800.38,withdrawal,2026-06-29 09:36:24
TXN0002009,ACC100595,Delhi-CP,4442.77,deposit,2026-06-29 09:38:50
TXN0002023,ACC100393,Chennai-TNagar,11499.33,transfer,2026-06-29 09:43:31
TXN0002044,ACC100376,Chennai-TNagar,28390.03,deposit,2026-06-29 10:01:20
TXN0002056,ACC100201,Hyderabad-Banjara,724.19,withdrawal,2026-06-29 10:08:12
TXN0002026,ACC100413,Hyderabad-Gachibowli,3806.61,deposit,2026-06-29 10:14:24
TXN0002034,ACC100670,Bangalore-Whitefield,40938.32,transfer,2026-06-29 10:30:27
TXN0001978,ACC100465,Mumbai-Bandra,7092.26,deposit,2026-06-29 10:35:49
TXN0001973,ACC100412,Hyderabad-Banjara,5686.25,withdrawal,2026-06-29 10:39:37
TXN0001999,ACC100416,Bangalore-Koramangala,9024.78,transfer,2026-06-29 10:49:04
TXN0002008,ACC100704,Mumbai-Andheri,8187.36,withdrawal,2026-06-29 10:51:29
TXN0002048,ACC100052,Mumbai-Andheri,1609.14,deposit,2026-06-29 11:22:29
TXN0001976,ACC100635,Chennai-TNagar,14920.11,transfer,2026-06-29 11:31:48
TXN0001991,ACC100237,Hyderabad-Gachibowli,5921.58,deposit,2026-06-29 11:32:50
TXN0002041,ACC100541,Bangalore-Whitefield,8167.89,withdrawal,2026-06-29 11:33:29
TXN0001990,ACC100570,Mumbai-Andheri,2864.1,deposit,2026-06-29 11:35:02
TXN0001996,ACC100771,Mumbai-Bandra,43979.15,withdrawal,2026-06-29 11:48:27
TXN0002058,ACC100215,Hyderabad-Banjara,24292.77,deposit,2026-06-29 12:04:14
TXN0001993,ACC100249,Chennai-TNagar,7173.92,transfer,2026-06-29 12:06:11
TXN0001989,ACC100140,Hyderabad-Banjara,10003.15,deposit,2026-06-29 12:34:23
TXN0002052,ACC100645,Delhi-CP,11997.82,deposit,2026-06-29 12:39:20
TXN0002022,ACC100456,Hyderabad-Gachibowli,10715.13,deposit,2026-06-29 12:47:56
TXN0002037,ACC100191,Mumbai-Andheri,41822.24,deposit,2026-06-29 13:01:32
TXN0001974,ACC100489,Bangalore-Koramangala,14657.5,withdrawal,2026-06-29 13:22:01
TXN0002006,ACC100245,Delhi-Saket,12403.45,deposit,2026-06-29 13:26:17
TXN0001986,ACC100024,Delhi-CP,406.01,withdrawal,2026-06-29 13:44:23
TXN0002028,ACC100730,Bangalore-Whitefield,5776.47,withdrawal,2026-06-29 13:46:28
TXN0002002,ACC100548,Delhi-Saket,31446.92,transfer,2026-06-29 13:48:55
TXN0001981,ACC100548,Bangalore-Koramangala,10503.43,deposit,2026-06-29 13:57:28
TXN0001995,ACC100148,Chennai-TNagar,14811.69,deposit,2026-06-29 14:15:40
TXN0002057,ACC100428,Delhi-Saket,2359.53,withdrawal,2026-06-29 14:16:58
TXN0002017,ACC100736,Mumbai-Andheri,9312.85,withdrawal,2026-06-29 14:17:59
TXN0002027,ACC100614,Chennai-TNagar,8493.31,transfer,2026-06-29 15:04:28
TXN0002025,ACC100621,Hyderabad-Gachibowli,12570.4,deposit,2026-06-29 15:10:50
TXN0001983,ACC100203,Delhi-CP,11193.51,deposit,2026-06-29 15:11:49
TXN0002004,ACC100345,Hyderabad-Banjara,7803.26,withdrawal,2026-06-29 15:16:40
TXN0002031,ACC100373,Hyderabad-Banjara,2465.43,deposit,2026-06-29 15:35:03
TXN0001982,ACC100300,Chennai-TNagar,6458.3,deposit,2026-06-29 15:53:04
TXN0002024,ACC100447,Bangalore-Whitefield,7535.58,withdrawal,2026-06-29 15:53:28
TXN0001994,ACC100397,Delhi-Saket,17482.15,withdrawal,2026-06-29 15:54:32
TXN0002020,ACC100497,Hyderabad-Banjara,3706.17,deposit,2026-06-29 15:57:11
TXN0001987,ACC100650,Delhi-Saket,6600.74,withdrawal,2026-06-29 16:04:04
TXN0002018,ACC100565,Mumbai-Bandra,8803.39,deposit,2026-06-29 16:10:51
TXN0002019,ACC100392,Hyderabad-Gachibowli,18191.22,withdrawal,2026-06-29 16:17:51
TXN0001970,ACC100110,Delhi-CP,4667.68,transfer,2026-06-29 16:19:52
TXN0002053,ACC100291,Mumbai-Bandra,13264.64,transfer,2026-06-29 16:27:48
TXN0001966,ACC100106,Delhi-Saket,14140.12,deposit,2026-06-29 16:43:45
TXN0002042,ACC100662,Pune-Kothrud,10803.5,withdrawal,2026-06-29 16:48:16
TXN0001977,ACC100088,Delhi-CP,10891.75,withdrawal,2026-06-29 16:59:06
TXN0002003,ACC100704,Delhi-Saket,9030.19,withdrawal,2026-06-29 17:08:30
TXN0002049,ACC100395,Chennai-TNagar,4479.87,transfer,2026-06-29 17:35:30
TXN0002000,ACC100443,Delhi-Saket,10596.67,withdrawal,2026-06-29 17:49:41
TXN0002007,ACC100270,Delhi-Saket,9234.5,withdrawal,2026-06-29 17:51:49
TXN0001992,ACC100012,Hyderabad-Banjara,231.98,withdrawal,2026-06-29 18:08:20
TXN0001984,ACC100385,Hyderabad-Banjara,10277.19,deposit,2026-06-29 18:14:45
TXN0002038,ACC100516,Chennai-TNagar,7089.1,withdrawal,2026-06-29 18:15:55
TXN0002032,ACC100256,Hyderabad-Banjara,4467.98,transfer,2026-06-29 18:17:55
TXN0002021,ACC100225,Mumbai-Andheri,6584.38,deposit,2026-06-29 18:54:24
TXN0002001,ACC100040,Mumbai-Bandra,12121.49,withdrawal,2026-06-29 19:19:53
TXN0002005,ACC100274,Pune-Kothrud,3494.85,transfer,2026-06-29 19:20:58
TXN0001997,ACC100043,Chennai-TNagar,10107.67,transfer,2026-06-29 19:25:28
TXN0002012,ACC100563,Pune-Kothrud,14018.42,deposit,2026-06-29 19:29:59
TXN0001969,ACC100464,Hyderabad-Gachibowli,10771.41,withdrawal,2026-06-29 19:32:51
TXN0001988,ACC100089,Mumbai-Andheri,6079.77,transfer,2026-06-29 19:58:59
TXN0001998,ACC100620,Chennai-TNagar,31777.8,deposit,2026-06-29 20:32:56
TXN0001967,ACC100342,Delhi-CP,5662.5,deposit,2026-06-29 20:33:42
TXN0002029,ACC100434,Hyderabad-Banjara,5562.26,deposit,2026-06-29 23:30:10
TXN0002073,ACC100338,Hyderabad-Banjara,688.75,transfer,2026-06-30 00:59:12
TXN0002133,ACC100115,Delhi-Saket,12466.56,withdrawal,2026-06-30 01:06:21
TXN0002099,ACC100014,Bangalore-Koramangala,14204.02,deposit,2026-06-30 01:08:59
TXN0002125,ACC100189,Bangalore-Koramangala,37079.36,withdrawal,2026-06-30 01:13:46
TXN0002067,ACC100058,Delhi-CP,7150.29,transfer,2026-06-30 02:23:07
TXN0002107,ACC100706,Delhi-Saket,37104.96,withdrawal,2026-06-30 02:54:24
TXN0002072,ACC100695,Bangalore-Koramangala,8622.76,transfer,2026-06-30 02:57:19
TXN0002094,ACC100684,Chennai-TNagar,8008.07,deposit,2026-06-30 03:52:28
TXN0002066,ACC100306,Hyderabad-Banjara,13933.31,deposit,2026-06-30 04:20:59
TXN0002137,ACC100258,Hyderabad-Banjara,13345.16,withdrawal,2026-06-30 04:29:33
TXN0002119,ACC100341,Mumbai-Andheri,8775.2,deposit,2026-06-30 05:03:17
TXN0002079,ACC100472,Hyderabad-Gachibowli,8856.48,deposit,2026-06-30 07:06:28
TXN0002132,ACC100236,Pune-Kothrud,10292.62,transfer,2026-06-30 07:13:17
TXN0002118,ACC100140,Pune-Kothrud,27688.63,withdrawal,2026-06-30 07:16:49
TXN0002121,ACC100591,Chennai-TNagar,38026.49,withdrawal,2026-06-30 07:25:48
TXN0002071,ACC100714,Bangalore-Koramangala,2745.84,transfer,2026-06-30 07:53:23
TXN0002110,ACC100799,Delhi-CP,9673.66,transfer,2026-06-30 08:02:02
TXN0002082,ACC100726,Hyderabad-Gachibowli,2432.31,withdrawal,2026-06-30 08:04:03
TXN0002088,ACC100381,Mumbai-Andheri,14542.18,deposit,2026-06-30 08:09:21
TXN0002106,ACC100635,Bangalore-Whitefield,1045.15,transfer,2026-06-30 08:10:33
TXN0002130,ACC100261,Bangalore-Koramangala,232495.23,withdrawal,2026-06-30 08:16:44
TXN0002135,ACC100675,Delhi-CP,12880.57,deposit,2026-06-30 08:24:22
TXN0002100,ACC100767,Bangalore-Whitefield,3930.68,deposit,2026-06-30 08:27:13
TXN0002127,ACC100697,Delhi-CP,11666.31,deposit,2026-06-30 08:35:15
TXN0002108,ACC100774,Delhi-CP,6096.64,transfer,2026-06-30 08:39:40
TXN0002098,ACC100118,Chennai-TNagar,10913.25,transfer,2026-06-30 08:41:12
TXN0002138,ACC100296,Hyderabad-Gachibowli,4323.35,deposit,2026-06-30 08:49:00
TXN0002143,ACC100317,Bangalore-Whitefield,13283.65,deposit,2026-06-30 09:18:16
TXN0002124,ACC100554,Hyderabad-Banjara,46325.86,deposit,2026-06-30 09:21:10
TXN0002126,ACC100725,Hyderabad-Banjara,10268.48,transfer,2026-06-30 09:26:00
TXN0002075,ACC100073,Chennai-TNagar,9131.9,deposit,2026-06-30 09:41:49
TXN0002142,ACC100148,Hyderabad-Banjara,10379.63,transfer,2026-06-30 09:42:33
TXN0002109,ACC100495,Bangalore-Whitefield,14896.03,transfer,2026-06-30 09:42:59
TXN0002131,ACC100131,Delhi-Saket,14510.9,transfer,2026-06-30 09:45:02
TXN0002095,ACC100244,Mumbai-Bandra,43083.69,withdrawal,2026-06-30 09:52:57
TXN0002128,ACC100060,Mumbai-Bandra,12392.88,withdrawal,2026-06-30 10:08:25
TXN0002069,ACC100240,Mumbai-Andheri,2471.96,withdrawal,2026-06-30 10:24:54
TXN0002145,ACC100187,Bangalore-Koramangala,14383.46,transfer,2026-06-30 10:44:49
TXN0002117,ACC100510,Mumbai-Andheri,14720.68,deposit,2026-06-30 10:45:05
TXN0002077,ACC100166,Bangalore-Koramangala,7682.25,transfer,2026-06-30 10:45:52
TXN0002114,ACC100122,Bangalore-Koramangala,4824.3,deposit,2026-06-30 10:52:27
TXN0002074,ACC100174,Chennai-TNagar,4083.22,transfer,2026-06-30 10:53:33
TXN0002111,ACC100463,Hyderabad-Gachibowli,10002.25,withdrawal,2026-06-30 11:21:26
TXN0002076,ACC100716,Delhi-CP,4327.09,withdrawal,2026-06-30 11:21:42
TXN0002134,ACC100211,Delhi-CP,1936.34,deposit,2026-06-30 11:26:24
TXN0002065,ACC100156,Pune-Kothrud,6248.41,withdrawal,2026-06-30 11:36:21
TXN0002091,ACC100297,Delhi-Saket,5055.82,transfer,2026-06-30 11:40:50
TXN0002070,ACC100084,Hyderabad-Banjara,2335.69,deposit,2026-06-30 11:57:05
TXN0002103,ACC100788,Bangalore-Whitefield,18967.98,transfer,2026-06-30 12:07:32
TXN0002062,ACC100285,Bangalore-Whitefield,12242.48,transfer,2026-06-30 12:17:21
TXN0002123,ACC100096,Pune-Kothrud,7206.96,withdrawal,2026-06-30 12:23:25
TXN0002083,ACC100032,Chennai-TNagar,12206.53,transfer,2026-06-30 12:25:50
TXN0002140,ACC100704,Chennai-TNagar,24437.38,transfer,2026-06-30 12:28:57
TXN0002086,ACC100498,Chennai-TNagar,2191.08,deposit,2026-06-30 13:31:17
TXN0002068,ACC100315,Hyderabad-Gachibowli,14378.29,transfer,2026-06-30 14:25:27
TXN0002101,ACC100746,Hyderabad-Gachibowli,25832.23,deposit,2026-06-30 14:35:40
TXN0002080,ACC100129,Hyderabad-Gachibowli,10347.11,deposit,2026-06-30 14:45:30
TXN0002113,ACC100574,Bangalore-Whitefield,8348.42,withdrawal,2026-06-30 14:48:21
TXN0002063,ACC100521,Mumbai-Andheri,73078.96,transfer,2026-06-30 14:51:55
TXN0002078,ACC100410,Mumbai-Bandra,12722.13,transfer,2026-06-30 15:13:15
TXN0002092,ACC100064,Delhi-CP,46993.68,transfer,2026-06-30 15:14:59
TXN0002097,ACC100787,Delhi-Saket,146036.55,deposit,2026-06-30 15:18:49
TXN0002139,ACC100484,Bangalore-Whitefield,5282.86,withdrawal,2026-06-30 15:28:12
TXN0002147,ACC100435,Mumbai-Andheri,9469.82,transfer,2026-06-30 15:38:36
TXN0002104,ACC100784,Chennai-TNagar,7270.5,withdrawal,2026-06-30 15:50:05
TXN0002122,ACC100041,Mumbai-Andheri,5065.67,transfer,2026-06-30 16:08:04
TXN0002081,ACC100445,Mumbai-Bandra,10107.45,transfer,2026-06-30 16:19:59
TXN0002061,ACC100338,Bangalore-Koramangala,10261.16,deposit,2026-06-30 16:33:43
TXN0002084,ACC100726,Chennai-TNagar,11204.69,withdrawal,2026-06-30 16:42:20
TXN0002146,ACC100567,Mumbai-Bandra,2891.84,deposit,2026-06-30 16:46:48
TXN0002096,ACC100559,Pune-Kothrud,40646.25,deposit,2026-06-30 16:50:19
TXN0002087,ACC100207,Bangalore-Koramangala,9509.92,withdrawal,2026-06-30 16:51:39
TXN0002144,ACC100250,Bangalore-Whitefield,9242.55,withdrawal,2026-06-30 17:33:58
TXN0002120,ACC100318,Chennai-TNagar,12902.86,withdrawal,2026-06-30 17:35:59
TXN0002064,ACC100263,Hyderabad-Banjara,11773.8,deposit,2026-06-30 18:15:29
TXN0002089,ACC100696,Bangalore-Koramangala,8009.95,transfer,2026-06-30 18:37:39
TXN0002112,ACC100767,Chennai-TNagar,17982.88,transfer,2026-06-30 18:38:33
TXN0002129,ACC100604,Mumbai-Bandra,9284.13,withdrawal,2026-06-30 18:45:26
TXN0002093,ACC100322,Chennai-TNagar,13383.55,deposit,2026-06-30 18:52:14
TXN0002060,ACC100381,Chennai-TNagar,8422.67,transfer,2026-06-30 18:52:47
TXN0002059,ACC100169,Pune-Kothrud,6948.13,withdrawal,2026-06-30 19:39:46
TXN0002102,ACC100070,Hyderabad-Banjara,14062.83,deposit,2026-06-30 20:04:49
TXN0002085,ACC100769,Delhi-Saket,11769.78,withdrawal,2026-06-30 20:26:05
TXN0002136,ACC100192,Chennai-TNagar,7399.71,transfer,2026-06-30 20:27:03
TXN0002141,ACC100136,Hyderabad-Banjara,3361.21,deposit,2026-06-30 20:32:41
TXN0002105,ACC100364,Bangalore-Whitefield,2920.57,withdrawal,2026-06-30 20:46:01
TXN0002090,ACC100626,Hyderabad-Gachibowli,687.44,transfer,2026-06-30 21:37:35
TXN0002116,ACC100388,Pune-Kothrud,14721.52,deposit,2026-06-30 22:23:04
TXN0002115,ACC100300,Hyderabad-Banjara,38268.83,deposit,2026-06-30 23:44:16
TXN0002174,ACC100168,Bangalore-Koramangala,593.28,transfer,2026-07-01 00:01:49
TXN0002181,ACC100480,Hyderabad-Banjara,9028.25,withdrawal,2026-07-01 00:16:56
TXN0002156,ACC100338,Hyderabad-Banjara,8677.55,withdrawal,2026-07-01 00:44:22
TXN0002177,ACC100551,Bangalore-Koramangala,14532.79,deposit,2026-07-01 01:09:22
TXN0002148,ACC100365,Hyderabad-Banjara,3748.77,withdrawal,2026-07-01 03:21:22
TXN0002170,ACC100129,Mumbai-Andheri,34028.47,deposit,2026-07-01 05:34:35
TXN0002153,ACC100460,Chennai-TNagar,36412.09,deposit,2026-07-01 06:16:50
TXN0002214,ACC100151,Hyderabad-Banjara,6332.21,withdrawal,2026-07-01 06:59:02
TXN0002222,ACC100215,Pune-Kothrud,14450.62,transfer,2026-07-01 07:19:57
TXN0002187,ACC100538,Hyderabad-Gachibowli,800.1,deposit,2026-07-01 07:25:16
TXN0002168,ACC100129,Chennai-TNagar,14248.48,deposit,2026-07-01 07:30:25
TXN0002201,ACC100363,Hyderabad-Gachibowli,13263.86,withdrawal,2026-07-01 07:46:14
TXN0002192,ACC100417,Mumbai-Andheri,41476.78,deposit,2026-07-01 07:46:46
TXN0002176,ACC100652,Delhi-Saket,14301.02,deposit,2026-07-01 07:50:57
TXN0002242,ACC100194,Bangalore-Whitefield,13865.01,deposit,2026-07-01 07:53:12
TXN0002161,ACC100157,Bangalore-Koramangala,5733.48,transfer,2026-07-01 08:02:34
TXN0002171,ACC100085,Mumbai-Andheri,5047.93,withdrawal,2026-07-01 08:11:02
TXN0002198,ACC100231,Bangalore-Whitefield,7564.45,withdrawal,2026-07-01 08:17:21
TXN0002175,ACC100680,Bangalore-Koramangala,1346.14,transfer,2026-07-01 08:47:51
TXN0002182,ACC100251,Mumbai-Bandra,10886.1,withdrawal,2026-07-01 09:09:25
TXN0002162,ACC100179,Bangalore-Koramangala,11489.82,transfer,2026-07-01 09:09:26
TXN0002151,ACC100074,Hyderabad-Banjara,10804.62,transfer,2026-07-01 09:13:13
TXN0002183,ACC100386,Delhi-Saket,4114.2,deposit,2026-07-01 09:20:23
TXN0002208,ACC100424,Hyderabad-Banjara,13872.46,deposit,2026-07-01 09:24:21
TXN0002236,ACC100621,Hyderabad-Gachibowli,5490.85,withdrawal,2026-07-01 09:33:08
TXN0002213,ACC100774,Pune-Kothrud,2449.4,deposit,2026-07-01 09:38:32
TXN0002224,ACC100683,Chennai-TNagar,6171.11,transfer,2026-07-01 09:41:23
TXN0002200,ACC100703,Bangalore-Koramangala,3149.13,transfer,2026-07-01 09:48:52
TXN0002223,ACC100567,Hyderabad-Banjara,2991.63,withdrawal,2026-07-01 10:30:55
TXN0002243,ACC100795,Mumbai-Andheri,11964.63,withdrawal,2026-07-01 10:32:17
TXN0002179,ACC100087,Delhi-Saket,8146.2,deposit,2026-07-01 10:33:58
TXN0002226,ACC100048,Delhi-CP,1066.11,transfer,2026-07-01 10:36:11
TXN0002160,ACC100743,Chennai-TNagar,13214.48,deposit,2026-07-01 10:43:27
TXN0002204,ACC100221,Hyderabad-Gachibowli,67645.02,withdrawal,2026-07-01 11:02:46
TXN0002240,ACC100676,Mumbai-Andheri,5736.61,transfer,2026-07-01 11:04:59
TXN0002196,ACC100196,Pune-Kothrud,1360.64,transfer,2026-07-01 11:26:50
TXN0002216,ACC100375,Bangalore-Koramangala,7436.4,transfer,2026-07-01 11:27:50
TXN0002218,ACC100197,Chennai-TNagar,27646.27,deposit,2026-07-01 11:38:05
TXN0002227,ACC100016,Bangalore-Koramangala,12129.14,withdrawal,2026-07-01 11:38:45
TXN0002228,ACC100586,Bangalore-Koramangala,8633.46,withdrawal,2026-07-01 11:49:42
TXN0002193,ACC100541,Delhi-CP,23814.75,deposit,2026-07-01 12:02:52
TXN0002165,ACC100161,Bangalore-Whitefield,3312.26,withdrawal,2026-07-01 12:11:39
TXN0002234,ACC100716,Hyderabad-Banjara,9639.57,withdrawal,2026-07-01 12:26:57
TXN0002150,ACC100105,Delhi-Saket,753.76,deposit,2026-07-01 12:34:47
TXN0002202,ACC100144,Bangalore-Whitefield,6875.68,deposit,2026-07-01 12:56:50
TXN0002220,ACC100786,Hyderabad-Gachibowli,12279.23,transfer,2026-07-01 13:11:27
TXN0002169,ACC100665,Delhi-Saket,7817.52,transfer,2026-07-01 13:14:51
TXN0002189,ACC100659,Hyderabad-Gachibowli,13970.41,transfer,2026-07-01 13:24:45
TXN0002239,ACC100562,Bangalore-Whitefield,11470.27,transfer,2026-07-01 14:09:27
TXN0002195,ACC100043,Hyderabad-Gachibowli,5598.81,transfer,2026-07-01 14:11:18
TXN0002207,ACC100010,Chennai-TNagar,12179.24,deposit,2026-07-01 14:21:49
TXN0002230,ACC100467,Hyderabad-Banjara,11774.61,withdrawal,2026-07-01 14:40:36
TXN0002149,ACC100482,Bangalore-Whitefield,6519.27,withdrawal,2026-07-01 14:44:04
TXN0002209,ACC100483,Bangalore-Koramangala,12363.31,withdrawal,2026-07-01 14:46:58
TXN0002167,ACC100415,Mumbai-Andheri,1456.27,transfer,2026-07-01 14:50:44
TXN0002159,ACC100214,Hyderabad-Gachibowli,6797.06,deposit,2026-07-01 15:02:07
TXN0002199,ACC100742,Pune-Kothrud,1016.8,withdrawal,2026-07-01 15:02:18
TXN0002221,ACC100585,Hyderabad-Banjara,11469.47,withdrawal,2026-07-01 15:09:39
TXN0002190,ACC100782,Hyderabad-Gachibowli,3709.19,withdrawal,2026-07-01 15:09:44
TXN0002241,ACC100221,Hyderabad-Banjara,10112.97,withdrawal,2026-07-01 15:09:49
TXN0002203,ACC100126,Delhi-Saket,8940.43,withdrawal,2026-07-01 15:12:31
TXN0002188,ACC100541,Hyderabad-Banjara,174.08,withdrawal,2026-07-01 15:16:54
TXN0002238,ACC100417,Chennai-TNagar,10457.63,deposit,2026-07-01 15:21:01
TXN0002210,ACC100425,Chennai-TNagar,5937.25,transfer,2026-07-01 15:22:08
TXN0002154,ACC100612,Delhi-Saket,758.14,withdrawal,2026-07-01 15:34:10
TXN0002211,ACC100059,Hyderabad-Banjara,13075.54,withdrawal,2026-07-01 15:36:18
TXN0002191,ACC100409,Bangalore-Koramangala,8614.16,deposit,2026-07-01 15:46:19
TXN0002229,ACC100303,Chennai-TNagar,11215.68,withdrawal,2026-07-01 15:48:54
TXN0002172,ACC100437,Delhi-CP,11871.42,transfer,2026-07-01 16:05:33
TXN0002219,ACC100781,Hyderabad-Banjara,4873.64,deposit,2026-07-01 16:06:11
TXN0002158,ACC100683,Mumbai-Andheri,11088.38,deposit,2026-07-01 16:12:52
TXN0002178,ACC100320,Mumbai-Bandra,37596.25,deposit,2026-07-01 16:16:10
TXN0002205,ACC100078,Pune-Kothrud,7622.81,transfer,2026-07-01 16:20:24
TXN0002173,ACC100151,Bangalore-Koramangala,8246.22,deposit,2026-07-01 16:20:29
TXN0002184,ACC100677,Hyderabad-Banjara,8694.7,deposit,2026-07-01 16:35:45
TXN0002225,ACC100629,Bangalore-Koramangala,6827.85,deposit,2026-07-01 16:38:52
TXN0002194,ACC100399,Mumbai-Andheri,5384.67,transfer,2026-07-01 16:48:18
TXN0002163,ACC100111,Delhi-CP,10734.09,withdrawal,2026-07-01 16:56:43
TXN0002217,ACC100761,Hyderabad-Banjara,2018.92,withdrawal,2026-07-01 17:01:02
TXN0002166,ACC100455,Mumbai-Andheri,11027.87,deposit,2026-07-01 17:01:12
TXN0002232,ACC100199,Pune-Kothrud,12603.88,transfer,2026-07-01 17:14:18
TXN0002180,ACC100786,Hyderabad-Banjara,7571.09,deposit,2026-07-01 17:20:24
TXN0002237,ACC100673,Chennai-TNagar,14715.96,transfer,2026-07-01 17:57:22
TXN0002185,ACC100040,Bangalore-Koramangala,6211.73,deposit,2026-07-01 18:35:29
TXN0002231,ACC100254,Hyderabad-Gachibowli,11607.26,withdrawal,2026-07-01 18:36:39
TXN0002212,ACC100111,Delhi-Saket,7212.47,deposit,2026-07-01 18:37:08
TXN0002206,ACC100097,Delhi-CP,8332.99,withdrawal,2026-07-01 18:57:00
TXN0002197,ACC100286,Chennai-TNagar,33562.42,withdrawal,2026-07-01 19:01:49
TXN0002215,ACC100712,Bangalore-Whitefield,8087.96,transfer,2026-07-01 20:02:53
TXN0002233,ACC100799,Hyderabad-Gachibowli,8441.75,transfer,2026-07-01 20:26:39
TXN0002186,ACC100632,Mumbai-Bandra,11701.35,transfer,2026-07-01 20:54:59
TXN0002157,ACC100365,Bangalore-Whitefield,11109.62,withdrawal,2026-07-01 22:36:01
TXN0002164,ACC100543,Pune-Kothrud,47099.83,transfer,2026-07-01 22:56:28
TXN0002235,ACC100031,Bangalore-Koramangala,8468.73,deposit,2026-07-01 23:14:33
TXN0002152,ACC100379,Hyderabad-Banjara,29319.84,deposit,2026-07-01 23:41:37
TXN0002155,ACC100673,Bangalore-Whitefield,32134.23,transfer,2026-07-01 23:50:26
TXN0002244,ACC100041,Chennai-TNagar,11309.76,transfer,2026-07-02 00:42:54
TXN0002321,ACC100425,Mumbai-Andheri,7001.47,deposit,2026-07-02 01:10:49
TXN0002267,ACC100418,Hyderabad-Banjara,14400.53,deposit,2026-07-02 01:50:44
TXN0002279,ACC100462,Bangalore-Koramangala,41291.1,withdrawal,2026-07-02 02:41:28
TXN0002285,ACC100000,Mumbai-Bandra,3638.48,deposit,2026-07-02 03:17:56
TXN0002249,ACC100200,Chennai-TNagar,9441.97,transfer,2026-07-02 03:23:14
TXN0002325,ACC100464,Mumbai-Bandra,1623.52,withdrawal,2026-07-02 03:55:11
TXN0002304,ACC100541,Pune-Kothrud,7146.03,deposit,2026-07-02 04:46:53
TXN0002253,ACC100393,Pune-Kothrud,13994.03,transfer,2026-07-02 04:49:16
TXN0002245,ACC100526,Delhi-CP,17191.17,withdrawal,2026-07-02 04:53:48
TXN0002268,ACC100602,Delhi-Saket,13913.87,withdrawal,2026-07-02 07:30:44
TXN0002254,ACC100023,Mumbai-Bandra,1100.66,withdrawal,2026-07-02 08:12:29
TXN0002322,ACC100482,Mumbai-Bandra,2736.42,transfer,2026-07-02 08:22:30
TXN0002303,ACC100111,Mumbai-Andheri,11667.37,transfer,2026-07-02 08:24:39
TXN0002264,ACC100186,Hyderabad-Banjara,14607.81,deposit,2026-07-02 08:34:21
TXN0002273,ACC100074,Delhi-CP,14727.36,transfer,2026-07-02 08:36:25
TXN0002300,ACC100464,Hyderabad-Banjara,3327.28,transfer,2026-07-02 08:39:56
TXN0002248,ACC100621,Hyderabad-Banjara,6176.09,transfer,2026-07-02 08:40:33
TXN0002266,ACC100237,Chennai-TNagar,44682.66,withdrawal,2026-07-02 08:43:20
TXN0002319,ACC100108,Bangalore-Whitefield,3082.7,deposit,2026-07-02 08:53:41
TXN0002338,ACC100373,Mumbai-Bandra,34179.28,transfer,2026-07-02 08:56:02
TXN0002275,ACC100638,Delhi-Saket,340.88,deposit,2026-07-02 08:57:58
TXN0002296,ACC100016,Delhi-Saket,4380.84,transfer,2026-07-02 09:00:12
TXN0002259,ACC100194,Hyderabad-Gachibowli,4521.25,deposit,2026-07-02 09:03:46
TXN0002261,ACC100441,Mumbai-Andheri,3152.87,transfer,2026-07-02 09:06:25
TXN0002331,ACC100591,Chennai-TNagar,14101.47,withdrawal,2026-07-02 09:07:31
TXN0002250,ACC100652,Mumbai-Andheri,6696.15,deposit,2026-07-02 09:10:03
TXN0002290,ACC100545,Bangalore-Whitefield,12471.59,transfer,2026-07-02 09:12:34
TXN0002247,ACC100026,Hyderabad-Banjara,9219.81,deposit,2026-07-02 09:18:40
TXN0002328,ACC100333,Hyderabad-Gachibowli,46837.45,deposit,2026-07-02 09:26:56
TXN0002257,ACC100168,Bangalore-Koramangala,5759.46,deposit,2026-07-02 09:27:15
TXN0002301,ACC100219,Bangalore-Whitefield,7915.42,withdrawal,2026-07-02 09:27:28
TXN0002276,ACC100038,Chennai-TNagar,39212.76,transfer,2026-07-02 09:53:34
TXN0002313,ACC100118,Bangalore-Whitefield,182.99,transfer,2026-07-02 10:02:33
TXN0002277,ACC100443,Pune-Kothrud,7659.68,withdrawal,2026-07-02 10:08:19
TXN0002330,ACC100241,Delhi-Saket,26378.59,deposit,2026-07-02 10:15:50
TXN0002314,ACC100208,Bangalore-Koramangala,10261.72,withdrawal,2026-07-02 10:18:54
TXN0002299,ACC100241,Mumbai-Andheri,3231.77,deposit,2026-07-02 10:20:18
TXN0002308,ACC100551,Delhi-CP,7441.41,deposit,2026-07-02 10:21:47
TXN0002293,ACC100589,Hyderabad-Gachibowli,10449.51,transfer,2026-07-02 10:38:50
TXN0002246,ACC100396,Delhi-CP,12233.27,deposit,2026-07-02 10:52:54
TXN0002309,ACC100685,Mumbai-Andheri,6387.27,withdrawal,2026-07-02 10:55:20
TXN0002281,ACC100787,Pune-Kothrud,30820.22,deposit,2026-07-02 11:04:39
TXN0002342,ACC100787,Hyderabad-Banjara,156329.3,deposit,2026-07-02 11:05:52
TXN0002251,ACC100731,Pune-Kothrud,11468.2,transfer,2026-07-02 11:08:38
TXN0002272,ACC100795,Mumbai-Andheri,39036.16,transfer,2026-07-02 11:09:46
TXN0002280,ACC100093,Mumbai-Bandra,29057.87,deposit,2026-07-02 11:12:34
TXN0002307,ACC100438,Mumbai-Bandra,35424.85,transfer,2026-07-02 11:48:28
TXN0002316,ACC100706,Pune-Kothrud,9596.1,deposit,2026-07-02 12:18:41
TXN0002323,ACC100475,Mumbai-Andheri,9453.24,transfer,2026-07-02 12:24:09
TXN0002288,ACC100350,Chennai-TNagar,7901.41,deposit,2026-07-02 12:25:12
TXN0002339,ACC100271,Bangalore-Whitefield,10321.62,withdrawal,2026-07-02 12:32:32
TXN0002315,ACC100532,Delhi-CP,14927.0,withdrawal,2026-07-02 13:31:54
TXN0002262,ACC100481,Delhi-Saket,40932.08,transfer,2026-07-02 13:32:10
TXN0002282,ACC100065,Bangalore-Koramangala,9195.44,withdrawal,2026-07-02 13:34:09
TXN0002305,ACC100134,Bangalore-Whitefield,3601.65,deposit,2026-07-02 13:35:54
TXN0002284,ACC100528,Delhi-Saket,11878.87,withdrawal,2026-07-02 13:43:33
TXN0002260,ACC100172,Chennai-TNagar,5994.27,deposit,2026-07-02 13:52:06
TXN0002334,ACC100742,Hyderabad-Banjara,12734.36,transfer,2026-07-02 14:00:11
TXN0002294,ACC100702,Mumbai-Bandra,277016.56,deposit,2026-07-02 14:25:23
TXN0002329,ACC100175,Pune-Kothrud,9892.98,transfer,2026-07-02 14:40:19
TXN0002287,ACC100467,Delhi-Saket,4266.0,deposit,2026-07-02 14:49:47
TXN0002297,ACC100313,Bangalore-Koramangala,7733.42,deposit,2026-07-02 14:59:53
TXN0002337,ACC100571,Pune-Kothrud,518.37,withdrawal,2026-07-02 15:06:08
TXN0002310,ACC100729,Chennai-TNagar,4637.67,deposit,2026-07-02 15:07:05
TXN0002289,ACC100143,Mumbai-Bandra,9610.69,transfer,2026-07-02 15:08:43
TXN0002326,ACC100735,Delhi-CP,1043.5,deposit,2026-07-02 15:12:28
TXN0002274,ACC100467,Bangalore-Whitefield,8060.47,transfer,2026-07-02 15:15:27
TXN0002278,ACC100620,Mumbai-Andheri,9479.79,transfer,2026-07-02 15:18:22
TXN0002291,ACC100586,Pune-Kothrud,1286.14,deposit,2026-07-02 15:20:11
TXN0002317,ACC100423,Hyderabad-Gachibowli,7778.18,deposit,2026-07-02 16:10:58
TXN0002286,ACC100030,Bangalore-Koramangala,5913.3,transfer,2026-07-02 16:21:43
TXN0002302,ACC100324,Hyderabad-Banjara,12714.42,transfer,2026-07-02 16:41:51
TXN0002252,ACC100140,Mumbai-Bandra,13099.48,withdrawal,2026-07-02 16:52:30
TXN0002265,ACC100752,Bangalore-Whitefield,6625.17,transfer,2026-07-02 16:55:52
TXN0002283,ACC100638,Delhi-Saket,12698.12,withdrawal,2026-07-02 17:08:20
TXN0002336,ACC100539,Chennai-TNagar,10647.99,transfer,2026-07-02 17:08:37
TXN0002269,ACC100062,Mumbai-Bandra,6135.76,transfer,2026-07-02 17:09:55
TXN0002343,ACC100586,Chennai-TNagar,1089.49,withdrawal,2026-07-02 17:10:13
TXN0002332,ACC100742,Bangalore-Koramangala,22660.31,transfer,2026-07-02 17:18:15
TXN0002298,ACC100115,Chennai-TNagar,3067.3,withdrawal,2026-07-02 17:21:37
TXN0002333,ACC100020,Delhi-Saket,12180.38,deposit,2026-07-02 17:39:45
TXN0002324,ACC100584,Pune-Kothrud,7712.83,deposit,2026-07-02 17:42:47
TXN0002318,ACC100377,Mumbai-Andheri,3354.74,transfer,2026-07-02 17:45:34
TXN0002306,ACC100785,Mumbai-Bandra,5030.31,deposit,2026-07-02 17:51:49
TXN0002311,ACC100709,Mumbai-Bandra,12780.1,deposit,2026-07-02 18:02:09
TXN0002270,ACC100015,Mumbai-Bandra,1356.85,deposit,2026-07-02 18:11:14
TXN0002271,ACC100644,Mumbai-Bandra,5961.02,withdrawal,2026-07-02 18:23:00
TXN0002320,ACC100007,Bangalore-Koramangala,11100.62,withdrawal,2026-07-02 18:33:15
TXN0002340,ACC100582,Delhi-CP,10858.46,withdrawal,2026-07-02 18:42:32
TXN0002341,ACC100365,Hyderabad-Gachibowli,1007.13,withdrawal,2026-07-02 18:48:50
TXN0002256,ACC100410,Hyderabad-Banjara,258.56,withdrawal,2026-07-02 18:57:58
TXN0002255,ACC100237,Hyderabad-Banjara,27525.76,deposit,2026-07-02 19:12:22
TXN0002335,ACC100584,Hyderabad-Gachibowli,3772.69,deposit,2026-07-02 19:29:48
TXN0002263,ACC100191,Hyderabad-Banjara,13184.9,transfer,2026-07-02 19:37:34
TXN0002312,ACC100314,Mumbai-Bandra,3558.13,deposit,2026-07-02 20:08:41
TXN0002292,ACC100545,Bangalore-Whitefield,21226.45,transfer,2026-07-02 20:24:10
TXN0002295,ACC100374,Hyderabad-Banjara,14348.26,withdrawal,2026-07-02 20:35:20
TXN0002327,ACC100734,Bangalore-Koramangala,14502.64,transfer,2026-07-02 20:59:01
TXN0002258,ACC100525,Pune-Kothrud,8237.08,deposit,2026-07-02 22:24:07
TXN0002375,ACC100307,Hyderabad-Gachibowli,3028.65,withdrawal,2026-07-03 01:27:11
TXN0002419,ACC100507,Hyderabad-Gachibowli,4836.47,deposit,2026-07-03 02:12:44
TXN0002373,ACC100474,Hyderabad-Banjara,1614.83,withdrawal,2026-07-03 03:45:14
TXN0002392,ACC100471,Bangalore-Whitefield,1426.44,withdrawal,2026-07-03 04:10:42
TXN0002438,ACC100133,Chennai-TNagar,10538.92,deposit,2026-07-03 04:25:40
TXN0002431,ACC100663,Hyderabad-Banjara,5648.59,withdrawal,2026-07-03 04:31:00
TXN0002426,ACC100319,Pune-Kothrud,13398.6,withdrawal,2026-07-03 06:21:37
TXN0002362,ACC100061,Hyderabad-Gachibowli,10851.06,withdrawal,2026-07-03 06:27:55
TXN0002423,ACC100099,Mumbai-Andheri,12732.08,withdrawal,2026-07-03 07:14:53
TXN0002380,ACC100486,Hyderabad-Banjara,6280.58,deposit,2026-07-03 07:21:40
TXN0002349,ACC100676,Hyderabad-Gachibowli,10134.22,deposit,2026-07-03 07:24:25
TXN0002358,ACC100353,Hyderabad-Banjara,354.62,withdrawal,2026-07-03 07:29:07
TXN0002411,ACC100593,Bangalore-Whitefield,8185.03,transfer,2026-07-03 07:32:36
TXN0002427,ACC100267,Pune-Kothrud,1949.34,transfer,2026-07-03 07:38:43
TXN0002371,ACC100092,Delhi-CP,295.62,withdrawal,2026-07-03 07:46:42
TXN0002400,ACC100485,Mumbai-Andheri,2779.47,withdrawal,2026-07-03 08:36:05
TXN0002397,ACC100072,Pune-Kothrud,25643.99,transfer,2026-07-03 08:48:07
TXN0002353,ACC100466,Bangalore-Koramangala,7862.79,withdrawal,2026-07-03 08:50:18
TXN0002401,ACC100306,Delhi-Saket,1352.08,deposit,2026-07-03 08:57:31
TXN0002410,ACC100066,Delhi-CP,5850.43,deposit,2026-07-03 08:59:22
TXN0002399,ACC100382,Delhi-CP,12196.87,deposit,2026-07-03 09:02:26
TXN0002391,ACC100169,Chennai-TNagar,19884.83,transfer,2026-07-03 09:03:32
TXN0002379,ACC100403,Delhi-CP,1054.71,deposit,2026-07-03 09:08:44
TXN0002388,ACC100496,Mumbai-Andheri,4065.99,deposit,2026-07-03 09:11:48
TXN0002378,ACC100621,Mumbai-Bandra,30381.67,transfer,2026-07-03 09:27:56
TXN0002398,ACC100462,Pune-Kothrud,11087.94,transfer,2026-07-03 09:28:32
TXN0002361,ACC100493,Pune-Kothrud,2513.11,withdrawal,2026-07-03 09:31:17
TXN0002416,ACC100167,Pune-Kothrud,1708.61,transfer,2026-07-03 09:46:26
TXN0002414,ACC100069,Mumbai-Bandra,4568.51,withdrawal,2026-07-03 09:53:07
TXN0002433,ACC100183,Hyderabad-Banjara,357083.79,transfer,2026-07-03 09:57:47
TXN0002430,ACC100610,Delhi-Saket,3186.41,transfer,2026-07-03 10:26:45
TXN0002432,ACC100050,Hyderabad-Banjara,12124.2,withdrawal,2026-07-03 10:37:16
TXN0002376,ACC100357,Delhi-Saket,6446.04,withdrawal,2026-07-03 11:16:31
TXN0002359,ACC100145,Mumbai-Andheri,4966.92,withdrawal,2026-07-03 11:19:48
TXN0002437,ACC100029,Mumbai-Bandra,3945.52,deposit,2026-07-03 11:24:50
TXN0002367,ACC100637,Hyderabad-Banjara,14970.79,withdrawal,2026-07-03 11:27:53
TXN0002385,ACC100603,Mumbai-Andheri,13945.99,transfer,2026-07-03 11:38:33
TXN0002366,ACC100415,Pune-Kothrud,6826.96,withdrawal,2026-07-03 11:50:19
TXN0002434,ACC100570,Bangalore-Koramangala,4970.43,withdrawal,2026-07-03 12:10:00
TXN0002346,ACC100058,Bangalore-Koramangala,6292.21,deposit,2026-07-03 12:13:43
TXN0002370,ACC100027,Bangalore-Whitefield,3524.78,transfer,2026-07-03 12:17:48
TXN0002409,ACC100559,Mumbai-Andheri,481.75,deposit,2026-07-03 12:19:09
TXN0002381,ACC100603,Hyderabad-Banjara,6759.28,deposit,2026-07-03 12:29:07
TXN0002348,ACC100118,Hyderabad-Gachibowli,10535.99,deposit,2026-07-03 12:29:48
TXN0002422,ACC100042,Delhi-Saket,13007.85,transfer,2026-07-03 12:35:09
TXN0002350,ACC100107,Hyderabad-Banjara,10852.89,deposit,2026-07-03 12:46:21
TXN0002420,ACC100296,Mumbai-Andheri,12692.41,transfer,2026-07-03 12:47:30
TXN0002435,ACC100318,Mumbai-Andheri,6702.13,transfer,2026-07-03 13:01:36
TXN0002369,ACC100002,Hyderabad-Banjara,11979.16,withdrawal,2026-07-03 13:02:13
TXN0002374,ACC100340,Hyderabad-Banjara,27639.24,deposit,2026-07-03 13:17:31
TXN0002413,ACC100140,Pune-Kothrud,14814.09,withdrawal,2026-07-03 13:38:36
TXN0002352,ACC100219,Hyderabad-Banjara,5125.97,withdrawal,2026-07-03 13:42:11
TXN0002417,ACC100000,Mumbai-Bandra,3892.24,transfer,2026-07-03 14:06:25
TXN0002389,ACC100330,Delhi-CP,7779.28,deposit,2026-07-03 14:18:37
TXN0002383,ACC100732,Delhi-Saket,10476.93,withdrawal,2026-07-03 14:20:15
TXN0002355,ACC100345,Chennai-TNagar,2106.05,withdrawal,2026-07-03 14:24:08
TXN0002402,ACC100690,Bangalore-Whitefield,10089.14,deposit,2026-07-03 14:32:09
TXN0002421,ACC100765,Hyderabad-Banjara,8958.75,withdrawal,2026-07-03 14:34:40
TXN0002424,ACC100334,Bangalore-Koramangala,14213.06,transfer,2026-07-03 14:39:42
TXN0002364,ACC100350,Mumbai-Andheri,13190.95,transfer,2026-07-03 15:00:14
TXN0002354,ACC100180,Hyderabad-Banjara,10277.32,deposit,2026-07-03 15:08:59
TXN0002407,ACC100797,Pune-Kothrud,38052.09,withdrawal,2026-07-03 15:11:18
TXN0002405,ACC100594,Mumbai-Bandra,13503.85,withdrawal,2026-07-03 15:11:31
TXN0002384,ACC100683,Pune-Kothrud,730.22,deposit,2026-07-03 15:32:02
TXN0002347,ACC100607,Delhi-CP,6027.51,withdrawal,2026-07-03 15:46:09
TXN0002386,ACC100504,Bangalore-Koramangala,8895.73,withdrawal,2026-07-03 15:52:26
TXN0002412,ACC100797,Hyderabad-Gachibowli,7576.95,withdrawal,2026-07-03 15:56:27
TXN0002363,ACC100604,Hyderabad-Banjara,4292.84,deposit,2026-07-03 15:57:06
TXN0002365,ACC100718,Bangalore-Koramangala,1957.95,deposit,2026-07-03 15:58:57
TXN0002429,ACC100711,Hyderabad-Banjara,6394.98,deposit,2026-07-03 16:14:53
TXN0002406,ACC100290,Bangalore-Koramangala,3439.55,transfer,2026-07-03 16:22:06
TXN0002428,ACC100184,Hyderabad-Banjara,5483.61,withdrawal,2026-07-03 16:24:56
TXN0002382,ACC100258,Hyderabad-Banjara,3615.68,transfer,2026-07-03 16:35:04
TXN0002425,ACC100551,Bangalore-Koramangala,8768.37,transfer,2026-07-03 16:35:28
TXN0002394,ACC100558,Pune-Kothrud,10296.76,transfer,2026-07-03 16:36:32
TXN0002357,ACC100067,Bangalore-Whitefield,13967.44,transfer,2026-07-03 16:36:38
TXN0002344,ACC100095,Hyderabad-Banjara,11710.39,deposit,2026-07-03 16:37:47
TXN0002390,ACC100582,Chennai-TNagar,318.44,transfer,2026-07-03 16:58:16
TXN0002360,ACC100133,Hyderabad-Gachibowli,46083.58,deposit,2026-07-03 17:01:09
TXN0002408,ACC100655,Hyderabad-Banjara,9630.84,withdrawal,2026-07-03 17:24:24
TXN0002368,ACC100176,Pune-Kothrud,2139.2,deposit,2026-07-03 17:29:27
TXN0002377,ACC100030,Hyderabad-Gachibowli,14996.41,withdrawal,2026-07-03 17:49:12
TXN0002436,ACC100461,Bangalore-Whitefield,3388.92,deposit,2026-07-03 17:51:38
TXN0002345,ACC100356,Bangalore-Koramangala,4230.04,deposit,2026-07-03 18:32:12
TXN0002403,ACC100474,Bangalore-Koramangala,38459.67,withdrawal,2026-07-03 18:42:40
TXN0002393,ACC100681,Bangalore-Koramangala,3966.42,withdrawal,2026-07-03 18:57:59
TXN0002395,ACC100609,Delhi-CP,13522.4,transfer,2026-07-03 19:05:28
TXN0002404,ACC100051,Mumbai-Andheri,1856.92,withdrawal,2026-07-03 19:05:50
TXN0002439,ACC100342,Delhi-Saket,15320.46,deposit,2026-07-03 19:27:10
TXN0002396,ACC100022,Bangalore-Whitefield,14472.27,withdrawal,2026-07-03 19:32:01
TXN0002351,ACC100677,Bangalore-Whitefield,3805.24,withdrawal,2026-07-03 19:47:46
TXN0002387,ACC100391,Delhi-Saket,13630.33,transfer,2026-07-03 20:09:13
TXN0002418,ACC100340,Bangalore-Whitefield,27611.07,transfer,2026-07-03 20:48:19
TXN0002356,ACC100017,Chennai-TNagar,5564.24,withdrawal,2026-07-03 21:46:24
TXN0002372,ACC100375,Delhi-CP,10824.91,deposit,2026-07-03 22:45:03
TXN0002415,ACC100600,Chennai-TNagar,9951.6,transfer,2026-07-03 23:40:52
TXN0002480,ACC100692,Bangalore-Whitefield,11619.11,deposit,2026-07-04 01:53:48
TXN0002441,ACC100710,Bangalore-Koramangala,4808.48,deposit,2026-07-04 04:01:06
TXN0002461,ACC100732,Chennai-TNagar,7761.41,withdrawal,2026-07-04 04:27:22
TXN0002456,ACC100196,Chennai-TNagar,2628.77,withdrawal,2026-07-04 05:30:22
TXN0002473,ACC100527,Pune-Kothrud,3260.16,transfer,2026-07-04 08:02:52
TXN0002455,ACC100782,Hyderabad-Gachibowli,10209.92,withdrawal,2026-07-04 08:10:01
TXN0002468,ACC100719,Hyderabad-Gachibowli,6796.27,withdrawal,2026-07-04 08:24:14
TXN0002446,ACC100279,Delhi-CP,4020.52,transfer,2026-07-04 08:51:27
TXN0002462,ACC100176,Mumbai-Andheri,5456.02,deposit,2026-07-04 09:03:52
TXN0002449,ACC100472,Delhi-Saket,5590.59,transfer,2026-07-04 09:32:11
TXN0002451,ACC100770,Pune-Kothrud,14174.13,deposit,2026-07-04 09:41:23
TXN0002447,ACC100077,Hyderabad-Gachibowli,3137.98,deposit,2026-07-04 09:47:48
TXN0002478,ACC100656,Pune-Kothrud,11813.91,withdrawal,2026-07-04 09:50:48
TXN0002459,ACC100736,Delhi-Saket,13417.53,transfer,2026-07-04 10:14:56
TXN0002450,ACC100317,Hyderabad-Banjara,3565.15,withdrawal,2026-07-04 10:16:23
TXN0002476,ACC100692,Delhi-CP,1345.81,withdrawal,2026-07-04 10:23:24
TXN0002440,ACC100121,Hyderabad-Gachibowli,42936.72,deposit,2026-07-04 11:56:30
TXN0002454,ACC100503,Bangalore-Koramangala,1364.52,withdrawal,2026-07-04 12:49:25
TXN0002465,ACC100328,Mumbai-Andheri,6901.75,withdrawal,2026-07-04 13:42:16
TXN0002470,ACC100179,Mumbai-Andheri,9765.59,transfer,2026-07-04 14:10:33
TXN0002463,ACC100544,Hyderabad-Gachibowli,1082.77,withdrawal,2026-07-04 14:13:28
TXN0002466,ACC100551,Bangalore-Whitefield,6441.22,transfer,2026-07-04 14:32:49
TXN0002475,ACC100444,Mumbai-Bandra,12635.0,deposit,2026-07-04 14:55:35
TXN0002471,ACC100241,Hyderabad-Gachibowli,1779.67,transfer,2026-07-04 15:35:31
TXN0002453,ACC100198,Hyderabad-Gachibowli,11569.29,transfer,2026-07-04 15:47:46
TXN0002474,ACC100119,Hyderabad-Banjara,15569.71,deposit,2026-07-04 16:24:29
TXN0002460,ACC100312,Hyderabad-Banjara,42574.37,transfer,2026-07-04 16:32:04
TXN0002443,ACC100257,Delhi-Saket,993.53,withdrawal,2026-07-04 16:34:00
TXN0002445,ACC100081,Hyderabad-Gachibowli,30543.09,withdrawal,2026-07-04 17:00:59
TXN0002457,ACC100731,Hyderabad-Banjara,1102.35,withdrawal,2026-07-04 17:15:52
TXN0002452,ACC100292,Bangalore-Koramangala,3032.46,deposit,2026-07-04 18:07:08
TXN0002448,ACC100490,Mumbai-Bandra,10969.49,withdrawal,2026-07-04 18:34:03
TXN0002479,ACC100784,Chennai-TNagar,4709.02,withdrawal,2026-07-04 18:37:20
TXN0002477,ACC100095,Mumbai-Andheri,8340.18,transfer,2026-07-04 19:41:15
TXN0002464,ACC100721,Bangalore-Whitefield,9798.57,deposit,2026-07-04 19:46:42
TXN0002442,ACC100080,Hyderabad-Gachibowli,5650.39,transfer,2026-07-04 21:32:52
TXN0002469,ACC100037,Bangalore-Whitefield,293201.16,transfer,2026-07-04 21:45:16
TXN0002467,ACC100158,Chennai-TNagar,4660.52,transfer,2026-07-04 22:30:37
TXN0002472,ACC100030,Mumbai-Bandra,34830.34,transfer,2026-07-04 22:33:55
TXN0002444,ACC100110,Delhi-CP,10693.41,withdrawal,2026-07-04 23:08:12
TXN0002458,ACC100042,Mumbai-Andheri,5860.53,transfer,2026-07-04 23:14:20
TXN0002484,ACC100092,Bangalore-Koramangala,49537.35,transfer,2026-07-05 00:28:34
TXN0002510,ACC100033,Delhi-CP,10239.23,transfer,2026-07-05 00:30:16
TXN0002535,ACC100374,Bangalore-Koramangala,12455.58,transfer,2026-07-05 03:25:18
TXN0002527,ACC100145,Mumbai-Andheri,38869.2,deposit,2026-07-05 03:44:11
TXN0002497,ACC100181,Hyderabad-Gachibowli,7732.18,withdrawal,2026-07-05 05:03:51
TXN0002495,ACC100687,Bangalore-Whitefield,2854.69,withdrawal,2026-07-05 05:34:43
TXN0002529,ACC100274,Bangalore-Koramangala,109.69,deposit,2026-07-05 06:08:11
TXN0002525,ACC100505,Bangalore-Koramangala,14852.68,deposit,2026-07-05 07:14:06
TXN0002533,ACC100632,Mumbai-Andheri,12537.83,withdrawal,2026-07-05 07:28:45
TXN0002523,ACC100368,Delhi-CP,14417.72,deposit,2026-07-05 08:36:11
TXN0002487,ACC100567,Hyderabad-Gachibowli,9365.27,withdrawal,2026-07-05 08:38:29
TXN0002504,ACC100059,Hyderabad-Banjara,43588.95,withdrawal,2026-07-05 08:44:16
TXN0002522,ACC100553,Hyderabad-Banjara,6720.57,deposit,2026-07-05 09:03:25
TXN0002498,ACC100724,Chennai-TNagar,10998.03,transfer,2026-07-05 09:08:06
TXN0002513,ACC100586,Hyderabad-Gachibowli,8968.15,transfer,2026-07-05 09:30:49
TXN0002502,ACC100419,Mumbai-Andheri,12426.48,deposit,2026-07-05 09:55:30
TXN0002492,ACC100646,Delhi-CP,28304.91,withdrawal,2026-07-05 10:05:35
TXN0002483,ACC100275,Hyderabad-Banjara,13750.48,deposit,2026-07-05 10:05:45
TXN0002489,ACC100541,Pune-Kothrud,9254.04,withdrawal,2026-07-05 10:23:51
TXN0002511,ACC100717,Bangalore-Whitefield,35090.09,withdrawal,2026-07-05 10:45:20
TXN0002499,ACC100566,Mumbai-Bandra,12541.62,deposit,2026-07-05 10:49:32
TXN0002531,ACC100427,Bangalore-Whitefield,4860.66,withdrawal,2026-07-05 10:55:46
TXN0002521,ACC100233,Mumbai-Bandra,48916.65,transfer,2026-07-05 10:58:08
TXN0002528,ACC100172,Bangalore-Koramangala,13798.72,withdrawal,2026-07-05 10:58:59
TXN0002518,ACC100536,Bangalore-Whitefield,13784.1,transfer,2026-07-05 11:03:25
TXN0002486,ACC100535,Bangalore-Koramangala,3000.25,withdrawal,2026-07-05 11:12:18
TXN0002516,ACC100264,Mumbai-Andheri,9993.42,deposit,2026-07-05 11:43:11
TXN0002512,ACC100715,Mumbai-Andheri,8555.56,transfer,2026-07-05 12:37:35
TXN0002494,ACC100369,Mumbai-Andheri,31119.97,deposit,2026-07-05 12:45:05
TXN0002500,ACC100129,Hyderabad-Banjara,13057.69,withdrawal,2026-07-05 13:00:45
TXN0002514,ACC100118,Mumbai-Bandra,42756.1,transfer,2026-07-05 13:09:30
TXN0002509,ACC100371,Hyderabad-Gachibowli,893.28,transfer,2026-07-05 14:12:02
TXN0002519,ACC100279,Pune-Kothrud,6772.29,withdrawal,2026-07-05 14:14:45
TXN0002532,ACC100187,Chennai-TNagar,10327.14,deposit,2026-07-05 14:28:40
TXN0002526,ACC100085,Pune-Kothrud,5879.71,withdrawal,2026-07-05 14:43:01
TXN0002506,ACC100790,Mumbai-Bandra,5336.34,withdrawal,2026-07-05 14:44:48
TXN0002488,ACC100015,Delhi-CP,7848.58,withdrawal,2026-07-05 15:07:30
TXN0002508,ACC100111,Pune-Kothrud,6468.31,withdrawal,2026-07-05 16:02:47
TXN0002515,ACC100207,Bangalore-Whitefield,13535.28,transfer,2026-07-05 16:04:02
TXN0002524,ACC100746,Bangalore-Whitefield,5066.27,withdrawal,2026-07-05 16:06:02
TXN0002491,ACC100608,Hyderabad-Gachibowli,6531.03,deposit,2026-07-05 16:22:29
TXN0002481,ACC100186,Hyderabad-Banjara,5008.42,transfer,2026-07-05 16:24:28
TXN0002517,ACC100070,Delhi-CP,402652.2,deposit,2026-07-05 16:28:16
TXN0002534,ACC100195,Chennai-TNagar,13968.18,withdrawal,2026-07-05 16:37:43
TXN0002485,ACC100331,Hyderabad-Banjara,35701.84,withdrawal,2026-07-05 17:30:02
TXN0002503,ACC100181,Delhi-CP,13322.62,transfer,2026-07-05 18:17:00
TXN0002507,ACC100060,Hyderabad-Banjara,324688.28,withdrawal,2026-07-05 18:56:51
TXN0002490,ACC100605,Mumbai-Bandra,8583.31,withdrawal,2026-07-05 19:01:44
TXN0002482,ACC100076,Mumbai-Andheri,6549.48,transfer,2026-07-05 19:24:27
TXN0002501,ACC100588,Hyderabad-Banjara,6049.55,transfer,2026-07-05 19:57:21
TXN0002496,ACC100660,Delhi-Saket,8924.09,deposit,2026-07-05 20:27:17
TXN0002505,ACC100734,Delhi-CP,82619.6,deposit,2026-07-05 20:34:59
TXN0002493,ACC100005,Bangalore-Whitefield,14024.41,transfer,2026-07-05 20:50:29
TXN0002530,ACC100448,Chennai-TNagar,27507.05,transfer,2026-07-05 21:00:10
TXN0002520,ACC100257,Chennai-TNagar,8252.72,transfer,2026-07-05 21:20:51
TXN0002569,ACC100727,Hyderabad-Gachibowli,9446.81,deposit,2026-07-06 00:02:40
TXN0002611,ACC100591,Mumbai-Bandra,3005.19,withdrawal,2026-07-06 00:17:58
TXN0002544,ACC100295,Mumbai-Andheri,437849.61,withdrawal,2026-07-06 01:25:31
TXN0002549,ACC100032,Delhi-Saket,44362.56,withdrawal,2026-07-06 03:15:00
TXN0002623,ACC100089,Delhi-CP,1465.41,transfer,2026-07-06 03:29:02
TXN0002614,ACC100025,Pune-Kothrud,10969.37,withdrawal,2026-07-06 04:11:20
TXN0002540,ACC100702,Delhi-Saket,1152.86,deposit,2026-07-06 04:31:36
TXN0002591,ACC100266,Pune-Kothrud,10373.91,transfer,2026-07-06 05:45:53
TXN0002548,ACC100797,Hyderabad-Gachibowli,12854.57,transfer,2026-07-06 05:47:50
TXN0002598,ACC100340,Pune-Kothrud,25722.23,transfer,2026-07-06 06:21:11
TXN0002588,ACC100417,Hyderabad-Gachibowli,12327.84,deposit,2026-07-06 06:38:36
TXN0002634,ACC100117,Delhi-Saket,7427.47,deposit,2026-07-06 07:15:00
TXN0002622,ACC100710,Bangalore-Whitefield,5375.18,transfer,2026-07-06 07:27:27
TXN0002629,ACC100156,Hyderabad-Gachibowli,351.62,deposit,2026-07-06 07:38:18
TXN0002587,ACC100546,Bangalore-Whitefield,10339.93,transfer,2026-07-06 07:39:59
TXN0002625,ACC100204,Mumbai-Bandra,2423.97,deposit,2026-07-06 07:41:54
TXN0002601,ACC100376,Bangalore-Whitefield,2805.73,withdrawal,2026-07-06 07:52:18
TXN0002565,ACC100673,Hyderabad-Banjara,11334.49,withdrawal,2026-07-06 08:03:11
TXN0002626,ACC100566,Hyderabad-Gachibowli,9518.59,transfer,2026-07-06 08:05:54
TXN0002628,ACC100798,Mumbai-Bandra,4013.57,deposit,2026-07-06 08:13:44
TXN0002582,ACC100260,Mumbai-Andheri,28703.07,deposit,2026-07-06 08:19:38
TXN0002557,ACC100352,Chennai-TNagar,191.18,deposit,2026-07-06 08:44:10
TXN0002617,ACC100035,Hyderabad-Gachibowli,5330.86,deposit,2026-07-06 08:49:25
TXN0002550,ACC100652,Bangalore-Whitefield,32865.29,withdrawal,2026-07-06 09:09:56
TXN0002562,ACC100529,Hyderabad-Banjara,202851.22,deposit,2026-07-06 09:34:48
TXN0002545,ACC100469,Mumbai-Bandra,4988.57,transfer,2026-07-06 09:40:22
TXN0002538,ACC100065,Hyderabad-Banjara,1497.55,deposit,2026-07-06 09:41:21
TXN0002571,ACC100449,Delhi-CP,13149.58,transfer,2026-07-06 09:45:12
TXN0002633,ACC100248,Chennai-TNagar,12980.95,withdrawal,2026-07-06 09:54:41
TXN0002627,ACC100504,Bangalore-Koramangala,10641.03,transfer,2026-07-06 09:55:16
TXN0002602,ACC100053,Pune-Kothrud,8794.47,transfer,2026-07-06 09:57:10
TXN0002631,ACC100680,Pune-Kothrud,11040.36,withdrawal,2026-07-06 10:03:24
TXN0002621,ACC100630,Hyderabad-Gachibowli,121.22,withdrawal,2026-07-06 10:30:44
TXN0002615,ACC100474,Bangalore-Koramangala,494.4,transfer,2026-07-06 10:36:44
TXN0002599,ACC100778,Mumbai-Bandra,5631.11,deposit,2026-07-06 11:19:54
TXN0002554,ACC100433,Mumbai-Andheri,12663.15,withdrawal,2026-07-06 11:51:56
TXN0002579,ACC100429,Delhi-CP,8401.98,withdrawal,2026-07-06 11:53:26
TXN0002610,ACC100420,Bangalore-Whitefield,3416.21,transfer,2026-07-06 12:28:08
TXN0002555,ACC100183,Bangalore-Whitefield,5613.66,transfer,2026-07-06 13:04:16
TXN0002574,ACC100450,Delhi-CP,18358.38,withdrawal,2026-07-06 13:08:49
TXN0002624,ACC100523,Hyderabad-Gachibowli,1899.82,withdrawal,2026-07-06 13:10:53
TXN0002590,ACC100471,Pune-Kothrud,958.29,deposit,2026-07-06 13:14:15
TXN0002593,ACC100478,Bangalore-Whitefield,10159.58,withdrawal,2026-07-06 13:50:29
TXN0002586,ACC100712,Mumbai-Andheri,7768.84,withdrawal,2026-07-06 13:56:02
TXN0002536,ACC100221,Pune-Kothrud,10381.44,transfer,2026-07-06 14:00:17
TXN0002559,ACC100127,Delhi-CP,10327.29,transfer,2026-07-06 14:27:06
TXN0002553,ACC100556,Delhi-CP,18070.44,transfer,2026-07-06 14:37:49
TXN0002630,ACC100259,Pune-Kothrud,436128.95,deposit,2026-07-06 14:45:52
TXN0002560,ACC100791,Hyderabad-Banjara,5051.5,withdrawal,2026-07-06 14:46:37
TXN0002581,ACC100086,Delhi-Saket,1000.62,transfer,2026-07-06 14:49:48
TXN0002595,ACC100650,Mumbai-Andheri,30280.51,deposit,2026-07-06 14:54:17
TXN0002613,ACC100549,Hyderabad-Banjara,9771.25,transfer,2026-07-06 15:02:02
TXN0002608,ACC100517,Bangalore-Whitefield,9792.25,deposit,2026-07-06 15:03:07
TXN0002583,ACC100788,Hyderabad-Gachibowli,227.19,deposit,2026-07-06 15:24:10
TXN0002618,ACC100180,Chennai-TNagar,8676.64,deposit,2026-07-06 15:31:50
TXN0002547,ACC100108,Delhi-CP,9453.27,deposit,2026-07-06 15:36:44
TXN0002543,ACC100512,Mumbai-Andheri,14350.61,withdrawal,2026-07-06 15:36:54
TXN0002609,ACC100509,Hyderabad-Gachibowli,47681.56,transfer,2026-07-06 15:44:33
TXN0002567,ACC100159,Hyderabad-Banjara,14812.3,deposit,2026-07-06 15:46:08
TXN0002537,ACC100356,Hyderabad-Banjara,779.55,deposit,2026-07-06 15:48:18
TXN0002575,ACC100072,Bangalore-Koramangala,90346.48,withdrawal,2026-07-06 15:52:43
TXN0002632,ACC100187,Bangalore-Whitefield,144978.59,withdrawal,2026-07-06 15:57:24
TXN0002597,ACC100287,Hyderabad-Banjara,429.68,deposit,2026-07-06 16:00:36
TXN0002603,ACC100425,Bangalore-Whitefield,4703.3,deposit,2026-07-06 16:03:28
TXN0002542,ACC100075,Delhi-Saket,756.92,transfer,2026-07-06 16:15:30
TXN0002592,ACC100374,Chennai-TNagar,5670.54,withdrawal,2026-07-06 16:23:55
TXN0002561,ACC100320,Delhi-Saket,125365.73,withdrawal,2026-07-06 16:24:35
TXN0002616,ACC100126,Bangalore-Whitefield,12111.23,deposit,2026-07-06 16:31:10
TXN0002585,ACC100150,Mumbai-Andheri,13802.56,transfer,2026-07-06 16:41:35
TXN0002539,ACC100630,Bangalore-Koramangala,5257.01,deposit,2026-07-06 16:58:23
TXN0002580,ACC100402,Delhi-CP,28410.76,transfer,2026-07-06 16:59:09
TXN0002584,ACC100464,Hyderabad-Gachibowli,6564.21,transfer,2026-07-06 17:05:18
TXN0002578,ACC100282,Hyderabad-Banjara,8555.59,withdrawal,2026-07-06 17:12:07
TXN0002620,ACC100218,Chennai-TNagar,10429.05,deposit,2026-07-06 17:14:44
TXN0002573,ACC100405,Hyderabad-Gachibowli,5232.07,withdrawal,2026-07-06 17:14:59
TXN0002596,ACC100402,Mumbai-Bandra,5796.39,transfer,2026-07-06 17:27:13
TXN0002612,ACC100063,Bangalore-Koramangala,10533.96,deposit,2026-07-06 17:52:28
TXN0002594,ACC100411,Delhi-Saket,4096.94,transfer,2026-07-06 17:57:58
TXN0002605,ACC100030,Delhi-Saket,14108.19,withdrawal,2026-07-06 17:58:10
TXN0002570,ACC100212,Pune-Kothrud,2324.09,deposit,2026-07-06 18:08:45
TXN0002572,ACC100042,Chennai-TNagar,6327.14,transfer,2026-07-06 18:26:16
TXN0002552,ACC100694,Mumbai-Andheri,26692.9,transfer,2026-07-06 18:36:35
TXN0002589,ACC100699,Mumbai-Bandra,12094.47,deposit,2026-07-06 18:46:18
TXN0002564,ACC100595,Delhi-CP,5042.31,deposit,2026-07-06 18:55:03
TXN0002556,ACC100473,Pune-Kothrud,1978.63,transfer,2026-07-06 19:07:05
TXN0002546,ACC100011,Hyderabad-Banjara,3901.05,deposit,2026-07-06 19:11:18
TXN0002551,ACC100119,Hyderabad-Banjara,2127.61,withdrawal,2026-07-06 19:18:57
TXN0002607,ACC100325,Hyderabad-Gachibowli,24777.61,withdrawal,2026-07-06 19:27:56
TXN0002558,ACC100101,Bangalore-Koramangala,1106.12,withdrawal,2026-07-06 19:33:50
TXN0002541,ACC100591,Hyderabad-Banjara,14149.28,deposit,2026-07-06 19:35:03
TXN0002606,ACC100145,Pune-Kothrud,6754.85,deposit,2026-07-06 19:35:17
TXN0002619,ACC100252,Mumbai-Bandra,27328.71,transfer,2026-07-06 19:42:43
TXN0002604,ACC100580,Mumbai-Bandra,1653.32,withdrawal,2026-07-06 19:57:01
TXN0002563,ACC100716,Delhi-Saket,5694.02,deposit,2026-07-06 20:32:58
TXN0002568,ACC100767,Chennai-TNagar,14611.68,transfer,2026-07-06 20:36:38
TXN0002576,ACC100760,Hyderabad-Banjara,16430.68,deposit,2026-07-06 20:37:47
TXN0002577,ACC100543,Hyderabad-Gachibowli,3794.33,transfer,2026-07-06 21:34:52
TXN0002600,ACC100457,Hyderabad-Gachibowli,6852.68,transfer,2026-07-06 22:08:15
TXN0002566,ACC100564,Hyderabad-Gachibowli,13906.66,deposit,2026-07-06 22:08:42
TXN0002671,ACC100483,Bangalore-Whitefield,655.66,deposit,2026-07-07 00:19:17
TXN0002709,ACC100661,Mumbai-Bandra,40901.33,transfer,2026-07-07 00:34:52
TXN0002725,ACC100445,Delhi-Saket,184079.41,withdrawal,2026-07-07 00:48:37
TXN0002665,ACC100461,Mumbai-Andheri,6207.78,withdrawal,2026-07-07 01:48:43
TXN0002704,ACC100075,Delhi-CP,4441.09,deposit,2026-07-07 02:40:59
TXN0002638,ACC100748,Mumbai-Andheri,3846.26,withdrawal,2026-07-07 05:11:59
TXN0002643,ACC100667,Delhi-CP,2330.1,deposit,2026-07-07 05:12:36
TXN0002639,ACC100641,Bangalore-Koramangala,10833.66,withdrawal,2026-07-07 05:36:49
TXN0002720,ACC100740,Mumbai-Andheri,6528.82,transfer,2026-07-07 05:42:16
TXN0002688,ACC100010,Hyderabad-Gachibowli,7079.85,deposit,2026-07-07 05:44:07
TXN0002717,ACC100377,Delhi-Saket,4358.98,transfer,2026-07-07 05:59:55
TXN0002640,ACC100689,Mumbai-Bandra,14006.84,withdrawal,2026-07-07 06:46:24
TXN0002686,ACC100344,Bangalore-Koramangala,3064.66,transfer,2026-07-07 07:09:39
TXN0002687,ACC100239,Hyderabad-Banjara,8646.89,deposit,2026-07-07 07:13:56
TXN0002663,ACC100314,Bangalore-Koramangala,4649.75,transfer,2026-07-07 07:36:59
TXN0002673,ACC100028,Hyderabad-Gachibowli,2131.77,transfer,2026-07-07 07:46:55
TXN0002707,ACC100504,Pune-Kothrud,8407.59,transfer,2026-07-07 08:01:23
TXN0002650,ACC100031,Pune-Kothrud,9590.32,withdrawal,2026-07-07 08:07:09
TXN0002706,ACC100612,Mumbai-Andheri,7460.48,transfer,2026-07-07 08:09:57
TXN0002697,ACC100266,Mumbai-Bandra,14042.16,withdrawal,2026-07-07 08:16:03
TXN0002698,ACC100395,Mumbai-Bandra,13815.42,withdrawal,2026-07-07 08:43:30
TXN0002682,ACC100144,Delhi-Saket,14393.02,deposit,2026-07-07 08:51:41
TXN0002721,ACC100638,Delhi-CP,1546.73,withdrawal,2026-07-07 09:06:14
TXN0002705,ACC100230,Delhi-Saket,9329.45,withdrawal,2026-07-07 09:22:11
TXN0002661,ACC100573,Chennai-TNagar,5295.35,transfer,2026-07-07 09:42:27
TXN0002695,ACC100382,Hyderabad-Banjara,13752.75,transfer,2026-07-07 09:56:34
TXN0002692,ACC100569,Bangalore-Whitefield,532.75,transfer,2026-07-07 09:58:50
TXN0002699,ACC100644,Hyderabad-Gachibowli,21295.75,withdrawal,2026-07-07 10:02:51
TXN0002715,ACC100463,Pune-Kothrud,2484.27,withdrawal,2026-07-07 10:09:01
TXN0002676,ACC100587,Delhi-Saket,5471.39,transfer,2026-07-07 10:16:44
TXN0002685,ACC100167,Hyderabad-Gachibowli,29774.35,withdrawal,2026-07-07 10:28:48
TXN0002712,ACC100010,Chennai-TNagar,7661.55,withdrawal,2026-07-07 10:39:49
TXN0002651,ACC100046,Hyderabad-Gachibowli,450.43,withdrawal,2026-07-07 10:51:24
TXN0002637,ACC100293,Bangalore-Koramangala,7155.55,deposit,2026-07-07 11:04:20
TXN0002714,ACC100649,Bangalore-Koramangala,40937.83,deposit,2026-07-07 11:17:11
TXN0002649,ACC100715,Bangalore-Koramangala,9486.48,deposit,2026-07-07 11:19:12
TXN0002674,ACC100472,Mumbai-Andheri,10633.98,withdrawal,2026-07-07 11:21:37
TXN0002675,ACC100345,Bangalore-Koramangala,34438.2,transfer,2026-07-07 11:51:05
TXN0002719,ACC100238,Delhi-CP,2397.12,withdrawal,2026-07-07 11:52:39
TXN0002645,ACC100415,Hyderabad-Banjara,1205.48,transfer,2026-07-07 11:57:30
TXN0002683,ACC100091,Bangalore-Koramangala,4362.09,transfer,2026-07-07 12:12:02
TXN0002689,ACC100686,Chennai-TNagar,12255.2,transfer,2026-07-07 12:27:09
TXN0002702,ACC100190,Hyderabad-Banjara,103651.62,deposit,2026-07-07 12:32:02
TXN0002659,ACC100736,Hyderabad-Banjara,7982.34,withdrawal,2026-07-07 12:43:13
TXN0002652,ACC100278,Pune-Kothrud,13832.75,withdrawal,2026-07-07 12:45:03
TXN0002701,ACC100742,Bangalore-Whitefield,9445.3,transfer,2026-07-07 12:49:04
TXN0002711,ACC100531,Delhi-CP,15411.02,withdrawal,2026-07-07 12:51:10
TXN0002666,ACC100673,Bangalore-Koramangala,8940.48,deposit,2026-07-07 13:08:38
TXN0002644,ACC100249,Bangalore-Whitefield,29123.68,withdrawal,2026-07-07 13:41:29
TXN0002667,ACC100740,Delhi-CP,351053.54,transfer,2026-07-07 13:49:56
TXN0002716,ACC100428,Hyderabad-Banjara,2212.22,withdrawal,2026-07-07 14:01:41
TXN0002677,ACC100335,Mumbai-Bandra,14024.78,deposit,2026-07-07 14:03:56
TXN0002656,ACC100416,Mumbai-Andheri,3067.78,deposit,2026-07-07 14:24:17
TXN0002653,ACC100001,Hyderabad-Gachibowli,4661.94,transfer,2026-07-07 14:48:27
TXN0002679,ACC100254,Hyderabad-Gachibowli,6158.0,withdrawal,2026-07-07 15:01:19
TXN0002642,ACC100000,Bangalore-Whitefield,14648.28,deposit,2026-07-07 15:04:39
TXN0002678,ACC100209,Mumbai-Andheri,2447.81,deposit,2026-07-07 15:08:02
TXN0002708,ACC100296,Hyderabad-Gachibowli,10219.0,deposit,2026-07-07 15:16:37
TXN0002635,ACC100685,Mumbai-Andheri,42025.96,transfer,2026-07-07 15:20:09
TXN0002696,ACC100473,Bangalore-Koramangala,7196.68,transfer,2026-07-07 15:31:20
TXN0002636,ACC100013,Chennai-TNagar,2700.27,deposit,2026-07-07 15:32:50
TXN0002672,ACC100580,Delhi-CP,20193.36,deposit,2026-07-07 15:36:03
TXN0002718,ACC100787,Mumbai-Bandra,4805.49,deposit,2026-07-07 15:37:25
TXN0002647,ACC100028,Delhi-CP,8003.23,deposit,2026-07-07 15:41:34
TXN0002680,ACC100237,Bangalore-Koramangala,11147.63,transfer,2026-07-07 15:42:25
TXN0002646,ACC100236,Hyderabad-Banjara,2064.59,withdrawal,2026-07-07 15:43:48
TXN0002681,ACC100553,Chennai-TNagar,14829.79,deposit,2026-07-07 15:45:45
TXN0002648,ACC100430,Mumbai-Bandra,47924.66,transfer,2026-07-07 15:57:58
TXN0002703,ACC100241,Bangalore-Koramangala,12129.4,transfer,2026-07-07 16:03:42
TXN0002669,ACC100584,Delhi-CP,12920.28,deposit,2026-07-07 16:30:20
TXN0002724,ACC100078,Mumbai-Bandra,13263.19,deposit,2026-07-07 16:34:09
TXN0002658,ACC100366,Hyderabad-Gachibowli,3167.74,withdrawal,2026-07-07 16:37:29
TXN0002700,ACC100598,Bangalore-Whitefield,8053.27,deposit,2026-07-07 16:58:32
TXN0002641,ACC100606,Pune-Kothrud,7500.1,withdrawal,2026-07-07 17:03:30
TXN0002694,ACC100789,Hyderabad-Banjara,2534.76,withdrawal,2026-07-07 17:18:03
TXN0002710,ACC100200,Hyderabad-Gachibowli,13170.42,deposit,2026-07-07 17:19:32
TXN0002684,ACC100309,Hyderabad-Gachibowli,8094.77,deposit,2026-07-07 17:23:03
TXN0002670,ACC100308,Chennai-TNagar,9491.43,withdrawal,2026-07-07 17:23:21
TXN0002693,ACC100134,Hyderabad-Banjara,14203.57,withdrawal,2026-07-07 17:51:47
TXN0002655,ACC100206,Mumbai-Bandra,603.24,deposit,2026-07-07 18:02:01
TXN0002654,ACC100508,Mumbai-Bandra,13858.02,withdrawal,2026-07-07 18:05:26
TXN0002722,ACC100670,Delhi-Saket,8651.06,transfer,2026-07-07 18:14:45
TXN0002664,ACC100617,Delhi-Saket,10614.74,transfer,2026-07-07 18:17:37
TXN0002657,ACC100578,Mumbai-Bandra,1278.26,deposit,2026-07-07 18:36:41
TXN0002690,ACC100794,Delhi-CP,4796.31,withdrawal,2026-07-07 19:03:11
TXN0002713,ACC100320,Hyderabad-Gachibowli,9396.32,withdrawal,2026-07-07 19:25:27
TXN0002660,ACC100436,Mumbai-Andheri,36492.85,transfer,2026-07-07 19:39:54
TXN0002662,ACC100253,Mumbai-Andheri,13526.79,deposit,2026-07-07 19:47:14
TXN0002691,ACC100284,Bangalore-Koramangala,13562.32,deposit,2026-07-07 19:47:37
TXN0002723,ACC100160,Hyderabad-Banjara,2362.42,withdrawal,2026-07-07 20:11:50
TXN0002668,ACC100534,Delhi-Saket,2449.63,transfer,2026-07-07 21:57:48
TXN0002737,ACC100165,Delhi-Saket,13107.23,deposit,2026-07-08 00:40:02
TXN0002773,ACC100459,Delhi-Saket,10843.1,withdrawal,2026-07-08 01:07:33
TXN0002769,ACC100014,Hyderabad-Gachibowli,13736.46,transfer,2026-07-08 03:13:02
TXN0002729,ACC100411,Mumbai-Andheri,11648.55,transfer,2026-07-08 07:27:46
TXN0002745,ACC100000,Pune-Kothrud,11887.42,deposit,2026-07-08 08:14:45
TXN0002740,ACC100785,Bangalore-Koramangala,10492.85,deposit,2026-07-08 08:29:48
TXN0002765,ACC100409,Mumbai-Andheri,12614.02,withdrawal,2026-07-08 08:34:53
TXN0002777,ACC100410,Bangalore-Whitefield,675.43,withdrawal,2026-07-08 08:49:08
TXN0002739,ACC100363,Delhi-Saket,12173.72,deposit,2026-07-08 08:49:36
TXN0002787,ACC100691,Mumbai-Andheri,10062.04,deposit,2026-07-08 08:53:22
TXN0002778,ACC100119,Mumbai-Andheri,13096.42,deposit,2026-07-08 08:59:27
TXN0002742,ACC100513,Delhi-Saket,14400.1,withdrawal,2026-07-08 09:30:26
TXN0002761,ACC100473,Mumbai-Andheri,9485.71,transfer,2026-07-08 09:46:37
TXN0002746,ACC100623,Hyderabad-Gachibowli,10993.24,withdrawal,2026-07-08 09:57:11
TXN0002726,ACC100543,Mumbai-Andheri,4708.63,withdrawal,2026-07-08 10:08:53
TXN0002736,ACC100021,Bangalore-Whitefield,1029.58,transfer,2026-07-08 10:12:47
TXN0002779,ACC100786,Hyderabad-Gachibowli,9173.93,transfer,2026-07-08 10:13:59
TXN0002775,ACC100381,Chennai-TNagar,13792.12,deposit,2026-07-08 10:16:08
TXN0002786,ACC100435,Bangalore-Whitefield,3771.07,withdrawal,2026-07-08 10:20:45
TXN0002788,ACC100143,Bangalore-Koramangala,14664.73,deposit,2026-07-08 10:23:39
TXN0002771,ACC100364,Bangalore-Koramangala,27510.27,deposit,2026-07-08 10:35:16
TXN0002731,ACC100183,Hyderabad-Banjara,1053.06,deposit,2026-07-08 10:39:16
TXN0002744,ACC100786,Mumbai-Bandra,6567.4,withdrawal,2026-07-08 10:49:06
TXN0002768,ACC100754,Delhi-CP,1679.2,transfer,2026-07-08 10:55:15
TXN0002780,ACC100650,Bangalore-Koramangala,3953.43,deposit,2026-07-08 10:57:24
TXN0002763,ACC100323,Hyderabad-Banjara,7770.07,withdrawal,2026-07-08 11:00:20
TXN0002753,ACC100749,Hyderabad-Gachibowli,14304.78,withdrawal,2026-07-08 11:24:48
TXN0002792,ACC100472,Hyderabad-Banjara,14701.74,withdrawal,2026-07-08 12:16:18
TXN0002754,ACC100174,Bangalore-Koramangala,2161.65,withdrawal,2026-07-08 12:19:39
TXN0002733,ACC100791,Chennai-TNagar,12954.24,transfer,2026-07-08 12:52:48
TXN0002782,ACC100098,Chennai-TNagar,4756.84,transfer,2026-07-08 13:05:08
TXN0002762,ACC100549,Bangalore-Whitefield,11668.45,deposit,2026-07-08 13:16:18
TXN0002766,ACC100258,Mumbai-Bandra,8388.6,deposit,2026-07-08 13:35:12
TXN0002734,ACC100416,Delhi-Saket,8672.97,withdrawal,2026-07-08 13:41:10
TXN0002732,ACC100544,Hyderabad-Gachibowli,7335.4,transfer,2026-07-08 13:56:36
TXN0002738,ACC100334,Bangalore-Whitefield,46470.06,deposit,2026-07-08 14:00:59
TXN0002757,ACC100455,Mumbai-Andheri,6238.89,withdrawal,2026-07-08 14:19:04
TXN0002781,ACC100310,Delhi-Saket,8999.59,withdrawal,2026-07-08 14:20:10
TXN0002750,ACC100669,Bangalore-Whitefield,1998.79,deposit,2026-07-08 14:26:07
TXN0002751,ACC100471,Chennai-TNagar,8941.97,withdrawal,2026-07-08 14:34:41
TXN0002756,ACC100643,Bangalore-Koramangala,13310.26,transfer,2026-07-08 14:38:01
TXN0002758,ACC100782,Delhi-CP,8480.29,withdrawal,2026-07-08 14:38:29
TXN0002767,ACC100681,Bangalore-Whitefield,12240.57,deposit,2026-07-08 14:39:38
TXN0002755,ACC100519,Delhi-Saket,4959.64,transfer,2026-07-08 14:42:27
TXN0002743,ACC100764,Hyderabad-Banjara,9503.48,deposit,2026-07-08 14:51:48
TXN0002774,ACC100483,Hyderabad-Gachibowli,565.33,transfer,2026-07-08 15:13:27
TXN0002789,ACC100086,Delhi-CP,33518.26,deposit,2026-07-08 15:23:19
TXN0002748,ACC100717,Hyderabad-Banjara,5846.08,transfer,2026-07-08 15:27:48
TXN0002752,ACC100252,Delhi-Saket,2755.11,deposit,2026-07-08 15:45:52
TXN0002728,ACC100653,Delhi-CP,4976.65,deposit,2026-07-08 16:24:40
TXN0002790,ACC100613,Hyderabad-Banjara,7127.08,withdrawal,2026-07-08 16:40:13
TXN0002747,ACC100472,Bangalore-Whitefield,7205.37,transfer,2026-07-08 16:48:47
TXN0002760,ACC100282,Hyderabad-Banjara,12049.54,withdrawal,2026-07-08 18:07:26
TXN0002791,ACC100365,Bangalore-Whitefield,40613.0,deposit,2026-07-08 18:18:07
TXN0002759,ACC100314,Bangalore-Koramangala,10315.2,withdrawal,2026-07-08 18:18:25
TXN0002735,ACC100526,Bangalore-Koramangala,949.49,deposit,2026-07-08 18:27:26
TXN0002783,ACC100294,Mumbai-Andheri,10552.6,deposit,2026-07-08 18:38:03
TXN0002770,ACC100695,Mumbai-Bandra,1617.16,withdrawal,2026-07-08 18:49:38
TXN0002741,ACC100446,Pune-Kothrud,8381.57,transfer,2026-07-08 18:56:55
TXN0002784,ACC100003,Bangalore-Whitefield,14202.92,withdrawal,2026-07-08 19:04:59
TXN0002772,ACC100785,Delhi-Saket,349234.9,transfer,2026-07-08 19:18:27
TXN0002727,ACC100689,Hyderabad-Banjara,13928.22,transfer,2026-07-08 19:31:28
TXN0002730,ACC100132,Hyderabad-Gachibowli,2199.55,withdrawal,2026-07-08 19:51:09
TXN0002749,ACC100644,Bangalore-Koramangala,9558.58,transfer,2026-07-08 20:33:06
TXN0002776,ACC100615,Delhi-Saket,10012.45,deposit,2026-07-08 20:35:57
TXN0002764,ACC100175,Hyderabad-Banjara,6037.23,transfer,2026-07-08 21:02:25
TXN0002785,ACC100734,Bangalore-Whitefield,2233.48,deposit,2026-07-08 21:31:10
TXN0002815,ACC100503,Chennai-TNagar,26779.58,deposit,2026-07-09 00:52:01
TXN0002847,ACC100460,Hyderabad-Banjara,225.59,deposit,2026-07-09 00:58:07
TXN0002823,ACC100335,Bangalore-Whitefield,40101.26,transfer,2026-07-09 03:20:03
TXN0002885,ACC100367,Chennai-TNagar,3345.28,deposit,2026-07-09 04:01:35
TXN0002861,ACC100597,Hyderabad-Banjara,4763.53,deposit,2026-07-09 04:31:15
TXN0002855,ACC100261,Chennai-TNagar,2744.1,withdrawal,2026-07-09 05:31:53
TXN0002825,ACC100543,Delhi-CP,13733.69,withdrawal,2026-07-09 05:44:22
TXN0002849,ACC100136,Mumbai-Bandra,47334.04,transfer,2026-07-09 05:54:10
TXN0002863,ACC100091,Hyderabad-Gachibowli,2657.81,transfer,2026-07-09 06:13:34
TXN0002814,ACC100540,Delhi-CP,1799.75,transfer,2026-07-09 06:15:39
TXN0002888,ACC100121,Mumbai-Bandra,12852.52,deposit,2026-07-09 06:36:48
TXN0002869,ACC100015,Hyderabad-Gachibowli,24445.73,deposit,2026-07-09 06:46:58
TXN0002832,ACC100387,Mumbai-Bandra,2738.63,deposit,2026-07-09 06:51:16
TXN0002804,ACC100544,Chennai-TNagar,5171.67,transfer,2026-07-09 07:05:34
TXN0002842,ACC100785,Mumbai-Andheri,12703.29,transfer,2026-07-09 07:17:56
TXN0002879,ACC100578,Hyderabad-Banjara,12710.92,deposit,2026-07-09 07:27:19
TXN0002833,ACC100262,Hyderabad-Banjara,620.93,transfer,2026-07-09 07:44:29
TXN0002837,ACC100521,Chennai-TNagar,4131.76,deposit,2026-07-09 07:48:37
TXN0002874,ACC100359,Hyderabad-Banjara,8667.09,deposit,2026-07-09 07:59:34
TXN0002848,ACC100357,Hyderabad-Gachibowli,48926.36,transfer,2026-07-09 08:08:25
TXN0002867,ACC100006,Delhi-CP,14750.43,deposit,2026-07-09 08:14:48
TXN0002857,ACC100176,Mumbai-Bandra,869.1,deposit,2026-07-09 08:24:33
TXN0002793,ACC100208,Hyderabad-Banjara,551.25,deposit,2026-07-09 08:33:13
TXN0002868,ACC100308,Mumbai-Andheri,21428.35,transfer,2026-07-09 08:41:25
TXN0002795,ACC100186,Mumbai-Bandra,8070.72,deposit,2026-07-09 08:58:35
TXN0002813,ACC100535,Pune-Kothrud,2815.16,transfer,2026-07-09 09:01:13
TXN0002845,ACC100213,Delhi-Saket,32754.0,transfer,2026-07-09 09:30:28
TXN0002881,ACC100402,Delhi-Saket,3040.97,transfer,2026-07-09 10:14:17
TXN0002805,ACC100608,Mumbai-Bandra,20957.04,withdrawal,2026-07-09 10:17:47
TXN0002797,ACC100188,Mumbai-Andheri,6733.04,deposit,2026-07-09 10:20:53
TXN0002828,ACC100375,Bangalore-Koramangala,1380.63,deposit,2026-07-09 10:24:52
TXN0002860,ACC100242,Mumbai-Bandra,1144.17,transfer,2026-07-09 10:26:34
TXN0002796,ACC100069,Mumbai-Bandra,3024.86,deposit,2026-07-09 10:35:27
TXN0002824,ACC100138,Mumbai-Andheri,1138.21,transfer,2026-07-09 10:44:50
TXN0002799,ACC100524,Delhi-Saket,7227.66,deposit,2026-07-09 10:55:24
TXN0002864,ACC100389,Delhi-Saket,1226.0,transfer,2026-07-09 11:09:11
TXN0002846,ACC100667,Bangalore-Whitefield,3587.14,transfer,2026-07-09 11:48:30
TXN0002875,ACC100595,Pune-Kothrud,8153.34,deposit,2026-07-09 11:48:44
TXN0002831,ACC100482,Delhi-CP,34064.58,withdrawal,2026-07-09 11:49:41
TXN0002836,ACC100502,Pune-Kothrud,6353.51,deposit,2026-07-09 11:59:54
TXN0002850,ACC100238,Chennai-TNagar,5405.88,withdrawal,2026-07-09 12:00:17
TXN0002803,ACC100029,Bangalore-Koramangala,8356.14,deposit,2026-07-09 12:36:01
TXN0002886,ACC100531,Mumbai-Bandra,14911.55,transfer,2026-07-09 12:37:07
TXN0002862,ACC100139,Mumbai-Andheri,15909.89,transfer,2026-07-09 12:39:29
TXN0002854,ACC100283,Delhi-Saket,11057.14,withdrawal,2026-07-09 12:47:24
TXN0002882,ACC100553,Mumbai-Andheri,14263.7,withdrawal,2026-07-09 13:07:14
TXN0002810,ACC100678,Chennai-TNagar,4558.67,transfer,2026-07-09 13:40:38
TXN0002809,ACC100052,Hyderabad-Gachibowli,6995.14,deposit,2026-07-09 13:42:57
TXN0002812,ACC100336,Bangalore-Whitefield,3171.05,transfer,2026-07-09 13:55:10
TXN0002811,ACC100462,Chennai-TNagar,41271.45,withdrawal,2026-07-09 13:58:16
TXN0002835,ACC100271,Hyderabad-Banjara,2914.75,withdrawal,2026-07-09 14:00:08
TXN0002838,ACC100235,Delhi-Saket,35137.06,transfer,2026-07-09 14:02:26
TXN0002801,ACC100066,Pune-Kothrud,2134.62,deposit,2026-07-09 14:16:56
TXN0002800,ACC100508,Hyderabad-Banjara,14009.38,withdrawal,2026-07-09 14:25:37
TXN0002858,ACC100441,Hyderabad-Banjara,278.79,withdrawal,2026-07-09 14:28:44
TXN0002822,ACC100661,Chennai-TNagar,6456.22,deposit,2026-07-09 14:44:33
TXN0002839,ACC100507,Mumbai-Bandra,38074.65,withdrawal,2026-07-09 14:44:58
TXN0002851,ACC100776,Mumbai-Andheri,7471.74,deposit,2026-07-09 14:45:17
TXN0002859,ACC100668,Hyderabad-Gachibowli,623.7,transfer,2026-07-09 14:49:50
TXN0002820,ACC100199,Hyderabad-Banjara,1910.91,withdrawal,2026-07-09 14:50:37
TXN0002876,ACC100292,Bangalore-Whitefield,23935.47,transfer,2026-07-09 14:50:56
TXN0002816,ACC100755,Bangalore-Whitefield,44529.85,withdrawal,2026-07-09 14:54:10
TXN0002871,ACC100184,Mumbai-Bandra,6367.93,deposit,2026-07-09 15:20:06
TXN0002802,ACC100385,Bangalore-Koramangala,203654.77,withdrawal,2026-07-09 15:36:37
TXN0002806,ACC100526,Bangalore-Whitefield,13524.07,deposit,2026-07-09 15:46:29
TXN0002818,ACC100599,Hyderabad-Gachibowli,9457.26,transfer,2026-07-09 15:47:32
TXN0002794,ACC100431,Hyderabad-Banjara,3670.72,transfer,2026-07-09 15:58:38
TXN0002883,ACC100587,Pune-Kothrud,2893.63,withdrawal,2026-07-09 16:00:10
TXN0002890,ACC100595,Bangalore-Koramangala,6951.48,transfer,2026-07-09 16:02:24
TXN0002873,ACC100024,Pune-Kothrud,5239.7,withdrawal,2026-07-09 16:37:34
TXN0002819,ACC100551,Bangalore-Whitefield,11260.13,transfer,2026-07-09 16:42:20
TXN0002856,ACC100305,Bangalore-Whitefield,12502.49,deposit,2026-07-09 16:43:13
TXN0002808,ACC100650,Bangalore-Koramangala,14187.17,deposit,2026-07-09 16:53:37
TXN0002841,ACC100783,Mumbai-Andheri,18916.0,deposit,2026-07-09 16:53:53
TXN0002884,ACC100067,Pune-Kothrud,10326.16,deposit,2026-07-09 16:55:00
TXN0002798,ACC100676,Hyderabad-Gachibowli,12201.3,deposit,2026-07-09 17:03:06
TXN0002826,ACC100521,Bangalore-Koramangala,5363.12,withdrawal,2026-07-09 17:03:45
TXN0002844,ACC100775,Mumbai-Bandra,10840.57,transfer,2026-07-09 17:12:19
TXN0002870,ACC100680,Bangalore-Whitefield,12367.06,withdrawal,2026-07-09 17:30:56
TXN0002807,ACC100596,Mumbai-Bandra,27982.73,deposit,2026-07-09 17:31:21
TXN0002878,ACC100275,Mumbai-Andheri,3537.75,deposit,2026-07-09 17:35:05
TXN0002872,ACC100230,Pune-Kothrud,7037.72,withdrawal,2026-07-09 17:46:35
TXN0002865,ACC100122,Hyderabad-Banjara,13838.53,transfer,2026-07-09 17:47:26
TXN0002880,ACC100044,Hyderabad-Banjara,7983.39,withdrawal,2026-07-09 17:57:12
TXN0002829,ACC100384,Hyderabad-Gachibowli,5266.09,withdrawal,2026-07-09 18:06:24
TXN0002827,ACC100007,Bangalore-Koramangala,489457.49,withdrawal,2026-07-09 18:27:05
TXN0002852,ACC100102,Delhi-Saket,11733.67,deposit,2026-07-09 18:41:04
TXN0002830,ACC100297,Mumbai-Andheri,9934.37,transfer,2026-07-09 18:58:15
TXN0002817,ACC100107,Delhi-CP,2302.32,withdrawal,2026-07-09 18:59:27
TXN0002853,ACC100060,Bangalore-Koramangala,14325.8,transfer,2026-07-09 19:09:48
TXN0002834,ACC100331,Bangalore-Koramangala,12290.22,deposit,2026-07-09 19:26:53
TXN0002877,ACC100526,Bangalore-Koramangala,14987.0,deposit,2026-07-09 19:32:33
TXN0002840,ACC100003,Delhi-Saket,12887.12,deposit,2026-07-09 20:32:29
TXN0002889,ACC100759,Bangalore-Koramangala,7467.63,transfer,2026-07-09 20:47:53
TXN0002866,ACC100114,Pune-Kothrud,12135.37,deposit,2026-07-09 21:30:53
TXN0002821,ACC100081,Hyderabad-Banjara,12807.19,transfer,2026-07-09 22:19:08
TXN0002843,ACC100201,Hyderabad-Banjara,14401.85,transfer,2026-07-09 22:50:06
TXN0002887,ACC100626,Hyderabad-Banjara,11694.36,withdrawal,2026-07-09 23:07:16
TXN0002892,ACC100560,Mumbai-Bandra,705.39,transfer,2026-07-10 01:38:52
TXN0002947,ACC100404,Pune-Kothrud,5921.48,deposit,2026-07-10 02:24:38
TXN0002906,ACC100578,Hyderabad-Banjara,19004.78,withdrawal,2026-07-10 02:29:38
TXN0002921,ACC100149,Hyderabad-Banjara,3221.18,deposit,2026-07-10 03:46:26
TXN0002950,ACC100373,Bangalore-Koramangala,18130.49,transfer,2026-07-10 04:07:53
TXN0002919,ACC100638,Mumbai-Andheri,2478.69,withdrawal,2026-07-10 04:13:23
TXN0002891,ACC100554,Bangalore-Whitefield,12655.41,deposit,2026-07-10 06:54:55
TXN0002907,ACC100177,Hyderabad-Gachibowli,901.35,deposit,2026-07-10 07:15:33
TXN0002932,ACC100054,Pune-Kothrud,10513.12,deposit,2026-07-10 07:28:35
TXN0002909,ACC100581,Bangalore-Whitefield,5327.63,transfer,2026-07-10 07:41:57
TXN0002924,ACC100675,Bangalore-Koramangala,1410.33,transfer,2026-07-10 07:42:45
TXN0002915,ACC100502,Pune-Kothrud,4835.97,withdrawal,2026-07-10 07:43:08
TXN0002893,ACC100603,Delhi-CP,1869.24,withdrawal,2026-07-10 07:53:15
TXN0002944,ACC100458,Chennai-TNagar,13553.78,withdrawal,2026-07-10 08:18:35
TXN0002939,ACC100228,Mumbai-Andheri,7140.97,deposit,2026-07-10 08:33:43
TXN0002908,ACC100146,Delhi-CP,11210.0,deposit,2026-07-10 08:57:08
TXN0002933,ACC100606,Bangalore-Koramangala,1433.04,transfer,2026-07-10 09:00:13
TXN0002938,ACC100536,Mumbai-Andheri,1895.16,withdrawal,2026-07-10 09:28:21
TXN0002896,ACC100193,Bangalore-Koramangala,1119.36,transfer,2026-07-10 09:48:15
TXN0002929,ACC100093,Hyderabad-Gachibowli,9882.02,transfer,2026-07-10 09:51:46
TXN0002949,ACC100453,Bangalore-Koramangala,10382.39,withdrawal,2026-07-10 09:54:58
TXN0002943,ACC100393,Mumbai-Andheri,3049.69,withdrawal,2026-07-10 10:14:02
TXN0002914,ACC100209,Pune-Kothrud,3966.15,deposit,2026-07-10 10:26:05
TXN0002922,ACC100756,Bangalore-Whitefield,20278.56,withdrawal,2026-07-10 10:40:27
TXN0002926,ACC100684,Mumbai-Bandra,8842.71,deposit,2026-07-10 10:55:55
TXN0002916,ACC100469,Bangalore-Koramangala,156.52,deposit,2026-07-10 11:26:45
TXN0002903,ACC100197,Mumbai-Bandra,27055.43,deposit,2026-07-10 12:00:18
TXN0002925,ACC100627,Delhi-CP,8014.83,deposit,2026-07-10 12:00:54
TXN0002910,ACC100270,Pune-Kothrud,11057.89,transfer,2026-07-10 12:20:14
TXN0002900,ACC100093,Bangalore-Koramangala,3415.13,deposit,2026-07-10 12:59:49
TXN0002920,ACC100015,Hyderabad-Banjara,7702.87,transfer,2026-07-10 13:30:19
TXN0002901,ACC100295,Pune-Kothrud,19925.84,deposit,2026-07-10 13:32:56
TXN0002941,ACC100479,Hyderabad-Banjara,8332.62,withdrawal,2026-07-10 13:49:39
TXN0002918,ACC100636,Chennai-TNagar,8232.09,transfer,2026-07-10 13:54:17
TXN0002897,ACC100284,Mumbai-Bandra,14157.4,deposit,2026-07-10 14:16:18
TXN0002904,ACC100089,Hyderabad-Gachibowli,14261.22,deposit,2026-07-10 14:21:06
TXN0002948,ACC100684,Bangalore-Whitefield,3967.77,withdrawal,2026-07-10 15:01:24
TXN0002905,ACC100562,Hyderabad-Banjara,2732.67,withdrawal,2026-07-10 15:20:22
TXN0002931,ACC100004,Bangalore-Whitefield,10731.6,deposit,2026-07-10 15:32:24
TXN0002930,ACC100190,Mumbai-Andheri,859.27,deposit,2026-07-10 15:33:27
TXN0002894,ACC100456,Hyderabad-Banjara,26141.93,deposit,2026-07-10 15:35:41
TXN0002936,ACC100775,Mumbai-Bandra,14104.61,transfer,2026-07-10 15:39:48
TXN0002898,ACC100595,Chennai-TNagar,6680.09,deposit,2026-07-10 16:06:03
TXN0002946,ACC100015,Hyderabad-Gachibowli,21795.41,deposit,2026-07-10 16:13:56
TXN0002899,ACC100563,Hyderabad-Gachibowli,12170.69,transfer,2026-07-10 16:34:58
TXN0002940,ACC100454,Delhi-CP,7072.93,deposit,2026-07-10 16:45:14
TXN0002934,ACC100304,Chennai-TNagar,1693.37,withdrawal,2026-07-10 16:47:06
TXN0002913,ACC100025,Hyderabad-Banjara,5552.67,deposit,2026-07-10 16:51:40
TXN0002911,ACC100790,Chennai-TNagar,4749.64,transfer,2026-07-10 16:56:19
TXN0002935,ACC100603,Bangalore-Whitefield,779.25,transfer,2026-07-10 16:56:40
TXN0002923,ACC100258,Delhi-Saket,3925.99,transfer,2026-07-10 17:01:25
TXN0002928,ACC100414,Mumbai-Bandra,12716.46,transfer,2026-07-10 17:02:11
TXN0002895,ACC100378,Bangalore-Koramangala,8642.63,deposit,2026-07-10 17:09:01
TXN0002902,ACC100071,Delhi-CP,31364.91,withdrawal,2026-07-10 17:22:40
TXN0002927,ACC100514,Bangalore-Whitefield,4230.69,transfer,2026-07-10 17:34:01
TXN0002917,ACC100396,Pune-Kothrud,14295.28,transfer,2026-07-10 18:17:04
TXN0002912,ACC100670,Hyderabad-Gachibowli,14814.88,deposit,2026-07-10 18:19:24
TXN0002945,ACC100015,Bangalore-Koramangala,5343.28,transfer,2026-07-10 18:32:02
TXN0002942,ACC100481,Pune-Kothrud,38689.61,deposit,2026-07-10 18:37:40
TXN0002937,ACC100052,Bangalore-Koramangala,4344.94,deposit,2026-07-10 22:29:52
TXN0002998,ACC100210,Delhi-Saket,8837.12,deposit,2026-07-11 01:46:00
TXN0002978,ACC100009,Mumbai-Andheri,6231.26,withdrawal,2026-07-11 04:30:32
TXN0002955,ACC100015,Mumbai-Andheri,5587.68,deposit,2026-07-11 05:30:46
TXN0002959,ACC100502,Delhi-CP,12847.29,transfer,2026-07-11 07:30:15
TXN0002976,ACC100355,Bangalore-Whitefield,36139.44,withdrawal,2026-07-11 08:12:36
TXN0003003,ACC100160,Mumbai-Bandra,197.75,deposit,2026-07-11 08:22:04
TXN0002990,ACC100298,Delhi-Saket,6936.69,deposit,2026-07-11 09:17:24
TXN0002951,ACC100305,Bangalore-Whitefield,13923.38,withdrawal,2026-07-11 09:23:02
TXN0002991,ACC100591,Hyderabad-Gachibowli,2482.65,deposit,2026-07-11 09:28:27
TXN0002952,ACC100664,Delhi-CP,4302.83,deposit,2026-07-11 09:47:44
TXN0002989,ACC100082,Mumbai-Bandra,16376.82,deposit,2026-07-11 10:00:02
TXN0003006,ACC100231,Chennai-TNagar,12147.19,withdrawal,2026-07-11 10:50:13
TXN0002970,ACC100461,Hyderabad-Gachibowli,780.83,withdrawal,2026-07-11 11:16:08
TXN0002977,ACC100428,Bangalore-Whitefield,12820.94,transfer,2026-07-11 11:16:49
TXN0002995,ACC100184,Delhi-Saket,19125.55,deposit,2026-07-11 11:22:41
TXN0002972,ACC100723,Hyderabad-Gachibowli,14506.74,deposit,2026-07-11 11:26:44
TXN0002961,ACC100459,Chennai-TNagar,3589.73,deposit,2026-07-11 11:36:31
TXN0002958,ACC100333,Hyderabad-Banjara,13690.05,deposit,2026-07-11 11:49:09
TXN0002956,ACC100373,Bangalore-Whitefield,364228.65,transfer,2026-07-11 11:50:15
TXN0002982,ACC100150,Delhi-CP,7025.35,deposit,2026-07-11 11:56:31
TXN0002964,ACC100755,Chennai-TNagar,11620.15,withdrawal,2026-07-11 12:02:22
TXN0002979,ACC100609,Chennai-TNagar,3894.9,withdrawal,2026-07-11 12:04:37
TXN0002968,ACC100303,Bangalore-Whitefield,4932.33,transfer,2026-07-11 12:11:24
TXN0002965,ACC100066,Delhi-CP,12420.96,deposit,2026-07-11 12:23:24
TXN0002966,ACC100269,Bangalore-Whitefield,388687.32,withdrawal,2026-07-11 12:46:03
TXN0002987,ACC100097,Pune-Kothrud,6023.06,transfer,2026-07-11 13:04:03
TXN0002999,ACC100517,Chennai-TNagar,6338.57,withdrawal,2026-07-11 13:23:48
TXN0002973,ACC100141,Mumbai-Bandra,30093.31,deposit,2026-07-11 13:30:38
TXN0002984,ACC100556,Mumbai-Bandra,6121.81,deposit,2026-07-11 14:02:23
TXN0002960,ACC100565,Mumbai-Andheri,18890.85,transfer,2026-07-11 14:04:57
TXN0002957,ACC100236,Bangalore-Koramangala,23143.54,transfer,2026-07-11 14:05:00
TXN0003002,ACC100243,Bangalore-Koramangala,13716.66,deposit,2026-07-11 14:11:57
TXN0002997,ACC100463,Mumbai-Bandra,12958.89,deposit,2026-07-11 14:19:22
TXN0002986,ACC100191,Hyderabad-Banjara,14420.11,deposit,2026-07-11 14:35:00
TXN0002985,ACC100179,Pune-Kothrud,15275.23,transfer,2026-07-11 14:51:11
TXN0002969,ACC100051,Hyderabad-Gachibowli,11300.94,deposit,2026-07-11 15:25:09
TXN0002962,ACC100518,Hyderabad-Banjara,12825.82,withdrawal,2026-07-11 15:48:42
TXN0003000,ACC100422,Chennai-TNagar,252.42,deposit,2026-07-11 16:06:36
TXN0002981,ACC100412,Bangalore-Whitefield,2785.91,deposit,2026-07-11 16:11:41
TXN0002994,ACC100111,Bangalore-Koramangala,1995.59,deposit,2026-07-11 16:48:31
TXN0002992,ACC100247,Chennai-TNagar,8486.04,deposit,2026-07-11 16:48:59
TXN0003005,ACC100633,Chennai-TNagar,4995.56,deposit,2026-07-11 16:57:02
TXN0002988,ACC100432,Delhi-Saket,13264.72,transfer,2026-07-11 16:58:13
TXN0002954,ACC100225,Hyderabad-Banjara,6433.79,deposit,2026-07-11 17:04:52
TXN0002983,ACC100436,Delhi-Saket,2549.29,transfer,2026-07-11 17:10:39
TXN0002975,ACC100605,Bangalore-Koramangala,11724.56,deposit,2026-07-11 17:16:00
TXN0003001,ACC100175,Delhi-Saket,13571.36,deposit,2026-07-11 17:19:56
TXN0002963,ACC100612,Delhi-CP,2387.27,deposit,2026-07-11 17:27:48
TXN0002993,ACC100332,Mumbai-Andheri,10955.06,deposit,2026-07-11 17:35:20
TXN0002996,ACC100048,Mumbai-Andheri,986.55,transfer,2026-07-11 17:45:26
TXN0002967,ACC100221,Hyderabad-Banjara,288534.33,deposit,2026-07-11 17:56:28
TXN0003004,ACC100041,Hyderabad-Gachibowli,5037.63,withdrawal,2026-07-11 18:03:07
TXN0002980,ACC100721,Chennai-TNagar,3969.11,deposit,2026-07-11 18:30:13
TXN0002953,ACC100115,Bangalore-Koramangala,4399.52,transfer,2026-07-11 18:32:04
TXN0002974,ACC100053,Mumbai-Bandra,4022.37,withdrawal,2026-07-11 19:33:25
TXN0002971,ACC100010,Delhi-CP,2242.87,transfer,2026-07-11 20:55:53
TXN0003037,ACC100440,Hyderabad-Gachibowli,9740.54,deposit,2026-07-12 01:14:39
TXN0003057,ACC100093,Mumbai-Bandra,8890.5,deposit,2026-07-12 01:51:02
TXN0003063,ACC100710,Hyderabad-Banjara,9173.04,withdrawal,2026-07-12 02:03:09
TXN0003058,ACC100595,Bangalore-Whitefield,10112.23,withdrawal,2026-07-12 03:31:54
TXN0003036,ACC100408,Hyderabad-Banjara,43981.09,transfer,2026-07-12 03:37:23
TXN0003055,ACC100704,Delhi-CP,10620.86,deposit,2026-07-12 04:00:00
TXN0003009,ACC100236,Hyderabad-Banjara,11314.61,transfer,2026-07-12 06:56:37
TXN0003018,ACC100275,Mumbai-Andheri,2576.61,deposit,2026-07-12 07:22:44
TXN0003049,ACC100284,Chennai-TNagar,12889.39,transfer,2026-07-12 07:35:28
TXN0003046,ACC100204,Bangalore-Koramangala,12275.2,withdrawal,2026-07-12 07:47:12
TXN0003025,ACC100240,Bangalore-Whitefield,243499.27,withdrawal,2026-07-12 07:55:39
TXN0003050,ACC100020,Pune-Kothrud,9270.89,transfer,2026-07-12 08:19:44
TXN0003044,ACC100150,Chennai-TNagar,13023.47,withdrawal,2026-07-12 08:26:07
TXN0003011,ACC100137,Pune-Kothrud,7496.55,deposit,2026-07-12 08:30:29
TXN0003068,ACC100414,Delhi-CP,34179.78,transfer,2026-07-12 08:47:11
TXN0003012,ACC100316,Delhi-Saket,321.82,deposit,2026-07-12 08:49:55
TXN0003051,ACC100187,Hyderabad-Banjara,6734.92,deposit,2026-07-12 09:17:04
TXN0003022,ACC100134,Hyderabad-Gachibowli,10652.12,deposit,2026-07-12 09:51:43
TXN0003007,ACC100198,Bangalore-Whitefield,25309.01,deposit,2026-07-12 09:58:10
TXN0003065,ACC100041,Bangalore-Koramangala,5837.38,withdrawal,2026-07-12 10:15:23
TXN0003053,ACC100398,Delhi-Saket,260.63,withdrawal,2026-07-12 10:18:49
TXN0003048,ACC100770,Hyderabad-Banjara,3840.02,transfer,2026-07-12 10:39:02
TXN0003071,ACC100612,Bangalore-Whitefield,3158.17,deposit,2026-07-12 11:19:43
TXN0003062,ACC100239,Mumbai-Bandra,42375.2,transfer,2026-07-12 11:19:56
TXN0003014,ACC100135,Hyderabad-Gachibowli,1588.13,withdrawal,2026-07-12 11:46:25
TXN0003021,ACC100605,Delhi-CP,14609.99,deposit,2026-07-12 11:47:16
TXN0003030,ACC100312,Pune-Kothrud,4851.34,transfer,2026-07-12 11:50:37
TXN0003026,ACC100058,Hyderabad-Gachibowli,4418.56,withdrawal,2026-07-12 12:03:56
TXN0003035,ACC100013,Delhi-Saket,12488.98,withdrawal,2026-07-12 12:08:26
TXN0003067,ACC100435,Delhi-Saket,7297.4,deposit,2026-07-12 12:13:01
TXN0003056,ACC100609,Mumbai-Andheri,13295.98,withdrawal,2026-07-12 12:17:11
TXN0003072,ACC100173,Bangalore-Koramangala,32630.03,withdrawal,2026-07-12 12:25:01
TXN0003028,ACC100554,Hyderabad-Gachibowli,10687.96,transfer,2026-07-12 12:25:50
TXN0003075,ACC100783,Bangalore-Koramangala,38897.79,deposit,2026-07-12 12:26:25
TXN0003047,ACC100470,Hyderabad-Gachibowli,33317.56,withdrawal,2026-07-12 12:26:57
TXN0003043,ACC100586,Mumbai-Andheri,6412.52,withdrawal,2026-07-12 12:27:42
TXN0003040,ACC100005,Bangalore-Koramangala,7980.26,withdrawal,2026-07-12 12:42:02
TXN0003070,ACC100789,Delhi-CP,5003.54,withdrawal,2026-07-12 13:21:43
TXN0003027,ACC100532,Mumbai-Andheri,11055.09,withdrawal,2026-07-12 13:53:47
TXN0003054,ACC100548,Mumbai-Bandra,2138.55,deposit,2026-07-12 14:02:17
TXN0003029,ACC100176,Hyderabad-Banjara,1967.41,withdrawal,2026-07-12 14:10:23
TXN0003039,ACC100181,Hyderabad-Gachibowli,1393.97,deposit,2026-07-12 14:24:54
TXN0003034,ACC100173,Bangalore-Whitefield,4383.36,deposit,2026-07-12 14:38:00
TXN0003033,ACC100176,Delhi-Saket,13224.1,deposit,2026-07-12 15:05:54
TXN0003061,ACC100359,Chennai-TNagar,7063.57,deposit,2026-07-12 15:24:48
TXN0003015,ACC100131,Pune-Kothrud,4845.68,transfer,2026-07-12 15:32:40
TXN0003074,ACC100584,Hyderabad-Gachibowli,974.37,transfer,2026-07-12 15:35:27
TXN0003017,ACC100459,Bangalore-Whitefield,8937.06,deposit,2026-07-12 15:56:34
TXN0003019,ACC100235,Chennai-TNagar,4136.5,withdrawal,2026-07-12 16:08:06
TXN0003066,ACC100421,Bangalore-Whitefield,643.92,withdrawal,2026-07-12 16:28:17
TXN0003031,ACC100401,Hyderabad-Gachibowli,5320.41,deposit,2026-07-12 16:34:11
TXN0003038,ACC100076,Hyderabad-Banjara,3759.59,transfer,2026-07-12 16:34:39
TXN0003008,ACC100606,Mumbai-Bandra,5267.61,deposit,2026-07-12 16:34:41
TXN0003060,ACC100282,Hyderabad-Gachibowli,1327.08,deposit,2026-07-12 16:53:41
TXN0003041,ACC100328,Mumbai-Bandra,41192.68,withdrawal,2026-07-12 17:03:30
TXN0003024,ACC100790,Delhi-Saket,9547.31,withdrawal,2026-07-12 17:12:13
TXN0003064,ACC100463,Delhi-CP,1738.95,withdrawal,2026-07-12 17:19:21
TXN0003052,ACC100787,Delhi-CP,11735.48,deposit,2026-07-12 17:32:52
TXN0003069,ACC100430,Mumbai-Bandra,37483.06,transfer,2026-07-12 17:39:01
TXN0003032,ACC100361,Bangalore-Koramangala,2603.24,withdrawal,2026-07-12 18:19:28
TXN0003016,ACC100408,Mumbai-Andheri,39542.68,deposit,2026-07-12 18:27:07
TXN0003020,ACC100595,Bangalore-Koramangala,835.6,deposit,2026-07-12 18:31:58
TXN0003010,ACC100058,Delhi-CP,4764.55,deposit,2026-07-12 18:38:39
TXN0003073,ACC100759,Chennai-TNagar,12737.59,transfer,2026-07-12 18:40:19
TXN0003023,ACC100329,Bangalore-Koramangala,2786.96,withdrawal,2026-07-12 19:00:19
TXN0003042,ACC100446,Chennai-TNagar,7933.25,withdrawal,2026-07-12 20:00:00
TXN0003059,ACC100663,Bangalore-Koramangala,6888.6,transfer,2026-07-12 20:33:16
TXN0003045,ACC100012,Bangalore-Koramangala,10717.01,transfer,2026-07-12 21:19:08
TXN0003013,ACC100274,Bangalore-Koramangala,26966.42,withdrawal,2026-07-12 22:06:37
TXN0003139,ACC100131,Bangalore-Whitefield,14533.34,deposit,2026-07-13 00:53:30
TXN0003097,ACC100394,Chennai-TNagar,5939.51,deposit,2026-07-13 01:02:33
TXN0003094,ACC100306,Chennai-TNagar,38117.97,deposit,2026-07-13 01:09:33
TXN0003091,ACC100613,Pune-Kothrud,6749.37,withdrawal,2026-07-13 03:01:32
TXN0003105,ACC100248,Mumbai-Bandra,10376.62,deposit,2026-07-13 03:22:14
TXN0003090,ACC100669,Delhi-CP,6786.65,deposit,2026-07-13 03:30:03
TXN0003133,ACC100198,Delhi-CP,18392.66,withdrawal,2026-07-13 03:31:31
TXN0003092,ACC100644,Delhi-Saket,48632.89,withdrawal,2026-07-13 04:10:25
TXN0003122,ACC100677,Hyderabad-Gachibowli,14043.18,deposit,2026-07-13 05:19:07
TXN0003102,ACC100166,Bangalore-Koramangala,376.65,withdrawal,2026-07-13 06:59:09
TXN0003078,ACC100082,Bangalore-Koramangala,2480.1,withdrawal,2026-07-13 07:09:26
TXN0003117,ACC100461,Bangalore-Koramangala,284.12,withdrawal,2026-07-13 07:16:33
TXN0003096,ACC100090,Hyderabad-Banjara,8925.81,withdrawal,2026-07-13 07:38:56
TXN0003104,ACC100721,Hyderabad-Banjara,6788.0,withdrawal,2026-07-13 07:48:18
TXN0003119,ACC100204,Delhi-Saket,319770.76,transfer,2026-07-13 08:08:25
TXN0003136,ACC100597,Delhi-Saket,7315.76,deposit,2026-07-13 09:02:12
TXN0003134,ACC100201,Bangalore-Koramangala,207325.34,deposit,2026-07-13 09:05:48
TXN0003084,ACC100065,Bangalore-Koramangala,129.68,transfer,2026-07-13 09:38:33
TXN0003142,ACC100551,Delhi-Saket,2969.53,deposit,2026-07-13 09:38:52
TXN0003081,ACC100030,Hyderabad-Gachibowli,14309.84,withdrawal,2026-07-13 09:56:05
TXN0003132,ACC100253,Bangalore-Whitefield,10691.24,deposit,2026-07-13 10:04:42
TXN0003099,ACC100431,Hyderabad-Gachibowli,4112.92,transfer,2026-07-13 10:38:24
TXN0003129,ACC100378,Mumbai-Bandra,7160.49,deposit,2026-07-13 10:40:59
TXN0003125,ACC100760,Bangalore-Whitefield,13638.0,transfer,2026-07-13 10:45:41
TXN0003146,ACC100291,Hyderabad-Banjara,287.76,deposit,2026-07-13 10:57:19
TXN0003112,ACC100178,Hyderabad-Gachibowli,9112.0,deposit,2026-07-13 11:10:26
TXN0003080,ACC100006,Delhi-Saket,4009.98,transfer,2026-07-13 11:18:10
TXN0003087,ACC100742,Delhi-Saket,13918.6,withdrawal,2026-07-13 11:24:41
TXN0003148,ACC100153,Hyderabad-Gachibowli,3214.19,transfer,2026-07-13 11:49:10
TXN0003079,ACC100719,Mumbai-Andheri,12083.81,transfer,2026-07-13 12:29:47
TXN0003113,ACC100577,Bangalore-Koramangala,1182.8,deposit,2026-07-13 12:59:36
TXN0003110,ACC100039,Mumbai-Bandra,9411.45,transfer,2026-07-13 13:18:37
TXN0003116,ACC100328,Bangalore-Whitefield,28993.6,transfer,2026-07-13 13:45:31
TXN0003082,ACC100690,Bangalore-Whitefield,14844.55,transfer,2026-07-13 14:01:07
TXN0003103,ACC100228,Delhi-CP,13651.14,deposit,2026-07-13 14:25:52
TXN0003130,ACC100002,Delhi-CP,7940.26,withdrawal,2026-07-13 14:30:09
TXN0003126,ACC100154,Hyderabad-Banjara,3558.7,deposit,2026-07-13 14:31:27
TXN0003088,ACC100277,Bangalore-Koramangala,9713.48,withdrawal,2026-07-13 14:48:48
TXN0003114,ACC100597,Mumbai-Bandra,9193.07,deposit,2026-07-13 14:56:38
TXN0003124,ACC100135,Hyderabad-Banjara,4975.65,withdrawal,2026-07-13 15:19:10
TXN0003123,ACC100017,Hyderabad-Gachibowli,2369.36,transfer,2026-07-13 15:34:30
TXN0003095,ACC100519,Bangalore-Koramangala,21434.78,transfer,2026-07-13 15:40:17
TXN0003144,ACC100097,Mumbai-Andheri,10802.87,transfer,2026-07-13 15:42:23
TXN0003140,ACC100423,Mumbai-Andheri,11817.77,transfer,2026-07-13 15:58:44
TXN0003098,ACC100136,Chennai-TNagar,946.6,deposit,2026-07-13 16:11:59
TXN0003115,ACC100673,Bangalore-Whitefield,11887.77,withdrawal,2026-07-13 16:15:13
TXN0003143,ACC100075,Delhi-Saket,5260.12,withdrawal,2026-07-13 16:46:47
TXN0003145,ACC100254,Delhi-Saket,9734.53,deposit,2026-07-13 17:00:03
TXN0003086,ACC100251,Bangalore-Whitefield,10436.69,withdrawal,2026-07-13 17:04:29
TXN0003118,ACC100176,Hyderabad-Banjara,13438.67,transfer,2026-07-13 17:06:20
TXN0003107,ACC100797,Pune-Kothrud,443166.78,withdrawal,2026-07-13 17:17:53
TXN0003100,ACC100645,Bangalore-Koramangala,7876.62,withdrawal,2026-07-13 17:31:57
TXN0003128,ACC100582,Pune-Kothrud,14594.44,transfer,2026-07-13 17:41:54
TXN0003085,ACC100166,Pune-Kothrud,7738.18,deposit,2026-07-13 17:42:50
TXN0003121,ACC100408,Hyderabad-Gachibowli,1103.35,withdrawal,2026-07-13 17:47:41
TXN0003135,ACC100589,Bangalore-Whitefield,10455.65,deposit,2026-07-13 17:47:53
TXN0003106,ACC100715,Bangalore-Whitefield,10528.69,deposit,2026-07-13 17:50:23
TXN0003077,ACC100015,Delhi-CP,2741.94,transfer,2026-07-13 17:53:39
TXN0003131,ACC100775,Bangalore-Whitefield,11591.54,transfer,2026-07-13 18:00:19
TXN0003137,ACC100305,Bangalore-Whitefield,25867.81,transfer,2026-07-13 18:18:35
TXN0003093,ACC100153,Delhi-CP,2690.41,withdrawal,2026-07-13 18:18:53
TXN0003101,ACC100006,Hyderabad-Banjara,12176.55,deposit,2026-07-13 19:09:19
TXN0003127,ACC100438,Delhi-Saket,3989.18,transfer,2026-07-13 19:25:08
TXN0003089,ACC100053,Hyderabad-Banjara,11608.74,withdrawal,2026-07-13 19:42:09
TXN0003076,ACC100191,Chennai-TNagar,2526.6,transfer,2026-07-13 19:43:57
TXN0003147,ACC100120,Delhi-Saket,161890.06,transfer,2026-07-13 19:45:34
TXN0003111,ACC100075,Hyderabad-Banjara,7320.57,withdrawal,2026-07-13 19:56:42
TXN0003138,ACC100623,Hyderabad-Banjara,6714.58,deposit,2026-07-13 20:26:55
TXN0003141,ACC100570,Chennai-TNagar,10456.64,transfer,2026-07-13 21:10:55
TXN0003109,ACC100378,Mumbai-Andheri,14986.03,transfer,2026-07-13 21:14:27
TXN0003120,ACC100010,Hyderabad-Banjara,840.09,transfer,2026-07-13 22:44:29
TXN0003108,ACC100522,Delhi-Saket,34948.44,deposit,2026-07-13 23:15:33
TXN0003083,ACC100289,Mumbai-Bandra,252338.52,withdrawal,2026-07-13 23:38:11
TXN0003196,ACC100244,Bangalore-Koramangala,10362.22,deposit,2026-07-14 00:27:39
TXN0003204,ACC100411,Pune-Kothrud,12059.56,transfer,2026-07-14 00:35:23
TXN0003154,ACC100043,Delhi-CP,14886.76,transfer,2026-07-14 03:10:02
TXN0003190,ACC100748,Hyderabad-Banjara,43199.87,deposit,2026-07-14 07:11:10
TXN0003202,ACC100792,Bangalore-Whitefield,2343.16,transfer,2026-07-14 07:28:29
TXN0003167,ACC100042,Mumbai-Bandra,5627.37,deposit,2026-07-14 07:33:56
TXN0003187,ACC100594,Hyderabad-Gachibowli,34380.51,deposit,2026-07-14 08:20:45
TXN0003156,ACC100288,Chennai-TNagar,12856.77,deposit,2026-07-14 08:24:24
TXN0003179,ACC100554,Mumbai-Bandra,12969.02,withdrawal,2026-07-14 08:26:57
TXN0003161,ACC100544,Bangalore-Koramangala,9644.53,withdrawal,2026-07-14 08:28:48
TXN0003152,ACC100739,Hyderabad-Gachibowli,926.86,transfer,2026-07-14 08:29:19
TXN0003170,ACC100146,Mumbai-Bandra,2455.39,deposit,2026-07-14 08:29:48
TXN0003209,ACC100440,Chennai-TNagar,10628.17,deposit,2026-07-14 08:32:42
TXN0003201,ACC100030,Hyderabad-Banjara,14771.75,transfer,2026-07-14 09:09:11
TXN0003197,ACC100193,Hyderabad-Gachibowli,4470.69,transfer,2026-07-14 09:19:31
TXN0003176,ACC100358,Delhi-CP,4316.55,deposit,2026-07-14 10:25:10
TXN0003158,ACC100246,Hyderabad-Gachibowli,6108.84,deposit,2026-07-14 10:29:51
TXN0003150,ACC100761,Hyderabad-Banjara,2358.12,withdrawal,2026-07-14 10:38:44
TXN0003186,ACC100537,Bangalore-Koramangala,11179.56,withdrawal,2026-07-14 10:45:25
TXN0003157,ACC100102,Hyderabad-Banjara,8457.07,withdrawal,2026-07-14 10:51:25
TXN0003178,ACC100417,Mumbai-Bandra,1627.98,deposit,2026-07-14 11:08:19
TXN0003183,ACC100183,Mumbai-Andheri,4963.32,deposit,2026-07-14 12:16:03
TXN0003189,ACC100479,Hyderabad-Banjara,11216.77,deposit,2026-07-14 12:30:51
TXN0003207,ACC100054,Hyderabad-Gachibowli,9755.26,withdrawal,2026-07-14 12:50:48
TXN0003194,ACC100471,Mumbai-Bandra,3948.48,transfer,2026-07-14 12:58:15
TXN0003180,ACC100415,Hyderabad-Banjara,1037.03,deposit,2026-07-14 13:01:04
TXN0003177,ACC100171,Delhi-Saket,7450.52,withdrawal,2026-07-14 13:20:44
TXN0003168,ACC100656,Hyderabad-Banjara,219.41,withdrawal,2026-07-14 14:07:00
TXN0003200,ACC100453,Mumbai-Andheri,1134.66,withdrawal,2026-07-14 14:14:07
TXN0003175,ACC100092,Hyderabad-Banjara,10803.66,deposit,2026-07-14 14:22:40
TXN0003182,ACC100508,Bangalore-Whitefield,7945.73,deposit,2026-07-14 14:23:08
TXN0003171,ACC100379,Delhi-Saket,12876.27,withdrawal,2026-07-14 14:52:11
TXN0003151,ACC100346,Hyderabad-Banjara,6616.21,transfer,2026-07-14 14:55:13
TXN0003195,ACC100636,Pune-Kothrud,13025.25,deposit,2026-07-14 15:02:08
TXN0003173,ACC100504,Pune-Kothrud,4172.98,withdrawal,2026-07-14 15:08:02
TXN0003184,ACC100726,Mumbai-Bandra,3285.53,deposit,2026-07-14 15:20:44
TXN0003205,ACC100053,Hyderabad-Gachibowli,4766.56,transfer,2026-07-14 15:50:19
TXN0003203,ACC100478,Hyderabad-Gachibowli,10917.05,transfer,2026-07-14 16:02:25
TXN0003181,ACC100383,Pune-Kothrud,3532.95,withdrawal,2026-07-14 16:05:27
TXN0003153,ACC100269,Chennai-TNagar,895.98,withdrawal,2026-07-14 16:27:31
TXN0003162,ACC100065,Mumbai-Andheri,8627.19,transfer,2026-07-14 16:36:17
TXN0003169,ACC100221,Delhi-Saket,76416.02,withdrawal,2026-07-14 16:40:01
TXN0003155,ACC100695,Bangalore-Koramangala,8158.69,withdrawal,2026-07-14 16:44:40
TXN0003185,ACC100478,Delhi-Saket,8632.78,deposit,2026-07-14 16:48:41
TXN0003160,ACC100487,Delhi-CP,4514.36,deposit,2026-07-14 16:50:03
TXN0003193,ACC100265,Hyderabad-Banjara,26275.6,transfer,2026-07-14 16:52:25
TXN0003206,ACC100138,Bangalore-Koramangala,9640.67,deposit,2026-07-14 17:19:46
TXN0003166,ACC100006,Hyderabad-Gachibowli,5026.6,withdrawal,2026-07-14 17:25:15
TXN0003210,ACC100365,Bangalore-Koramangala,45906.34,transfer,2026-07-14 17:26:46
TXN0003198,ACC100675,Hyderabad-Banjara,9160.81,withdrawal,2026-07-14 17:30:21
TXN0003191,ACC100026,Delhi-Saket,2925.84,withdrawal,2026-07-14 17:44:45
TXN0003165,ACC100393,Hyderabad-Banjara,5672.16,withdrawal,2026-07-14 17:58:28
TXN0003163,ACC100431,Chennai-TNagar,6181.79,withdrawal,2026-07-14 18:11:15
TXN0003172,ACC100401,Hyderabad-Banjara,740.67,withdrawal,2026-07-14 18:29:22
TXN0003199,ACC100328,Chennai-TNagar,5197.24,deposit,2026-07-14 19:03:58
TXN0003174,ACC100326,Mumbai-Andheri,10432.94,withdrawal,2026-07-14 19:14:32
TXN0003159,ACC100700,Bangalore-Koramangala,3465.77,deposit,2026-07-14 19:43:00
TXN0003208,ACC100375,Delhi-CP,5631.63,withdrawal,2026-07-14 19:53:59
TXN0003188,ACC100621,Delhi-CP,6000.22,withdrawal,2026-07-14 20:23:43
TXN0003149,ACC100244,Delhi-CP,6050.17,transfer,2026-07-14 20:40:44
TXN0003164,ACC100334,Bangalore-Koramangala,27715.57,withdrawal,2026-07-14 22:08:47
TXN0003192,ACC100618,Bangalore-Koramangala,3233.97,deposit,2026-07-14 23:25:18
TXN0003227,ACC100635,Chennai-TNagar,12079.38,withdrawal,2026-07-15 03:34:03
TXN0003236,ACC100042,Bangalore-Whitefield,29287.32,withdrawal,2026-07-15 03:39:19
TXN0003237,ACC100274,Hyderabad-Gachibowli,1005.37,deposit,2026-07-15 03:44:21
TXN0003232,ACC100424,Bangalore-Whitefield,956.6,transfer,2026-07-15 05:24:22
TXN0003218,ACC100295,Delhi-Saket,160.85,deposit,2026-07-15 05:43:28
TXN0003255,ACC100186,Chennai-TNagar,47016.54,deposit,2026-07-15 06:05:51
TXN0003268,ACC100646,Bangalore-Whitefield,5072.72,withdrawal,2026-07-15 06:56:51
TXN0003230,ACC100408,Mumbai-Andheri,7453.63,transfer,2026-07-15 07:11:16
TXN0003228,ACC100587,Chennai-TNagar,2072.89,withdrawal,2026-07-15 07:20:22
TXN0003271,ACC100411,Mumbai-Bandra,16282.68,transfer,2026-07-15 07:29:37
TXN0003216,ACC100227,Pune-Kothrud,2048.36,deposit,2026-07-15 08:35:37
TXN0003219,ACC100447,Bangalore-Whitefield,19811.47,transfer,2026-07-15 08:37:33
TXN0003256,ACC100542,Pune-Kothrud,8159.15,transfer,2026-07-15 08:49:09
TXN0003245,ACC100673,Pune-Kothrud,3839.52,deposit,2026-07-15 08:55:51
TXN0003215,ACC100677,Hyderabad-Gachibowli,6604.13,transfer,2026-07-15 09:08:47
TXN0003261,ACC100731,Delhi-Saket,13339.72,withdrawal,2026-07-15 09:29:28
TXN0003211,ACC100289,Delhi-Saket,9720.76,deposit,2026-07-15 09:33:59
TXN0003259,ACC100639,Delhi-CP,447756.56,withdrawal,2026-07-15 09:43:52
TXN0003214,ACC100603,Bangalore-Whitefield,311.67,transfer,2026-07-15 09:44:51
TXN0003233,ACC100261,Mumbai-Andheri,45155.12,deposit,2026-07-15 09:49:32
TXN0003247,ACC100533,Mumbai-Andheri,2949.03,transfer,2026-07-15 10:02:14
TXN0003260,ACC100586,Hyderabad-Banjara,14679.56,transfer,2026-07-15 10:17:55
TXN0003225,ACC100549,Pune-Kothrud,11320.27,transfer,2026-07-15 10:27:43
TXN0003274,ACC100465,Pune-Kothrud,6368.77,deposit,2026-07-15 10:32:39
TXN0003264,ACC100463,Bangalore-Whitefield,8789.46,withdrawal,2026-07-15 10:38:03
TXN0003231,ACC100481,Delhi-CP,7904.25,deposit,2026-07-15 10:50:51
TXN0003223,ACC100673,Delhi-Saket,7880.13,transfer,2026-07-15 11:04:46
TXN0003241,ACC100279,Mumbai-Andheri,3225.2,deposit,2026-07-15 11:17:33
TXN0003249,ACC100374,Pune-Kothrud,7750.93,deposit,2026-07-15 11:17:58
TXN0003252,ACC100430,Hyderabad-Gachibowli,14569.0,withdrawal,2026-07-15 11:47:41
TXN0003239,ACC100764,Hyderabad-Banjara,8799.84,deposit,2026-07-15 12:04:52
TXN0003248,ACC100098,Delhi-Saket,4356.97,withdrawal,2026-07-15 12:23:39
TXN0003224,ACC100204,Bangalore-Koramangala,6072.13,deposit,2026-07-15 12:36:38
TXN0003253,ACC100369,Bangalore-Koramangala,4271.27,withdrawal,2026-07-15 12:53:30
TXN0003262,ACC100594,Mumbai-Andheri,6733.03,deposit,2026-07-15 13:20:12
TXN0003221,ACC100407,Bangalore-Koramangala,1056.79,transfer,2026-07-15 13:32:33
TXN0003243,ACC100503,Mumbai-Andheri,307866.61,withdrawal,2026-07-15 13:40:14
TXN0003266,ACC100563,Hyderabad-Gachibowli,6224.27,deposit,2026-07-15 13:55:09
TXN0003229,ACC100326,Bangalore-Whitefield,4238.97,withdrawal,2026-07-15 13:59:33
TXN0003240,ACC100621,Delhi-CP,12336.91,withdrawal,2026-07-15 14:31:08
TXN0003212,ACC100222,Pune-Kothrud,7317.64,withdrawal,2026-07-15 14:34:45
TXN0003257,ACC100390,Bangalore-Whitefield,6273.36,transfer,2026-07-15 14:53:01
TXN0003272,ACC100135,Hyderabad-Gachibowli,2245.28,transfer,2026-07-15 14:57:14
TXN0003263,ACC100607,Delhi-CP,34062.61,transfer,2026-07-15 15:02:53
TXN0003222,ACC100144,Chennai-TNagar,9680.1,deposit,2026-07-15 15:03:21
TXN0003258,ACC100430,Pune-Kothrud,2251.73,deposit,2026-07-15 15:07:28
TXN0003265,ACC100571,Delhi-Saket,392947.52,withdrawal,2026-07-15 15:10:25
TXN0003267,ACC100017,Bangalore-Koramangala,8945.8,withdrawal,2026-07-15 15:11:07
TXN0003226,ACC100454,Bangalore-Koramangala,2972.69,withdrawal,2026-07-15 15:15:00
TXN0003273,ACC100229,Mumbai-Andheri,12758.11,transfer,2026-07-15 15:38:57
TXN0003269,ACC100559,Hyderabad-Banjara,8146.3,transfer,2026-07-15 15:54:41
TXN0003238,ACC100748,Hyderabad-Banjara,552.91,withdrawal,2026-07-15 15:55:17
TXN0003244,ACC100586,Mumbai-Andheri,12442.97,deposit,2026-07-15 16:02:08
TXN0003254,ACC100299,Pune-Kothrud,6707.44,deposit,2026-07-15 16:24:25
TXN0003213,ACC100284,Chennai-TNagar,9021.26,withdrawal,2026-07-15 16:27:02
TXN0003242,ACC100013,Mumbai-Andheri,5373.67,transfer,2026-07-15 16:48:44
TXN0003250,ACC100703,Delhi-CP,7877.54,deposit,2026-07-15 16:53:38
TXN0003270,ACC100780,Hyderabad-Banjara,495.64,transfer,2026-07-15 17:00:58
TXN0003234,ACC100602,Bangalore-Koramangala,12044.96,transfer,2026-07-15 17:12:33
TXN0003235,ACC100416,Chennai-TNagar,11655.42,transfer,2026-07-15 17:52:30
TXN0003220,ACC100720,Chennai-TNagar,12417.99,transfer,2026-07-15 19:10:21
TXN0003217,ACC100720,Pune-Kothrud,9941.94,withdrawal,2026-07-15 19:21:39
TXN0003251,ACC100327,Bangalore-Whitefield,7763.11,withdrawal,2026-07-15 20:06:36
TXN0003246,ACC100045,Bangalore-Whitefield,8003.65,transfer,2026-07-15 22:08:21
TXN0003307,ACC100153,Bangalore-Koramangala,4187.78,deposit,2026-07-16 01:10:13
TXN0003349,ACC100420,Delhi-Saket,10064.46,withdrawal,2026-07-16 01:50:06
TXN0003280,ACC100107,Pune-Kothrud,7302.62,deposit,2026-07-16 03:58:44
TXN0003286,ACC100790,Mumbai-Bandra,43504.12,transfer,2026-07-16 04:13:08
TXN0003313,ACC100560,Mumbai-Andheri,5084.39,transfer,2026-07-16 04:46:13
TXN0003337,ACC100270,Delhi-Saket,2690.63,withdrawal,2026-07-16 04:51:37
TXN0003291,ACC100232,Hyderabad-Gachibowli,40773.58,deposit,2026-07-16 05:22:40
TXN0003322,ACC100174,Bangalore-Koramangala,11996.63,transfer,2026-07-16 05:29:06
TXN0003352,ACC100103,Mumbai-Bandra,10450.11,transfer,2026-07-16 06:15:01
TXN0003355,ACC100019,Delhi-Saket,8650.23,deposit,2026-07-16 07:07:18
TXN0003323,ACC100046,Bangalore-Koramangala,6406.35,withdrawal,2026-07-16 07:48:29
TXN0003329,ACC100322,Hyderabad-Banjara,2210.85,deposit,2026-07-16 07:55:25
TXN0003301,ACC100030,Delhi-Saket,12305.63,withdrawal,2026-07-16 07:57:12
TXN0003293,ACC100307,Mumbai-Andheri,3893.66,withdrawal,2026-07-16 08:07:22
TXN0003330,ACC100434,Chennai-TNagar,2195.68,deposit,2026-07-16 08:08:17
TXN0003295,ACC100624,Hyderabad-Banjara,295.61,deposit,2026-07-16 08:10:04
TXN0003331,ACC100038,Hyderabad-Banjara,35548.72,deposit,2026-07-16 08:11:03
TXN0003319,ACC100292,Mumbai-Andheri,1511.9,withdrawal,2026-07-16 08:44:33
TXN0003325,ACC100202,Mumbai-Andheri,14136.78,transfer,2026-07-16 08:47:12
TXN0003290,ACC100090,Mumbai-Andheri,4634.07,withdrawal,2026-07-16 08:52:14
TXN0003353,ACC100509,Bangalore-Whitefield,7125.8,withdrawal,2026-07-16 08:53:49
TXN0003303,ACC100001,Hyderabad-Gachibowli,3683.6,deposit,2026-07-16 08:58:02
TXN0003315,ACC100548,Hyderabad-Gachibowli,3693.88,deposit,2026-07-16 09:16:59
TXN0003351,ACC100777,Delhi-Saket,5381.82,withdrawal,2026-07-16 09:32:05
TXN0003350,ACC100402,Bangalore-Whitefield,8894.54,deposit,2026-07-16 09:38:48
TXN0003304,ACC100137,Bangalore-Whitefield,10514.33,transfer,2026-07-16 09:39:37
TXN0003348,ACC100428,Pune-Kothrud,3446.62,transfer,2026-07-16 09:42:18
TXN0003335,ACC100750,Delhi-Saket,38774.62,deposit,2026-07-16 10:13:19
TXN0003342,ACC100252,Chennai-TNagar,6306.68,withdrawal,2026-07-16 10:17:30
TXN0003275,ACC100531,Bangalore-Whitefield,135954.01,transfer,2026-07-16 10:28:00
TXN0003343,ACC100378,Hyderabad-Gachibowli,5625.96,withdrawal,2026-07-16 10:28:49
TXN0003284,ACC100145,Hyderabad-Gachibowli,9450.69,transfer,2026-07-16 10:32:18
TXN0003344,ACC100277,Pune-Kothrud,10037.16,withdrawal,2026-07-16 10:35:37
TXN0003318,ACC100603,Bangalore-Whitefield,10354.23,deposit,2026-07-16 10:37:20
TXN0003277,ACC100102,Mumbai-Andheri,12677.95,deposit,2026-07-16 10:43:57
TXN0003298,ACC100604,Mumbai-Andheri,12181.83,withdrawal,2026-07-16 10:47:08
TXN0003300,ACC100789,Pune-Kothrud,12805.84,transfer,2026-07-16 10:59:47
TXN0003336,ACC100190,Delhi-CP,9180.24,deposit,2026-07-16 11:00:11
TXN0003328,ACC100295,Bangalore-Whitefield,506.9,deposit,2026-07-16 11:02:06
TXN0003305,ACC100557,Hyderabad-Banjara,6622.0,transfer,2026-07-16 11:14:57
TXN0003356,ACC100407,Bangalore-Whitefield,11621.59,withdrawal,2026-07-16 11:20:41
TXN0003302,ACC100425,Mumbai-Bandra,5725.55,withdrawal,2026-07-16 11:27:04
TXN0003309,ACC100314,Hyderabad-Gachibowli,1739.65,transfer,2026-07-16 11:31:48
TXN0003359,ACC100599,Chennai-TNagar,15397.19,withdrawal,2026-07-16 11:36:16
TXN0003324,ACC100054,Mumbai-Bandra,2227.54,withdrawal,2026-07-16 11:37:42
TXN0003357,ACC100284,Chennai-TNagar,334775.59,transfer,2026-07-16 11:44:18
TXN0003360,ACC100517,Chennai-TNagar,2804.68,deposit,2026-07-16 11:58:24
TXN0003306,ACC100431,Delhi-CP,7167.86,withdrawal,2026-07-16 12:04:20
TXN0003314,ACC100277,Bangalore-Whitefield,8284.96,transfer,2026-07-16 12:11:34
TXN0003339,ACC100283,Bangalore-Koramangala,2742.47,withdrawal,2026-07-16 12:14:22
TXN0003311,ACC100627,Bangalore-Koramangala,9626.45,withdrawal,2026-07-16 12:28:24
TXN0003317,ACC100202,Hyderabad-Gachibowli,11746.85,deposit,2026-07-16 12:33:29
TXN0003321,ACC100211,Delhi-Saket,23755.97,deposit,2026-07-16 12:34:26
TXN0003316,ACC100369,Mumbai-Andheri,5669.49,transfer,2026-07-16 12:37:53
TXN0003347,ACC100606,Hyderabad-Gachibowli,2434.15,deposit,2026-07-16 12:41:44
TXN0003358,ACC100352,Bangalore-Whitefield,9007.93,deposit,2026-07-16 12:47:59
TXN0003326,ACC100012,Mumbai-Bandra,2856.79,deposit,2026-07-16 13:55:21
TXN0003333,ACC100077,Hyderabad-Banjara,3215.23,deposit,2026-07-16 14:12:14
TXN0003332,ACC100381,Mumbai-Bandra,9982.5,withdrawal,2026-07-16 15:02:54
TXN0003299,ACC100605,Bangalore-Whitefield,4400.37,transfer,2026-07-16 15:15:12
TXN0003294,ACC100760,Bangalore-Koramangala,1326.73,withdrawal,2026-07-16 15:17:47
TXN0003283,ACC100076,Bangalore-Whitefield,13103.4,withdrawal,2026-07-16 15:34:03
TXN0003288,ACC100510,Mumbai-Bandra,13659.18,transfer,2026-07-16 15:42:28
TXN0003278,ACC100033,Mumbai-Bandra,9306.22,withdrawal,2026-07-16 15:47:14
TXN0003276,ACC100498,Delhi-CP,12613.98,transfer,2026-07-16 15:56:13
TXN0003297,ACC100233,Bangalore-Whitefield,7244.74,deposit,2026-07-16 16:03:45
TXN0003289,ACC100239,Hyderabad-Banjara,11171.28,withdrawal,2026-07-16 16:08:36
TXN0003285,ACC100269,Mumbai-Bandra,468.62,withdrawal,2026-07-16 16:14:52
TXN0003346,ACC100347,Bangalore-Whitefield,13670.67,deposit,2026-07-16 16:24:31
TXN0003345,ACC100715,Bangalore-Koramangala,9543.48,transfer,2026-07-16 16:35:56
TXN0003310,ACC100131,Mumbai-Bandra,11281.53,deposit,2026-07-16 16:41:24
TXN0003334,ACC100657,Hyderabad-Gachibowli,14595.58,deposit,2026-07-16 17:10:15
TXN0003281,ACC100104,Bangalore-Whitefield,406975.46,transfer,2026-07-16 18:12:25
TXN0003287,ACC100627,Mumbai-Andheri,9962.39,deposit,2026-07-16 18:22:37
TXN0003312,ACC100269,Bangalore-Whitefield,3323.35,deposit,2026-07-16 18:50:58
TXN0003327,ACC100662,Bangalore-Koramangala,10161.67,deposit,2026-07-16 19:08:10
TXN0003308,ACC100251,Bangalore-Whitefield,12786.85,withdrawal,2026-07-16 19:27:56
TXN0003338,ACC100365,Mumbai-Andheri,7155.95,transfer,2026-07-16 19:52:15
TXN0003282,ACC100548,Pune-Kothrud,5963.8,deposit,2026-07-16 20:34:38
TXN0003296,ACC100525,Bangalore-Koramangala,9718.4,withdrawal,2026-07-16 20:57:06
TXN0003354,ACC100004,Pune-Kothrud,12236.32,deposit,2026-07-16 20:57:45
TXN0003292,ACC100756,Mumbai-Andheri,5897.01,deposit,2026-07-16 20:58:13
TXN0003320,ACC100382,Delhi-CP,8085.11,deposit,2026-07-16 21:05:19
TXN0003341,ACC100340,Delhi-Saket,13468.66,deposit,2026-07-16 21:23:50
TXN0003340,ACC100414,Chennai-TNagar,14959.45,deposit,2026-07-16 22:25:23
TXN0003279,ACC100528,Mumbai-Andheri,4736.58,transfer,2026-07-16 22:34:13
TXN0003390,ACC100778,Bangalore-Koramangala,5803.45,withdrawal,2026-07-17 00:01:42
TXN0003419,ACC100246,Bangalore-Whitefield,4592.07,transfer,2026-07-17 00:02:17
TXN0003384,ACC100330,Hyderabad-Gachibowli,13411.98,withdrawal,2026-07-17 00:40:23
TXN0003370,ACC100427,Chennai-TNagar,8209.94,transfer,2026-07-17 02:04:56
TXN0003392,ACC100387,Delhi-CP,2782.49,transfer,2026-07-17 02:44:32
TXN0003412,ACC100754,Hyderabad-Banjara,34825.36,withdrawal,2026-07-17 03:19:22
TXN0003382,ACC100049,Hyderabad-Banjara,22622.82,deposit,2026-07-17 03:38:42
TXN0003432,ACC100633,Hyderabad-Gachibowli,1020.73,withdrawal,2026-07-17 04:01:11
TXN0003372,ACC100760,Pune-Kothrud,2423.45,deposit,2026-07-17 04:20:12
TXN0003368,ACC100010,Pune-Kothrud,9977.46,withdrawal,2026-07-17 06:01:03
TXN0003436,ACC100798,Mumbai-Bandra,11169.21,transfer,2026-07-17 06:24:41
TXN0003394,ACC100554,Delhi-Saket,411893.13,withdrawal,2026-07-17 07:08:34
TXN0003403,ACC100130,Pune-Kothrud,13434.83,deposit,2026-07-17 07:18:58
TXN0003375,ACC100088,Bangalore-Whitefield,42394.18,deposit,2026-07-17 07:43:19
TXN0003395,ACC100144,Hyderabad-Banjara,10829.71,withdrawal,2026-07-17 07:55:50
TXN0003379,ACC100487,Chennai-TNagar,12916.78,withdrawal,2026-07-17 08:04:15
TXN0003427,ACC100134,Hyderabad-Banjara,13921.41,deposit,2026-07-17 08:07:22
TXN0003381,ACC100388,Hyderabad-Banjara,3817.6,withdrawal,2026-07-17 08:22:18
TXN0003389,ACC100149,Chennai-TNagar,1387.69,deposit,2026-07-17 08:25:08
TXN0003416,ACC100565,Hyderabad-Banjara,7729.22,withdrawal,2026-07-17 08:46:25
TXN0003400,ACC100792,Mumbai-Andheri,6700.64,deposit,2026-07-17 08:49:41
TXN0003376,ACC100016,Pune-Kothrud,13024.73,deposit,2026-07-17 08:59:33
TXN0003435,ACC100002,Bangalore-Koramangala,13487.92,withdrawal,2026-07-17 09:18:50
TXN0003422,ACC100393,Hyderabad-Gachibowli,322.7,withdrawal,2026-07-17 09:23:28
TXN0003364,ACC100034,Bangalore-Whitefield,4155.41,deposit,2026-07-17 09:30:58
TXN0003386,ACC100282,Delhi-CP,5917.36,transfer,2026-07-17 09:36:38
TXN0003411,ACC100381,Delhi-Saket,8216.5,deposit,2026-07-17 09:36:57
TXN0003398,ACC100304,Hyderabad-Banjara,11294.51,deposit,2026-07-17 09:38:51
TXN0003399,ACC100118,Hyderabad-Gachibowli,1820.37,transfer,2026-07-17 09:42:01
TXN0003365,ACC100681,Mumbai-Bandra,14359.26,withdrawal,2026-07-17 09:50:06
TXN0003429,ACC100405,Hyderabad-Gachibowli,591.95,deposit,2026-07-17 09:53:14
TXN0003420,ACC100081,Delhi-CP,5031.81,deposit,2026-07-17 09:55:25
TXN0003430,ACC100600,Hyderabad-Gachibowli,14070.55,deposit,2026-07-17 10:11:09
TXN0003437,ACC100642,Delhi-CP,1224.48,transfer,2026-07-17 10:18:28
TXN0003434,ACC100735,Bangalore-Koramangala,11125.43,transfer,2026-07-17 10:38:19
TXN0003401,ACC100543,Delhi-Saket,13949.27,transfer,2026-07-17 10:40:44
TXN0003417,ACC100630,Bangalore-Koramangala,4506.84,withdrawal,2026-07-17 10:49:53
TXN0003362,ACC100229,Hyderabad-Gachibowli,1662.7,deposit,2026-07-17 11:10:22
TXN0003361,ACC100580,Delhi-CP,10116.3,withdrawal,2026-07-17 11:56:35
TXN0003402,ACC100680,Mumbai-Bandra,319457.73,withdrawal,2026-07-17 12:15:01
TXN0003428,ACC100700,Mumbai-Andheri,9101.44,deposit,2026-07-17 12:53:00
TXN0003374,ACC100102,Hyderabad-Gachibowli,4926.49,withdrawal,2026-07-17 12:54:44
TXN0003373,ACC100076,Mumbai-Bandra,10102.37,withdrawal,2026-07-17 12:59:37
TXN0003418,ACC100510,Chennai-TNagar,12192.72,deposit,2026-07-17 13:43:11
TXN0003424,ACC100298,Mumbai-Bandra,4900.16,transfer,2026-07-17 13:51:08
TXN0003369,ACC100319,Bangalore-Koramangala,16352.84,transfer,2026-07-17 13:53:56
TXN0003377,ACC100568,Bangalore-Whitefield,2074.55,deposit,2026-07-17 13:54:40
TXN0003367,ACC100444,Delhi-CP,3840.58,deposit,2026-07-17 14:06:25
TXN0003396,ACC100675,Hyderabad-Gachibowli,2796.62,deposit,2026-07-17 14:18:00
TXN0003415,ACC100325,Hyderabad-Gachibowli,29638.91,withdrawal,2026-07-17 14:19:37
TXN0003425,ACC100537,Mumbai-Bandra,12439.28,deposit,2026-07-17 14:25:11
TXN0003385,ACC100289,Delhi-CP,31329.06,transfer,2026-07-17 14:45:39
TXN0003363,ACC100791,Delhi-Saket,3778.79,deposit,2026-07-17 14:46:37
TXN0003405,ACC100522,Bangalore-Whitefield,4389.88,deposit,2026-07-17 14:51:29
TXN0003408,ACC100025,Bangalore-Koramangala,11619.32,deposit,2026-07-17 15:06:14
TXN0003380,ACC100567,Bangalore-Whitefield,32476.1,deposit,2026-07-17 15:07:42
TXN0003431,ACC100046,Mumbai-Bandra,8689.17,withdrawal,2026-07-17 15:13:23
TXN0003406,ACC100294,Bangalore-Whitefield,2711.76,withdrawal,2026-07-17 15:43:35
TXN0003438,ACC100751,Mumbai-Andheri,11127.34,deposit,2026-07-17 15:48:22
TXN0003366,ACC100288,Hyderabad-Banjara,4053.0,withdrawal,2026-07-17 16:04:55
TXN0003371,ACC100635,Delhi-Saket,14326.12,deposit,2026-07-17 16:16:32
TXN0003387,ACC100226,Pune-Kothrud,14857.09,deposit,2026-07-17 16:21:27
TXN0003413,ACC100156,Delhi-CP,5721.21,transfer,2026-07-17 16:24:21
TXN0003404,ACC100729,Pune-Kothrud,5060.45,deposit,2026-07-17 16:50:48
TXN0003388,ACC100462,Mumbai-Bandra,5547.74,withdrawal,2026-07-17 17:18:56
TXN0003383,ACC100443,Pune-Kothrud,8263.23,deposit,2026-07-17 17:21:10
TXN0003423,ACC100062,Hyderabad-Gachibowli,2251.54,transfer,2026-07-17 17:43:38
TXN0003391,ACC100043,Hyderabad-Banjara,4189.37,transfer,2026-07-17 18:00:52
TXN0003433,ACC100725,Delhi-Saket,2278.75,deposit,2026-07-17 18:24:45
TXN0003414,ACC100430,Delhi-CP,5631.69,deposit,2026-07-17 19:05:25
TXN0003378,ACC100306,Mumbai-Andheri,17627.9,transfer,2026-07-17 19:13:27
TXN0003407,ACC100624,Hyderabad-Gachibowli,7516.06,withdrawal,2026-07-17 19:41:45
TXN0003409,ACC100676,Bangalore-Koramangala,13974.33,transfer,2026-07-17 19:52:46
TXN0003426,ACC100706,Bangalore-Koramangala,7332.06,deposit,2026-07-17 20:38:08
TXN0003410,ACC100412,Delhi-Saket,8332.99,deposit,2026-07-17 20:58:31
TXN0003421,ACC100614,Hyderabad-Banjara,4298.65,withdrawal,2026-07-17 20:59:01
TXN0003393,ACC100455,Bangalore-Whitefield,14529.38,deposit,2026-07-17 22:26:26
TXN0003397,ACC100548,Mumbai-Andheri,2969.81,deposit,2026-07-17 23:37:38
TXN0003473,ACC100415,Delhi-CP,3182.0,transfer,2026-07-18 00:21:40
TXN0003442,ACC100056,Mumbai-Bandra,992.12,deposit,2026-07-18 07:04:43
TXN0003446,ACC100376,Mumbai-Bandra,4362.4,transfer,2026-07-18 08:19:12
TXN0003456,ACC100420,Mumbai-Andheri,6445.32,withdrawal,2026-07-18 08:52:51
TXN0003470,ACC100050,Chennai-TNagar,7600.36,transfer,2026-07-18 09:24:52
TXN0003451,ACC100508,Mumbai-Bandra,26928.95,withdrawal,2026-07-18 09:33:08
TXN0003478,ACC100732,Bangalore-Koramangala,13178.85,transfer,2026-07-18 09:33:46
TXN0003471,ACC100259,Bangalore-Whitefield,14893.48,transfer,2026-07-18 09:54:28
TXN0003465,ACC100469,Hyderabad-Banjara,2095.92,deposit,2026-07-18 10:35:43
TXN0003464,ACC100580,Delhi-CP,12973.88,transfer,2026-07-18 10:41:03
TXN0003480,ACC100062,Mumbai-Andheri,13415.01,deposit,2026-07-18 10:43:13
TXN0003477,ACC100000,Hyderabad-Banjara,1734.89,transfer,2026-07-18 10:57:33
TXN0003449,ACC100265,Delhi-CP,12786.7,withdrawal,2026-07-18 11:13:08
TXN0003452,ACC100042,Hyderabad-Banjara,551.97,transfer,2026-07-18 11:22:10
TXN0003467,ACC100715,Bangalore-Koramangala,5981.14,deposit,2026-07-18 11:46:28
TXN0003443,ACC100116,Mumbai-Bandra,6682.81,withdrawal,2026-07-18 11:52:30
TXN0003476,ACC100636,Mumbai-Bandra,47568.5,transfer,2026-07-18 11:52:41
TXN0003459,ACC100146,Bangalore-Whitefield,1982.96,deposit,2026-07-18 12:26:45
TXN0003444,ACC100647,Mumbai-Bandra,3056.5,deposit,2026-07-18 12:34:22
TXN0003474,ACC100693,Mumbai-Andheri,45684.78,transfer,2026-07-18 14:01:35
TXN0003461,ACC100220,Mumbai-Andheri,17553.22,transfer,2026-07-18 14:19:27
TXN0003450,ACC100490,Bangalore-Whitefield,7414.24,withdrawal,2026-07-18 14:51:43
TXN0003479,ACC100521,Delhi-Saket,4359.03,transfer,2026-07-18 15:03:18
TXN0003457,ACC100591,Mumbai-Andheri,4671.72,withdrawal,2026-07-18 15:20:00
TXN0003441,ACC100128,Hyderabad-Banjara,12338.37,withdrawal,2026-07-18 15:30:35
TXN0003460,ACC100504,Hyderabad-Gachibowli,10562.09,transfer,2026-07-18 15:37:49
TXN0003448,ACC100770,Delhi-Saket,3725.02,transfer,2026-07-18 16:13:09
TXN0003455,ACC100254,Delhi-CP,4778.83,transfer,2026-07-18 16:39:30
TXN0003445,ACC100599,Hyderabad-Gachibowli,9572.81,transfer,2026-07-18 16:41:32
TXN0003466,ACC100147,Bangalore-Whitefield,13224.38,deposit,2026-07-18 16:59:36
TXN0003469,ACC100436,Hyderabad-Gachibowli,447476.38,deposit,2026-07-18 17:01:52
TXN0003447,ACC100022,Hyderabad-Banjara,12469.65,transfer,2026-07-18 17:15:36
TXN0003475,ACC100379,Chennai-TNagar,874.78,deposit,2026-07-18 18:09:16
TXN0003468,ACC100012,Mumbai-Bandra,2195.31,withdrawal,2026-07-18 18:51:33
TXN0003453,ACC100717,Mumbai-Bandra,13000.4,deposit,2026-07-18 18:55:56
TXN0003440,ACC100728,Mumbai-Bandra,7116.88,deposit,2026-07-18 19:26:04
TXN0003462,ACC100672,Mumbai-Bandra,3018.67,deposit,2026-07-18 19:29:35
TXN0003463,ACC100706,Pune-Kothrud,193.16,withdrawal,2026-07-18 19:31:46
TXN0003458,ACC100423,Delhi-Saket,5807.85,transfer,2026-07-18 19:54:07
TXN0003454,ACC100377,Hyderabad-Banjara,4266.78,deposit,2026-07-18 20:14:51
TXN0003439,ACC100693,Bangalore-Koramangala,38452.8,transfer,2026-07-18 22:27:26
TXN0003472,ACC100691,Delhi-Saket,2579.15,deposit,2026-07-18 22:34:38
TXN0003512,ACC100044,Hyderabad-Banjara,29667.07,transfer,2026-07-19 02:02:08
TXN0003511,ACC100504,Bangalore-Whitefield,14175.79,withdrawal,2026-07-19 02:44:06
TXN0003510,ACC100469,Hyderabad-Banjara,3724.38,withdrawal,2026-07-19 03:07:21
TXN0003528,ACC100614,Bangalore-Whitefield,11119.97,withdrawal,2026-07-19 03:16:45
TXN0003527,ACC100539,Bangalore-Koramangala,14282.41,transfer,2026-07-19 04:34:56
TXN0003501,ACC100001,Bangalore-Whitefield,1335.87,deposit,2026-07-19 05:52:09
TXN0003485,ACC100710,Delhi-Saket,1632.18,transfer,2026-07-19 06:23:33
TXN0003517,ACC100290,Bangalore-Koramangala,13161.29,deposit,2026-07-19 06:31:44
TXN0003496,ACC100168,Mumbai-Andheri,4567.38,transfer,2026-07-19 07:15:00
TXN0003522,ACC100572,Bangalore-Whitefield,7483.06,deposit,2026-07-19 07:41:12
TXN0003499,ACC100495,Bangalore-Whitefield,48254.43,withdrawal,2026-07-19 07:56:48
TXN0003524,ACC100671,Chennai-TNagar,12505.83,withdrawal,2026-07-19 08:00:05
TXN0003493,ACC100561,Delhi-CP,13137.09,transfer,2026-07-19 08:09:50
TXN0003518,ACC100142,Bangalore-Whitefield,11702.33,withdrawal,2026-07-19 08:25:34
TXN0003487,ACC100394,Delhi-CP,3109.27,withdrawal,2026-07-19 08:26:04
TXN0003520,ACC100002,Hyderabad-Banjara,38635.55,deposit,2026-07-19 08:34:25
TXN0003492,ACC100493,Mumbai-Andheri,8137.45,deposit,2026-07-19 09:27:27
TXN0003502,ACC100733,Chennai-TNagar,4424.98,deposit,2026-07-19 09:43:03
TXN0003523,ACC100747,Hyderabad-Banjara,14826.44,withdrawal,2026-07-19 10:26:54
TXN0003521,ACC100680,Hyderabad-Banjara,11869.67,deposit,2026-07-19 10:37:01
TXN0003489,ACC100194,Mumbai-Andheri,5281.88,withdrawal,2026-07-19 10:45:09
TXN0003529,ACC100225,Bangalore-Koramangala,11577.68,withdrawal,2026-07-19 11:34:58
TXN0003515,ACC100366,Delhi-CP,4326.95,deposit,2026-07-19 11:36:05
TXN0003484,ACC100622,Hyderabad-Banjara,9890.16,transfer,2026-07-19 11:38:33
TXN0003505,ACC100486,Hyderabad-Banjara,5313.02,withdrawal,2026-07-19 11:49:29
TXN0003508,ACC100141,Pune-Kothrud,3024.52,withdrawal,2026-07-19 12:12:44
TXN0003513,ACC100410,Mumbai-Bandra,3998.65,withdrawal,2026-07-19 12:21:38
TXN0003481,ACC100195,Delhi-CP,9721.32,withdrawal,2026-07-19 12:29:20
TXN0003531,ACC100068,Mumbai-Bandra,4616.19,transfer,2026-07-19 12:44:16
TXN0003491,ACC100521,Hyderabad-Gachibowli,2216.19,deposit,2026-07-19 12:49:44
TXN0003519,ACC100341,Mumbai-Andheri,49597.54,transfer,2026-07-19 13:08:18
TXN0003500,ACC100513,Mumbai-Andheri,7262.9,deposit,2026-07-19 13:24:12
TXN0003514,ACC100466,Chennai-TNagar,4847.8,transfer,2026-07-19 13:45:13
TXN0003483,ACC100325,Mumbai-Bandra,12253.06,withdrawal,2026-07-19 14:02:05
TXN0003525,ACC100059,Hyderabad-Banjara,12329.26,deposit,2026-07-19 14:04:35
TXN0003497,ACC100557,Delhi-CP,33730.98,deposit,2026-07-19 14:30:08
TXN0003486,ACC100398,Mumbai-Bandra,100770.24,transfer,2026-07-19 14:30:52
TXN0003530,ACC100658,Hyderabad-Banjara,14777.18,transfer,2026-07-19 15:27:33
TXN0003504,ACC100633,Chennai-TNagar,47713.65,transfer,2026-07-19 15:37:40
TXN0003490,ACC100558,Mumbai-Bandra,3787.23,withdrawal,2026-07-19 15:49:48
TXN0003494,ACC100527,Mumbai-Bandra,2763.67,deposit,2026-07-19 16:27:37
TXN0003526,ACC100454,Delhi-CP,4714.87,transfer,2026-07-19 17:02:11
TXN0003495,ACC100573,Bangalore-Whitefield,9605.77,deposit,2026-07-19 17:45:03
TXN0003506,ACC100416,Mumbai-Andheri,5726.65,withdrawal,2026-07-19 18:12:18
TXN0003498,ACC100739,Chennai-TNagar,3434.03,withdrawal,2026-07-19 18:54:10
TXN0003482,ACC100360,Delhi-CP,279.13,deposit,2026-07-19 19:33:59
TXN0003507,ACC100797,Mumbai-Andheri,2369.85,deposit,2026-07-19 20:53:18
TXN0003503,ACC100357,Bangalore-Whitefield,9967.01,withdrawal,2026-07-19 22:06:48
TXN0003488,ACC100487,Chennai-TNagar,26649.38,transfer,2026-07-19 22:13:23
TXN0003516,ACC100258,Mumbai-Bandra,13869.49,transfer,2026-07-19 22:24:54
TXN0003509,ACC100186,Hyderabad-Banjara,3949.75,deposit,2026-07-19 22:45:00
TXN0003620,ACC100687,Delhi-Saket,3328.7,withdrawal,2026-07-20 00:23:05
TXN0003572,ACC100276,Bangalore-Koramangala,14545.46,transfer,2026-07-20 00:35:59
TXN0003533,ACC100357,Bangalore-Koramangala,11151.06,transfer,2026-07-20 00:39:27
TXN0003540,ACC100188,Mumbai-Bandra,10397.83,withdrawal,2026-07-20 00:44:44
TXN0003587,ACC100538,Hyderabad-Banjara,5944.6,transfer,2026-07-20 01:39:59
TXN0003544,ACC100155,Delhi-CP,5764.71,transfer,2026-07-20 01:53:12
TXN0003588,ACC100060,Mumbai-Bandra,6529.16,deposit,2026-07-20 01:54:15
TXN0003618,ACC100023,Mumbai-Bandra,1585.87,deposit,2026-07-20 03:30:58
TXN0003608,ACC100056,Hyderabad-Gachibowli,11442.36,deposit,2026-07-20 03:41:49
TXN0003605,ACC100609,Bangalore-Whitefield,12964.49,transfer,2026-07-20 04:17:20
TXN0003589,ACC100633,Delhi-Saket,7461.67,transfer,2026-07-20 04:21:02
TXN0003600,ACC100478,Delhi-Saket,5162.01,withdrawal,2026-07-20 04:28:13
TXN0003612,ACC100049,Chennai-TNagar,4284.18,deposit,2026-07-20 04:34:19
TXN0003545,ACC100570,Mumbai-Bandra,536.96,transfer,2026-07-20 05:45:59
TXN0003611,ACC100517,Hyderabad-Banjara,8286.96,deposit,2026-07-20 07:11:04
TXN0003599,ACC100694,Bangalore-Koramangala,10281.47,deposit,2026-07-20 07:43:59
TXN0003551,ACC100654,Delhi-CP,348.24,deposit,2026-07-20 08:12:01
TXN0003574,ACC100705,Bangalore-Koramangala,60421.84,deposit,2026-07-20 08:35:06
TXN0003534,ACC100509,Pune-Kothrud,4424.22,withdrawal,2026-07-20 08:35:37
TXN0003571,ACC100046,Bangalore-Koramangala,32150.78,withdrawal,2026-07-20 08:37:20
TXN0003593,ACC100352,Chennai-TNagar,2368.58,deposit,2026-07-20 08:38:52
TXN0003594,ACC100248,Mumbai-Bandra,20066.35,withdrawal,2026-07-20 08:46:15
TXN0003591,ACC100720,Bangalore-Koramangala,1589.38,withdrawal,2026-07-20 08:48:13
TXN0003584,ACC100190,Delhi-Saket,3787.02,deposit,2026-07-20 09:06:53
TXN0003577,ACC100192,Hyderabad-Banjara,18908.64,transfer,2026-07-20 09:22:36
TXN0003610,ACC100695,Mumbai-Bandra,10881.66,withdrawal,2026-07-20 09:27:34
TXN0003615,ACC100124,Bangalore-Koramangala,12632.33,withdrawal,2026-07-20 09:36:43
TXN0003602,ACC100500,Hyderabad-Gachibowli,8946.19,withdrawal,2026-07-20 09:36:57
TXN0003538,ACC100418,Pune-Kothrud,10005.54,withdrawal,2026-07-20 10:05:46
TXN0003541,ACC100199,Delhi-CP,49632.87,withdrawal,2026-07-20 10:11:35
TXN0003613,ACC100163,Hyderabad-Gachibowli,8248.88,deposit,2026-07-20 10:15:11
TXN0003596,ACC100624,Hyderabad-Banjara,461.81,transfer,2026-07-20 10:16:12
TXN0003580,ACC100536,Mumbai-Bandra,10752.19,deposit,2026-07-20 10:18:21
TXN0003560,ACC100261,Hyderabad-Banjara,42614.5,withdrawal,2026-07-20 10:19:16
TXN0003546,ACC100297,Hyderabad-Banjara,42324.8,withdrawal,2026-07-20 10:35:37
TXN0003573,ACC100029,Hyderabad-Banjara,5332.35,deposit,2026-07-20 10:43:08
TXN0003579,ACC100564,Delhi-CP,43214.35,withdrawal,2026-07-20 10:44:03
TXN0003582,ACC100598,Hyderabad-Gachibowli,13537.97,deposit,2026-07-20 10:53:22
TXN0003569,ACC100061,Mumbai-Bandra,8026.97,transfer,2026-07-20 11:10:46
TXN0003595,ACC100109,Mumbai-Andheri,5629.17,deposit,2026-07-20 11:11:38
TXN0003586,ACC100765,Hyderabad-Gachibowli,21082.99,withdrawal,2026-07-20 11:32:16
TXN0003561,ACC100381,Hyderabad-Gachibowli,5774.18,deposit,2026-07-20 11:35:34
TXN0003539,ACC100670,Mumbai-Bandra,6952.36,transfer,2026-07-20 11:37:10
TXN0003553,ACC100640,Hyderabad-Banjara,14538.68,deposit,2026-07-20 11:41:38
TXN0003609,ACC100048,Mumbai-Andheri,3165.16,withdrawal,2026-07-20 11:44:29
TXN0003536,ACC100364,Bangalore-Koramangala,12203.19,transfer,2026-07-20 11:44:55
TXN0003585,ACC100143,Chennai-TNagar,5680.82,withdrawal,2026-07-20 11:46:48
TXN0003606,ACC100052,Hyderabad-Banjara,11664.09,transfer,2026-07-20 11:51:33
TXN0003617,ACC100477,Bangalore-Whitefield,7342.77,withdrawal,2026-07-20 12:02:02
TXN0003578,ACC100029,Mumbai-Andheri,2851.29,transfer,2026-07-20 12:16:09
TXN0003565,ACC100530,Mumbai-Andheri,43399.14,deposit,2026-07-20 12:33:30
TXN0003542,ACC100656,Delhi-Saket,9177.02,transfer,2026-07-20 12:37:37
TXN0003603,ACC100077,Bangalore-Whitefield,6583.73,withdrawal,2026-07-20 12:49:01
TXN0003537,ACC100100,Delhi-CP,19384.28,withdrawal,2026-07-20 13:51:13
TXN0003570,ACC100008,Hyderabad-Banjara,14788.59,deposit,2026-07-20 14:12:36
TXN0003598,ACC100086,Chennai-TNagar,38256.54,withdrawal,2026-07-20 14:30:07
TXN0003575,ACC100319,Hyderabad-Gachibowli,13641.95,deposit,2026-07-20 14:49:43
TXN0003554,ACC100352,Hyderabad-Gachibowli,2916.59,deposit,2026-07-20 14:52:07
TXN0003604,ACC100367,Hyderabad-Gachibowli,114.58,withdrawal,2026-07-20 15:22:54
TXN0003552,ACC100126,Hyderabad-Banjara,296.57,transfer,2026-07-20 15:25:53
TXN0003556,ACC100020,Pune-Kothrud,13580.01,transfer,2026-07-20 15:27:08
TXN0003543,ACC100247,Bangalore-Whitefield,4919.54,withdrawal,2026-07-20 15:30:29
TXN0003559,ACC100312,Mumbai-Bandra,13529.24,withdrawal,2026-07-20 15:58:31
TXN0003583,ACC100320,Bangalore-Whitefield,565.63,deposit,2026-07-20 16:08:30
TXN0003549,ACC100438,Hyderabad-Banjara,749.44,transfer,2026-07-20 16:11:16
TXN0003562,ACC100678,Bangalore-Whitefield,21951.93,withdrawal,2026-07-20 16:17:32
TXN0003568,ACC100611,Bangalore-Koramangala,454.31,transfer,2026-07-20 16:19:20
TXN0003614,ACC100032,Bangalore-Whitefield,1244.28,transfer,2026-07-20 16:24:33
TXN0003616,ACC100683,Bangalore-Koramangala,14856.32,withdrawal,2026-07-20 16:38:00
TXN0003601,ACC100165,Delhi-CP,9254.32,transfer,2026-07-20 16:46:32
TXN0003550,ACC100276,Delhi-Saket,6763.37,withdrawal,2026-07-20 17:31:22
TXN0003581,ACC100082,Mumbai-Andheri,409183.85,transfer,2026-07-20 17:40:05
TXN0003557,ACC100265,Bangalore-Koramangala,7096.65,withdrawal,2026-07-20 17:40:18
TXN0003558,ACC100025,Bangalore-Koramangala,39163.28,deposit,2026-07-20 17:48:17
TXN0003619,ACC100009,Delhi-CP,5541.24,withdrawal,2026-07-20 17:50:41
TXN0003590,ACC100729,Mumbai-Andheri,2228.3,withdrawal,2026-07-20 17:58:43
TXN0003532,ACC100003,Chennai-TNagar,14903.27,transfer,2026-07-20 18:05:02
TXN0003548,ACC100359,Bangalore-Whitefield,9759.48,withdrawal,2026-07-20 18:19:33
TXN0003597,ACC100087,Delhi-CP,3806.1,transfer,2026-07-20 18:23:14
TXN0003566,ACC100004,Pune-Kothrud,2470.11,transfer,2026-07-20 18:26:49
TXN0003567,ACC100624,Delhi-Saket,4581.41,withdrawal,2026-07-20 18:46:27
TXN0003576,ACC100703,Bangalore-Koramangala,7422.92,deposit,2026-07-20 18:48:21
TXN0003547,ACC100192,Delhi-Saket,14363.27,transfer,2026-07-20 18:55:25
TXN0003563,ACC100203,Bangalore-Whitefield,38147.27,withdrawal,2026-07-20 19:41:35
TXN0003592,ACC100287,Bangalore-Whitefield,8385.2,transfer,2026-07-20 20:19:32
TXN0003555,ACC100649,Delhi-Saket,15477.4,withdrawal,2026-07-20 20:40:12
TXN0003607,ACC100249,Delhi-Saket,3274.4,withdrawal,2026-07-20 20:40:22
TXN0003564,ACC100439,Bangalore-Koramangala,3315.93,transfer,2026-07-20 22:53:19
TXN0003535,ACC100127,Bangalore-Whitefield,3568.43,deposit,2026-07-20 23:46:55
TXN0003633,ACC100022,Hyderabad-Gachibowli,3546.77,withdrawal,2026-07-21 02:34:14
TXN0003676,ACC100648,Bangalore-Koramangala,5844.6,withdrawal,2026-07-21 05:57:52
TXN0003638,ACC100131,Delhi-CP,2969.44,deposit,2026-07-21 06:07:28
TXN0003637,ACC100270,Hyderabad-Banjara,8727.24,transfer,2026-07-21 06:28:10
TXN0003669,ACC100251,Hyderabad-Gachibowli,13536.63,deposit,2026-07-21 06:34:06
TXN0003685,ACC100749,Hyderabad-Banjara,12197.84,withdrawal,2026-07-21 08:15:46
TXN0003628,ACC100389,Pune-Kothrud,13297.62,deposit,2026-07-21 08:27:13
TXN0003682,ACC100669,Bangalore-Koramangala,6427.13,deposit,2026-07-21 08:47:12
TXN0003658,ACC100183,Chennai-TNagar,2814.74,deposit,2026-07-21 08:51:02
TXN0003654,ACC100240,Bangalore-Koramangala,12479.89,transfer,2026-07-21 08:54:17
TXN0003631,ACC100406,Pune-Kothrud,13853.92,transfer,2026-07-21 09:01:53
TXN0003660,ACC100740,Bangalore-Whitefield,4777.87,deposit,2026-07-21 09:03:38
TXN0003636,ACC100677,Bangalore-Koramangala,5014.48,withdrawal,2026-07-21 09:04:02
TXN0003666,ACC100439,Delhi-CP,7234.44,withdrawal,2026-07-21 09:18:00
TXN0003640,ACC100458,Delhi-CP,7857.53,transfer,2026-07-21 09:36:30
TXN0003673,ACC100753,Delhi-CP,237437.8,withdrawal,2026-07-21 09:39:51
TXN0003677,ACC100798,Hyderabad-Banjara,4860.92,withdrawal,2026-07-21 09:47:36
TXN0003659,ACC100124,Bangalore-Koramangala,3990.69,withdrawal,2026-07-21 09:52:13
TXN0003653,ACC100365,Bangalore-Whitefield,7602.48,withdrawal,2026-07-21 10:26:57
TXN0003686,ACC100575,Hyderabad-Gachibowli,34406.98,transfer,2026-07-21 10:28:17
TXN0003651,ACC100123,Bangalore-Whitefield,12928.64,deposit,2026-07-21 10:37:02
TXN0003664,ACC100180,Bangalore-Koramangala,13391.33,withdrawal,2026-07-21 10:48:59
TXN0003656,ACC100448,Bangalore-Whitefield,11122.52,deposit,2026-07-21 10:56:56
TXN0003621,ACC100799,Delhi-Saket,9674.47,deposit,2026-07-21 10:59:23
TXN0003646,ACC100360,Delhi-CP,29504.62,deposit,2026-07-21 11:19:38
TXN0003678,ACC100607,Pune-Kothrud,23465.17,deposit,2026-07-21 11:24:27
TXN0003649,ACC100048,Hyderabad-Banjara,7543.91,deposit,2026-07-21 11:31:22
TXN0003652,ACC100772,Chennai-TNagar,938.61,deposit,2026-07-21 12:10:38
TXN0003645,ACC100249,Hyderabad-Banjara,2605.63,withdrawal,2026-07-21 12:23:53
TXN0003684,ACC100213,Delhi-CP,33438.35,deposit,2026-07-21 12:39:16
TXN0003629,ACC100744,Hyderabad-Gachibowli,1167.11,deposit,2026-07-21 12:49:06
TXN0003630,ACC100700,Mumbai-Andheri,2864.98,withdrawal,2026-07-21 13:07:38
TXN0003648,ACC100706,Bangalore-Koramangala,16874.32,withdrawal,2026-07-21 13:10:44
TXN0003632,ACC100256,Mumbai-Bandra,224374.63,withdrawal,2026-07-21 13:30:59
TXN0003626,ACC100372,Delhi-CP,12706.4,withdrawal,2026-07-21 13:47:18
TXN0003625,ACC100137,Bangalore-Whitefield,11667.78,transfer,2026-07-21 14:01:23
TXN0003679,ACC100597,Bangalore-Koramangala,11652.98,transfer,2026-07-21 14:14:14
TXN0003683,ACC100276,Mumbai-Bandra,7809.15,deposit,2026-07-21 14:15:16
TXN0003624,ACC100691,Delhi-CP,6442.29,withdrawal,2026-07-21 14:25:06
TXN0003670,ACC100664,Bangalore-Whitefield,11435.61,deposit,2026-07-21 14:54:17
TXN0003674,ACC100589,Mumbai-Andheri,9352.86,deposit,2026-07-21 15:04:57
TXN0003661,ACC100248,Hyderabad-Banjara,6059.15,transfer,2026-07-21 15:21:49
TXN0003634,ACC100498,Bangalore-Koramangala,10961.15,transfer,2026-07-21 16:05:48
TXN0003667,ACC100723,Chennai-TNagar,9730.46,deposit,2026-07-21 16:17:06
TXN0003627,ACC100047,Hyderabad-Gachibowli,13921.68,deposit,2026-07-21 16:18:42
TXN0003644,ACC100078,Delhi-CP,14367.78,withdrawal,2026-07-21 16:26:55
TXN0003635,ACC100352,Delhi-Saket,42281.25,deposit,2026-07-21 16:38:07
TXN0003663,ACC100475,Hyderabad-Gachibowli,8479.81,deposit,2026-07-21 16:38:55
TXN0003681,ACC100196,Delhi-Saket,3534.38,deposit,2026-07-21 17:08:17
TXN0003639,ACC100713,Delhi-Saket,896.08,transfer,2026-07-21 17:21:43
TXN0003668,ACC100704,Bangalore-Koramangala,3520.06,transfer,2026-07-21 17:26:43
TXN0003622,ACC100430,Delhi-Saket,5142.63,deposit,2026-07-21 17:38:11
TXN0003623,ACC100464,Mumbai-Bandra,11041.99,deposit,2026-07-21 17:44:48
TXN0003671,ACC100159,Bangalore-Koramangala,4264.71,withdrawal,2026-07-21 17:48:23
TXN0003680,ACC100550,Mumbai-Bandra,1074.83,withdrawal,2026-07-21 17:50:48
TXN0003657,ACC100068,Bangalore-Koramangala,44101.54,transfer,2026-07-21 17:55:26
TXN0003643,ACC100755,Hyderabad-Banjara,14924.02,withdrawal,2026-07-21 18:00:27
TXN0003675,ACC100197,Delhi-CP,2100.1,deposit,2026-07-21 18:05:43
TXN0003647,ACC100420,Hyderabad-Gachibowli,1421.33,transfer,2026-07-21 18:13:33
TXN0003662,ACC100636,Hyderabad-Banjara,4657.22,withdrawal,2026-07-21 18:37:34
TXN0003641,ACC100291,Delhi-Saket,4804.29,withdrawal,2026-07-21 19:08:06
TXN0003672,ACC100007,Bangalore-Koramangala,10553.12,deposit,2026-07-21 20:07:42
TXN0003655,ACC100750,Hyderabad-Gachibowli,4900.13,withdrawal,2026-07-21 21:21:06
TXN0003665,ACC100095,Mumbai-Bandra,3172.32,withdrawal,2026-07-21 21:30:12
TXN0003650,ACC100193,Bangalore-Whitefield,3404.87,withdrawal,2026-07-21 22:12:26
TXN0003687,ACC100209,Mumbai-Bandra,5276.2,transfer,2026-07-21 22:54:35
TXN0003642,ACC100502,Hyderabad-Banjara,42668.46,deposit,2026-07-21 23:22:33
TXN0003762,ACC100314,Bangalore-Koramangala,43129.2,transfer,2026-07-22 01:06:58
TXN0003735,ACC100729,Hyderabad-Gachibowli,313775.1,withdrawal,2026-07-22 01:41:39
TXN0003694,ACC100016,Mumbai-Bandra,12841.54,deposit,2026-07-22 01:55:55
TXN0003763,ACC100711,Bangalore-Whitefield,9276.31,transfer,2026-07-22 01:57:48
TXN0003728,ACC100266,Delhi-CP,1272.35,transfer,2026-07-22 04:15:52
TXN0003730,ACC100612,Delhi-CP,4783.94,withdrawal,2026-07-22 05:35:06
TXN0003729,ACC100315,Delhi-Saket,6379.09,transfer,2026-07-22 05:44:48
TXN0003695,ACC100443,Delhi-Saket,6660.69,deposit,2026-07-22 06:01:48
TXN0003765,ACC100548,Hyderabad-Gachibowli,20318.07,transfer,2026-07-22 06:51:31
TXN0003754,ACC100247,Pune-Kothrud,11059.03,transfer,2026-07-22 07:04:32
TXN0003713,ACC100520,Bangalore-Whitefield,3744.62,withdrawal,2026-07-22 07:04:43
TXN0003787,ACC100485,Hyderabad-Gachibowli,10957.82,deposit,2026-07-22 07:46:25
TXN0003741,ACC100309,Bangalore-Whitefield,4010.59,deposit,2026-07-22 07:59:57
TXN0003771,ACC100752,Hyderabad-Banjara,14095.21,transfer,2026-07-22 08:22:05
TXN0003781,ACC100605,Hyderabad-Banjara,10931.05,deposit,2026-07-22 08:24:00
TXN0003740,ACC100604,Chennai-TNagar,7555.11,deposit,2026-07-22 08:29:19
TXN0003726,ACC100670,Bangalore-Koramangala,2786.37,withdrawal,2026-07-22 08:43:08
TXN0003784,ACC100533,Delhi-Saket,3763.79,transfer,2026-07-22 08:45:36
TXN0003721,ACC100398,Delhi-CP,4050.56,withdrawal,2026-07-22 08:55:30
TXN0003690,ACC100330,Delhi-Saket,4989.25,transfer,2026-07-22 09:07:51
TXN0003718,ACC100507,Mumbai-Andheri,5677.57,withdrawal,2026-07-22 09:18:41
TXN0003715,ACC100048,Delhi-CP,6752.86,deposit,2026-07-22 09:22:29
TXN0003716,ACC100472,Chennai-TNagar,2124.98,deposit,2026-07-22 09:25:28
TXN0003774,ACC100044,Mumbai-Andheri,12493.13,deposit,2026-07-22 09:26:50
TXN0003752,ACC100200,Pune-Kothrud,5839.17,deposit,2026-07-22 09:45:38
TXN0003700,ACC100445,Delhi-Saket,49726.76,deposit,2026-07-22 09:48:58
TXN0003725,ACC100743,Delhi-CP,4024.53,deposit,2026-07-22 09:51:21
TXN0003761,ACC100100,Hyderabad-Gachibowli,35928.29,transfer,2026-07-22 10:03:26
TXN0003722,ACC100431,Delhi-CP,5325.91,deposit,2026-07-22 10:04:20
TXN0003691,ACC100562,Delhi-CP,11992.73,deposit,2026-07-22 10:08:35
TXN0003711,ACC100358,Delhi-CP,3321.9,transfer,2026-07-22 10:09:03
TXN0003719,ACC100245,Pune-Kothrud,2161.23,transfer,2026-07-22 10:12:28
TXN0003738,ACC100638,Delhi-Saket,3875.31,deposit,2026-07-22 10:13:56
TXN0003755,ACC100321,Hyderabad-Gachibowli,14853.18,transfer,2026-07-22 10:25:05
TXN0003703,ACC100445,Hyderabad-Banjara,2600.5,transfer,2026-07-22 10:28:07
TXN0003758,ACC100729,Hyderabad-Banjara,383180.92,deposit,2026-07-22 10:35:19
TXN0003689,ACC100008,Mumbai-Andheri,45576.86,withdrawal,2026-07-22 11:20:13
TXN0003707,ACC100250,Bangalore-Whitefield,871.38,withdrawal,2026-07-22 11:20:32
TXN0003724,ACC100658,Bangalore-Koramangala,599.11,withdrawal,2026-07-22 11:25:22
TXN0003744,ACC100508,Delhi-CP,3132.98,deposit,2026-07-22 11:32:43
TXN0003775,ACC100367,Chennai-TNagar,14323.83,transfer,2026-07-22 11:38:21
TXN0003759,ACC100679,Bangalore-Whitefield,12607.21,deposit,2026-07-22 11:47:51
TXN0003773,ACC100657,Hyderabad-Banjara,48170.38,transfer,2026-07-22 11:51:24
TXN0003705,ACC100331,Chennai-TNagar,2669.2,transfer,2026-07-22 11:53:19
TXN0003699,ACC100740,Bangalore-Koramangala,14547.89,deposit,2026-07-22 11:56:40
TXN0003757,ACC100228,Hyderabad-Banjara,252.91,deposit,2026-07-22 12:05:42
TXN0003742,ACC100764,Chennai-TNagar,11768.06,deposit,2026-07-22 12:14:53
TXN0003706,ACC100526,Pune-Kothrud,11362.55,deposit,2026-07-22 13:18:36
TXN0003778,ACC100362,Delhi-CP,7432.84,deposit,2026-07-22 13:32:28
TXN0003746,ACC100325,Delhi-Saket,9367.81,deposit,2026-07-22 13:34:23
TXN0003732,ACC100078,Mumbai-Andheri,13857.42,deposit,2026-07-22 13:48:41
TXN0003733,ACC100418,Delhi-CP,6977.22,withdrawal,2026-07-22 14:25:42
TXN0003770,ACC100031,Hyderabad-Banjara,12694.75,withdrawal,2026-07-22 14:39:31
TXN0003753,ACC100177,Mumbai-Andheri,13156.89,deposit,2026-07-22 14:47:53
TXN0003723,ACC100772,Delhi-CP,984.99,deposit,2026-07-22 14:50:02
TXN0003709,ACC100562,Delhi-Saket,12117.04,withdrawal,2026-07-22 15:00:48
TXN0003697,ACC100401,Delhi-CP,4954.31,withdrawal,2026-07-22 15:04:34
TXN0003704,ACC100307,Pune-Kothrud,14707.03,transfer,2026-07-22 15:15:34
TXN0003712,ACC100198,Bangalore-Whitefield,4290.76,deposit,2026-07-22 15:16:25
TXN0003693,ACC100682,Mumbai-Bandra,8876.74,transfer,2026-07-22 15:16:29
TXN0003698,ACC100745,Delhi-CP,5826.96,transfer,2026-07-22 15:16:36
TXN0003734,ACC100666,Chennai-TNagar,2294.19,transfer,2026-07-22 15:47:23
TXN0003766,ACC100364,Pune-Kothrud,5777.33,withdrawal,2026-07-22 15:49:24
TXN0003779,ACC100745,Chennai-TNagar,13678.71,deposit,2026-07-22 15:53:15
TXN0003768,ACC100003,Hyderabad-Banjara,12014.83,withdrawal,2026-07-22 15:59:40
TXN0003769,ACC100360,Delhi-CP,6892.39,transfer,2026-07-22 16:10:09
TXN0003720,ACC100767,Delhi-CP,509.7,deposit,2026-07-22 16:15:30
TXN0003783,ACC100630,Hyderabad-Banjara,1906.67,withdrawal,2026-07-22 16:16:54
TXN0003736,ACC100069,Mumbai-Andheri,3550.2,deposit,2026-07-22 16:36:45
TXN0003692,ACC100520,Pune-Kothrud,4343.55,deposit,2026-07-22 16:41:25
TXN0003751,ACC100318,Delhi-Saket,13383.78,transfer,2026-07-22 16:46:03
TXN0003714,ACC100154,Hyderabad-Gachibowli,1422.78,withdrawal,2026-07-22 16:47:57
TXN0003727,ACC100421,Mumbai-Bandra,13740.21,deposit,2026-07-22 16:55:02
TXN0003764,ACC100719,Bangalore-Koramangala,3825.87,withdrawal,2026-07-22 17:07:25
TXN0003701,ACC100017,Bangalore-Koramangala,10640.4,transfer,2026-07-22 17:14:31
TXN0003785,ACC100296,Mumbai-Andheri,3968.27,withdrawal,2026-07-22 17:46:03
TXN0003756,ACC100201,Mumbai-Andheri,5500.4,deposit,2026-07-22 18:04:20
TXN0003780,ACC100075,Hyderabad-Gachibowli,9742.6,withdrawal,2026-07-22 18:08:53
TXN0003708,ACC100359,Hyderabad-Gachibowli,11569.73,transfer,2026-07-22 18:09:28
TXN0003739,ACC100090,Delhi-Saket,4682.17,withdrawal,2026-07-22 18:13:35
TXN0003743,ACC100365,Pune-Kothrud,10525.25,withdrawal,2026-07-22 18:26:19
TXN0003750,ACC100471,Mumbai-Bandra,3162.46,withdrawal,2026-07-22 18:37:14
TXN0003737,ACC100190,Delhi-CP,26044.1,transfer,2026-07-22 18:43:15
TXN0003786,ACC100370,Hyderabad-Gachibowli,8869.01,withdrawal,2026-07-22 18:47:26
TXN0003782,ACC100286,Delhi-CP,6763.53,withdrawal,2026-07-22 18:48:36
TXN0003747,ACC100653,Hyderabad-Gachibowli,4985.24,deposit,2026-07-22 18:51:39
TXN0003767,ACC100149,Hyderabad-Banjara,8636.73,deposit,2026-07-22 19:05:47
TXN0003777,ACC100338,Delhi-CP,625.63,transfer,2026-07-22 19:21:40
TXN0003731,ACC100699,Chennai-TNagar,6772.55,withdrawal,2026-07-22 19:25:27
TXN0003710,ACC100301,Bangalore-Koramangala,13607.61,withdrawal,2026-07-22 19:31:29
TXN0003717,ACC100551,Mumbai-Andheri,13651.4,deposit,2026-07-22 19:38:31
TXN0003702,ACC100351,Mumbai-Andheri,13527.89,deposit,2026-07-22 19:50:35
TXN0003688,ACC100535,Bangalore-Whitefield,13199.16,transfer,2026-07-22 19:53:40
TXN0003696,ACC100220,Bangalore-Whitefield,40053.85,deposit,2026-07-22 20:06:21
TXN0003745,ACC100192,Hyderabad-Banjara,4086.28,withdrawal,2026-07-22 20:26:49
TXN0003776,ACC100042,Bangalore-Koramangala,37209.75,deposit,2026-07-22 21:37:32
TXN0003749,ACC100567,Pune-Kothrud,12608.6,deposit,2026-07-22 22:07:24
TXN0003760,ACC100312,Mumbai-Andheri,8419.59,transfer,2026-07-22 22:38:37
TXN0003748,ACC100059,Bangalore-Whitefield,10193.51,withdrawal,2026-07-22 22:58:10
TXN0003772,ACC100302,Mumbai-Andheri,5034.62,transfer,2026-07-22 23:56:59
TXN0003850,ACC100787,Bangalore-Whitefield,7850.38,deposit,2026-07-23 01:45:49
TXN0003839,ACC100729,Hyderabad-Gachibowli,11522.09,transfer,2026-07-23 02:29:01
TXN0003872,ACC100629,Mumbai-Bandra,1341.39,deposit,2026-07-23 02:45:57
TXN0003801,ACC100542,Delhi-Saket,13711.37,deposit,2026-07-23 03:13:22
TXN0003825,ACC100743,Hyderabad-Banjara,12893.08,withdrawal,2026-07-23 03:25:44
TXN0003847,ACC100236,Bangalore-Whitefield,9220.17,transfer,2026-07-23 05:12:03
TXN0003863,ACC100799,Hyderabad-Banjara,7500.16,transfer,2026-07-23 05:24:42
TXN0003859,ACC100219,Hyderabad-Gachibowli,4367.51,withdrawal,2026-07-23 05:33:06
TXN0003860,ACC100791,Bangalore-Koramangala,10474.62,withdrawal,2026-07-23 06:24:58
TXN0003813,ACC100699,Hyderabad-Gachibowli,2643.62,withdrawal,2026-07-23 06:56:22
TXN0003875,ACC100677,Pune-Kothrud,10271.89,transfer,2026-07-23 07:04:47
TXN0003819,ACC100383,Mumbai-Bandra,4232.32,deposit,2026-07-23 07:19:38
TXN0003800,ACC100325,Hyderabad-Banjara,4729.14,withdrawal,2026-07-23 07:25:28
TXN0003833,ACC100497,Bangalore-Whitefield,13926.69,deposit,2026-07-23 07:26:25
TXN0003856,ACC100673,Hyderabad-Gachibowli,1330.86,transfer,2026-07-23 07:31:50
TXN0003798,ACC100700,Chennai-TNagar,4916.14,transfer,2026-07-23 07:47:41
TXN0003802,ACC100754,Delhi-CP,6000.44,deposit,2026-07-23 08:02:05
TXN0003855,ACC100090,Bangalore-Whitefield,42886.74,withdrawal,2026-07-23 08:16:40
TXN0003864,ACC100137,Hyderabad-Gachibowli,7881.19,transfer,2026-07-23 08:20:17
TXN0003791,ACC100734,Delhi-Saket,7951.44,deposit,2026-07-23 08:23:13
TXN0003790,ACC100792,Bangalore-Koramangala,13102.3,withdrawal,2026-07-23 08:57:10
TXN0003846,ACC100046,Delhi-CP,8121.13,withdrawal,2026-07-23 09:05:13
TXN0003874,ACC100033,Pune-Kothrud,9713.08,transfer,2026-07-23 09:08:21
TXN0003799,ACC100120,Bangalore-Whitefield,5086.21,withdrawal,2026-07-23 09:26:22
TXN0003869,ACC100067,Bangalore-Koramangala,2294.5,deposit,2026-07-23 09:33:54
TXN0003828,ACC100629,Pune-Kothrud,13427.02,deposit,2026-07-23 09:34:30
TXN0003873,ACC100701,Bangalore-Whitefield,11790.95,withdrawal,2026-07-23 09:51:36
TXN0003861,ACC100460,Hyderabad-Gachibowli,2251.33,transfer,2026-07-23 09:52:41
TXN0003808,ACC100539,Mumbai-Bandra,13935.3,transfer,2026-07-23 10:17:26
TXN0003795,ACC100150,Hyderabad-Banjara,14070.66,withdrawal,2026-07-23 10:22:43
TXN0003871,ACC100231,Chennai-TNagar,4530.86,withdrawal,2026-07-23 10:25:16
TXN0003797,ACC100468,Pune-Kothrud,10615.74,deposit,2026-07-23 10:33:24
TXN0003792,ACC100042,Delhi-CP,8074.15,withdrawal,2026-07-23 10:53:27
TXN0003829,ACC100136,Hyderabad-Gachibowli,7557.17,transfer,2026-07-23 11:06:14
TXN0003793,ACC100496,Chennai-TNagar,9201.1,withdrawal,2026-07-23 11:20:51
TXN0003830,ACC100350,Mumbai-Andheri,4704.41,transfer,2026-07-23 11:21:56
TXN0003858,ACC100776,Bangalore-Whitefield,9473.82,withdrawal,2026-07-23 11:23:44
TXN0003854,ACC100797,Bangalore-Whitefield,11477.45,deposit,2026-07-23 11:37:06
TXN0003826,ACC100246,Mumbai-Andheri,8946.76,deposit,2026-07-23 12:03:42
TXN0003807,ACC100307,Delhi-Saket,45466.35,deposit,2026-07-23 12:15:23
TXN0003817,ACC100404,Hyderabad-Banjara,433.4,withdrawal,2026-07-23 12:21:05
TXN0003822,ACC100455,Delhi-CP,13478.57,withdrawal,2026-07-23 12:23:20
TXN0003812,ACC100613,Bangalore-Koramangala,5300.46,transfer,2026-07-23 12:40:59
TXN0003805,ACC100390,Mumbai-Bandra,11517.75,deposit,2026-07-23 12:44:03
TXN0003810,ACC100273,Pune-Kothrud,10537.68,transfer,2026-07-23 13:03:40
TXN0003816,ACC100426,Mumbai-Andheri,7217.62,transfer,2026-07-23 13:18:47
TXN0003842,ACC100588,Hyderabad-Banjara,2753.66,withdrawal,2026-07-23 13:20:43
TXN0003818,ACC100682,Bangalore-Whitefield,1590.82,withdrawal,2026-07-23 13:29:30
TXN0003796,ACC100726,Mumbai-Andheri,39500.71,withdrawal,2026-07-23 13:34:45
TXN0003852,ACC100447,Chennai-TNagar,12382.99,withdrawal,2026-07-23 13:54:21
TXN0003838,ACC100710,Mumbai-Andheri,10733.3,deposit,2026-07-23 14:02:33
TXN0003789,ACC100788,Mumbai-Bandra,9946.36,transfer,2026-07-23 14:10:23
TXN0003821,ACC100777,Bangalore-Koramangala,5111.53,deposit,2026-07-23 14:17:28
TXN0003876,ACC100382,Delhi-Saket,8217.95,deposit,2026-07-23 14:29:00
TXN0003877,ACC100473,Mumbai-Andheri,3774.38,deposit,2026-07-23 14:40:57
TXN0003841,ACC100040,Bangalore-Whitefield,5809.94,withdrawal,2026-07-23 14:41:17
TXN0003843,ACC100100,Mumbai-Bandra,11992.09,transfer,2026-07-23 14:49:15
TXN0003814,ACC100328,Bangalore-Koramangala,9879.75,transfer,2026-07-23 14:55:01
TXN0003840,ACC100195,Delhi-Saket,6955.75,withdrawal,2026-07-23 15:01:42
TXN0003811,ACC100340,Bangalore-Whitefield,11920.29,withdrawal,2026-07-23 15:04:06
TXN0003834,ACC100045,Hyderabad-Gachibowli,13645.34,transfer,2026-07-23 15:07:49
TXN0003804,ACC100536,Mumbai-Andheri,4649.11,withdrawal,2026-07-23 15:10:30
TXN0003820,ACC100799,Hyderabad-Gachibowli,13773.03,deposit,2026-07-23 15:11:33
TXN0003857,ACC100657,Delhi-Saket,5063.89,transfer,2026-07-23 15:19:25
TXN0003844,ACC100680,Delhi-Saket,6733.03,transfer,2026-07-23 15:22:12
TXN0003868,ACC100476,Mumbai-Bandra,7299.42,transfer,2026-07-23 15:44:53
TXN0003849,ACC100414,Chennai-TNagar,10712.79,transfer,2026-07-23 16:26:28
TXN0003862,ACC100658,Delhi-Saket,12578.77,withdrawal,2026-07-23 16:32:19
TXN0003845,ACC100438,Delhi-CP,42845.43,deposit,2026-07-23 16:38:26
TXN0003837,ACC100733,Hyderabad-Banjara,8889.02,transfer,2026-07-23 16:51:52
TXN0003878,ACC100407,Bangalore-Koramangala,2660.9,transfer,2026-07-23 17:08:11
TXN0003824,ACC100442,Delhi-Saket,12911.37,withdrawal,2026-07-23 17:11:09
TXN0003806,ACC100084,Bangalore-Whitefield,173567.43,transfer,2026-07-23 17:12:58
TXN0003870,ACC100528,Mumbai-Bandra,7564.96,deposit,2026-07-23 17:14:02
TXN0003823,ACC100310,Bangalore-Koramangala,3232.68,deposit,2026-07-23 17:14:49
TXN0003853,ACC100185,Pune-Kothrud,10968.95,withdrawal,2026-07-23 17:16:45
TXN0003794,ACC100564,Hyderabad-Gachibowli,8660.53,transfer,2026-07-23 17:30:21
TXN0003788,ACC100008,Bangalore-Whitefield,7804.31,deposit,2026-07-23 17:33:47
TXN0003851,ACC100683,Hyderabad-Banjara,10841.66,deposit,2026-07-23 17:49:40
TXN0003832,ACC100381,Mumbai-Bandra,11273.16,deposit,2026-07-23 17:53:22
TXN0003809,ACC100016,Mumbai-Bandra,16431.6,withdrawal,2026-07-23 18:31:54
TXN0003831,ACC100664,Mumbai-Bandra,2359.56,deposit,2026-07-23 18:34:23
TXN0003827,ACC100048,Hyderabad-Banjara,6988.92,transfer,2026-07-23 18:49:18
TXN0003865,ACC100061,Chennai-TNagar,8171.37,deposit,2026-07-23 19:00:12
TXN0003866,ACC100001,Delhi-CP,4437.09,transfer,2026-07-23 19:02:46
TXN0003803,ACC100776,Bangalore-Whitefield,2412.98,withdrawal,2026-07-23 19:09:08
TXN0003815,ACC100689,Delhi-CP,2167.52,deposit,2026-07-23 19:24:11
TXN0003867,ACC100586,Hyderabad-Banjara,6588.81,withdrawal,2026-07-23 21:15:49
TXN0003835,ACC100198,Mumbai-Bandra,9862.5,deposit,2026-07-23 21:19:28
TXN0003848,ACC100618,Delhi-CP,9565.27,transfer,2026-07-23 22:14:27
TXN0003836,ACC100001,Mumbai-Andheri,12122.27,withdrawal,2026-07-23 23:28:40
TXN0003929,ACC100275,Mumbai-Bandra,9788.49,deposit,2026-07-24 01:06:22
TXN0003926,ACC100183,Delhi-CP,2335.94,deposit,2026-07-24 01:43:10
TXN0003905,ACC100453,Chennai-TNagar,5681.32,transfer,2026-07-24 03:41:13
TXN0003907,ACC100763,Bangalore-Whitefield,11801.34,transfer,2026-07-24 04:28:48
TXN0003887,ACC100716,Hyderabad-Banjara,6833.33,deposit,2026-07-24 04:36:19
TXN0003934,ACC100343,Delhi-CP,6079.91,withdrawal,2026-07-24 05:47:42
TXN0003888,ACC100075,Hyderabad-Banjara,171.71,transfer,2026-07-24 06:25:16
TXN0003913,ACC100448,Delhi-Saket,9021.91,withdrawal,2026-07-24 06:32:21
TXN0003920,ACC100125,Mumbai-Andheri,13539.27,deposit,2026-07-24 06:45:57
TXN0003935,ACC100544,Mumbai-Bandra,6958.52,transfer,2026-07-24 07:02:46
TXN0003915,ACC100569,Mumbai-Andheri,5175.58,withdrawal,2026-07-24 07:37:40
TXN0003943,ACC100187,Mumbai-Andheri,8784.08,transfer,2026-07-24 08:08:22
TXN0003909,ACC100416,Delhi-Saket,25059.69,transfer,2026-07-24 08:12:43
TXN0003932,ACC100193,Hyderabad-Gachibowli,14289.97,withdrawal,2026-07-24 08:15:44
TXN0003937,ACC100132,Mumbai-Bandra,12740.95,withdrawal,2026-07-24 08:46:46
TXN0003908,ACC100244,Pune-Kothrud,6349.7,deposit,2026-07-24 08:50:02
TXN0003939,ACC100589,Bangalore-Koramangala,5172.94,deposit,2026-07-24 08:58:06
TXN0003884,ACC100311,Hyderabad-Banjara,13672.14,transfer,2026-07-24 09:05:36
TXN0003910,ACC100794,Mumbai-Andheri,8881.86,transfer,2026-07-24 09:17:24
TXN0003889,ACC100553,Bangalore-Whitefield,8899.89,transfer,2026-07-24 09:28:24
TXN0003893,ACC100654,Bangalore-Whitefield,3464.39,transfer,2026-07-24 09:50:26
TXN0003916,ACC100771,Bangalore-Whitefield,2584.11,withdrawal,2026-07-24 10:19:57
TXN0003927,ACC100748,Bangalore-Koramangala,13322.96,transfer,2026-07-24 10:23:17
TXN0003944,ACC100615,Hyderabad-Banjara,1144.34,transfer,2026-07-24 10:36:50
TXN0003925,ACC100778,Hyderabad-Gachibowli,166.89,withdrawal,2026-07-24 10:44:02
TXN0003882,ACC100370,Delhi-CP,1358.47,transfer,2026-07-24 10:58:16
TXN0003924,ACC100115,Delhi-CP,4576.21,withdrawal,2026-07-24 11:15:12
TXN0003918,ACC100373,Mumbai-Andheri,14566.82,deposit,2026-07-24 11:33:40
TXN0003900,ACC100761,Mumbai-Bandra,8522.59,deposit,2026-07-24 12:10:24
TXN0003906,ACC100583,Delhi-Saket,3420.03,transfer,2026-07-24 12:11:56
TXN0003899,ACC100052,Delhi-CP,4669.43,transfer,2026-07-24 12:18:43
TXN0003904,ACC100417,Hyderabad-Banjara,42362.57,withdrawal,2026-07-24 12:39:49
TXN0003879,ACC100433,Delhi-Saket,10646.8,transfer,2026-07-24 12:50:17
TXN0003890,ACC100572,Mumbai-Andheri,12507.65,transfer,2026-07-24 12:55:42
TXN0003894,ACC100766,Bangalore-Whitefield,11348.46,transfer,2026-07-24 13:16:55
TXN0003886,ACC100347,Bangalore-Whitefield,7442.45,transfer,2026-07-24 13:54:31
TXN0003919,ACC100457,Delhi-Saket,3507.4,deposit,2026-07-24 14:08:10
TXN0003896,ACC100717,Chennai-TNagar,12671.09,withdrawal,2026-07-24 14:22:24
TXN0003897,ACC100020,Chennai-TNagar,866.82,transfer,2026-07-24 14:54:37
TXN0003885,ACC100338,Mumbai-Bandra,7284.65,transfer,2026-07-24 14:59:14
TXN0003881,ACC100236,Bangalore-Whitefield,12604.02,transfer,2026-07-24 15:00:26
TXN0003936,ACC100109,Delhi-Saket,488944.06,withdrawal,2026-07-24 15:01:39
TXN0003912,ACC100264,Bangalore-Koramangala,9218.38,withdrawal,2026-07-24 15:12:21
TXN0003901,ACC100699,Delhi-Saket,14154.77,deposit,2026-07-24 15:48:13
TXN0003928,ACC100068,Mumbai-Bandra,9912.37,withdrawal,2026-07-24 16:03:55
TXN0003917,ACC100146,Delhi-CP,6716.59,deposit,2026-07-24 16:19:08
TXN0003931,ACC100738,Mumbai-Bandra,26957.9,withdrawal,2026-07-24 16:59:51
TXN0003940,ACC100351,Delhi-Saket,47007.0,transfer,2026-07-24 17:04:27
TXN0003898,ACC100368,Bangalore-Whitefield,7212.05,transfer,2026-07-24 17:06:06
TXN0003923,ACC100716,Hyderabad-Banjara,8554.02,transfer,2026-07-24 17:11:36
TXN0003930,ACC100175,Mumbai-Bandra,4209.05,withdrawal,2026-07-24 17:14:55
TXN0003880,ACC100526,Hyderabad-Banjara,23116.68,transfer,2026-07-24 17:23:34
TXN0003945,ACC100481,Bangalore-Koramangala,30198.51,deposit,2026-07-24 17:30:10
TXN0003921,ACC100333,Delhi-Saket,48299.72,transfer,2026-07-24 17:42:08
TXN0003933,ACC100568,Hyderabad-Gachibowli,6451.05,withdrawal,2026-07-24 17:55:16
TXN0003922,ACC100552,Bangalore-Whitefield,2476.25,withdrawal,2026-07-24 18:31:12
TXN0003895,ACC100348,Hyderabad-Banjara,13463.89,deposit,2026-07-24 18:37:19
TXN0003883,ACC100386,Delhi-Saket,1919.55,transfer,2026-07-24 18:47:05
TXN0003902,ACC100593,Hyderabad-Banjara,28307.9,withdrawal,2026-07-24 18:47:26
TXN0003892,ACC100731,Pune-Kothrud,9561.83,transfer,2026-07-24 18:53:05
TXN0003938,ACC100361,Hyderabad-Banjara,8520.02,deposit,2026-07-24 18:53:17
TXN0003903,ACC100011,Chennai-TNagar,9002.14,withdrawal,2026-07-24 19:41:45
TXN0003914,ACC100248,Delhi-CP,5799.85,transfer,2026-07-24 20:16:33
TXN0003911,ACC100023,Bangalore-Whitefield,44208.15,transfer,2026-07-24 20:24:36
TXN0003891,ACC100446,Chennai-TNagar,4721.44,deposit,2026-07-24 20:41:53
TXN0003941,ACC100216,Bangalore-Whitefield,9062.98,withdrawal,2026-07-24 22:57:50
TXN0003942,ACC100477,Mumbai-Andheri,12902.25,transfer,2026-07-24 23:19:58
TXN0003961,ACC100167,Bangalore-Whitefield,6099.99,withdrawal,2026-07-25 00:46:12
TXN0003970,ACC100238,Mumbai-Andheri,38772.5,deposit,2026-07-25 03:14:27
TXN0003962,ACC100146,Delhi-Saket,14573.71,deposit,2026-07-25 04:19:53
TXN0003977,ACC100238,Delhi-CP,41974.32,transfer,2026-07-25 05:05:54
TXN0003979,ACC100746,Bangalore-Koramangala,11455.17,withdrawal,2026-07-25 05:45:55
TXN0003981,ACC100401,Delhi-CP,37113.13,deposit,2026-07-25 07:17:26
TXN0003947,ACC100531,Delhi-CP,27666.61,withdrawal,2026-07-25 07:57:25
TXN0003955,ACC100151,Delhi-CP,11306.92,deposit,2026-07-25 08:11:25
TXN0003984,ACC100797,Hyderabad-Banjara,718.88,withdrawal,2026-07-25 08:20:38
TXN0003960,ACC100084,Pune-Kothrud,11865.69,deposit,2026-07-25 08:49:58
TXN0003972,ACC100551,Mumbai-Bandra,918.97,transfer,2026-07-25 09:02:20
TXN0003983,ACC100685,Chennai-TNagar,40064.16,withdrawal,2026-07-25 09:08:00
TXN0003957,ACC100011,Bangalore-Koramangala,9194.61,withdrawal,2026-07-25 09:21:39
TXN0003951,ACC100581,Mumbai-Andheri,5379.62,withdrawal,2026-07-25 09:26:08
TXN0003953,ACC100267,Delhi-Saket,11750.16,transfer,2026-07-25 09:38:48
TXN0003971,ACC100317,Hyderabad-Banjara,7187.23,deposit,2026-07-25 09:40:36
TXN0003969,ACC100202,Mumbai-Andheri,13389.86,transfer,2026-07-25 09:59:30
TXN0003978,ACC100255,Bangalore-Whitefield,46619.65,transfer,2026-07-25 10:47:14
TXN0003946,ACC100304,Hyderabad-Gachibowli,5204.86,deposit,2026-07-25 10:57:29
TXN0003989,ACC100100,Delhi-Saket,14609.79,deposit,2026-07-25 11:07:24
TXN0003963,ACC100464,Mumbai-Bandra,4586.48,transfer,2026-07-25 12:31:15
TXN0003949,ACC100628,Chennai-TNagar,4126.14,deposit,2026-07-25 13:01:41
TXN0003980,ACC100481,Hyderabad-Banjara,25992.06,withdrawal,2026-07-25 13:07:57
TXN0003990,ACC100248,Delhi-Saket,31559.63,deposit,2026-07-25 13:22:05
TXN0003988,ACC100098,Chennai-TNagar,7335.32,transfer,2026-07-25 13:32:35
TXN0003985,ACC100575,Bangalore-Koramangala,9816.75,withdrawal,2026-07-25 14:29:56
TXN0003958,ACC100540,Pune-Kothrud,2537.4,deposit,2026-07-25 14:40:15
TXN0003956,ACC100318,Chennai-TNagar,26489.06,deposit,2026-07-25 14:50:00
TXN0003966,ACC100453,Pune-Kothrud,8606.47,transfer,2026-07-25 15:19:14
TXN0003975,ACC100715,Hyderabad-Banjara,43623.69,deposit,2026-07-25 15:21:25
TXN0003950,ACC100303,Hyderabad-Banjara,48635.31,withdrawal,2026-07-25 15:46:03
TXN0003948,ACC100770,Bangalore-Koramangala,45329.21,deposit,2026-07-25 15:53:10
TXN0003968,ACC100187,Bangalore-Whitefield,7085.27,withdrawal,2026-07-25 16:21:29
TXN0003987,ACC100763,Bangalore-Whitefield,13755.26,deposit,2026-07-25 16:26:46
TXN0003967,ACC100700,Delhi-Saket,12819.71,withdrawal,2026-07-25 16:42:37
TXN0003965,ACC100254,Hyderabad-Banjara,10889.36,withdrawal,2026-07-25 16:47:27
TXN0003959,ACC100779,Bangalore-Koramangala,6290.03,deposit,2026-07-25 16:50:30
TXN0003952,ACC100294,Chennai-TNagar,14538.18,withdrawal,2026-07-25 17:08:23
TXN0003974,ACC100091,Mumbai-Bandra,7529.98,withdrawal,2026-07-25 17:17:40
TXN0003973,ACC100074,Mumbai-Bandra,4967.14,deposit,2026-07-25 17:31:45
TXN0003982,ACC100251,Hyderabad-Banjara,6216.71,transfer,2026-07-25 18:04:42
TXN0003976,ACC100312,Hyderabad-Banjara,12213.88,withdrawal,2026-07-25 18:08:20
TXN0003964,ACC100755,Bangalore-Koramangala,882.21,deposit,2026-07-25 19:11:41
TXN0003986,ACC100079,Mumbai-Andheri,6394.63,withdrawal,2026-07-25 19:32:02
TXN0003954,ACC100086,Bangalore-Koramangala,14620.68,deposit,2026-07-25 19:43:21
TXN0003991,ACC100540,Bangalore-Whitefield,8978.68,withdrawal,2026-07-25 23:40:02
TXN0003993,ACC100035,Hyderabad-Banjara,2433.24,transfer,2026-07-26 00:40:35
TXN0004003,ACC100219,Mumbai-Andheri,11939.57,withdrawal,2026-07-26 01:12:06
TXN0004033,ACC100464,Hyderabad-Banjara,7945.85,withdrawal,2026-07-26 05:12:06
TXN0004017,ACC100644,Hyderabad-Gachibowli,15419.03,transfer,2026-07-26 05:25:27
TXN0004038,ACC100629,Mumbai-Andheri,14455.73,deposit,2026-07-26 05:53:24
TXN0004025,ACC100124,Delhi-Saket,195.38,deposit,2026-07-26 06:16:29
TXN0004030,ACC100575,Bangalore-Koramangala,26963.21,deposit,2026-07-26 06:45:14
TXN0004024,ACC100032,Bangalore-Koramangala,8848.69,withdrawal,2026-07-26 07:16:50
TXN0004018,ACC100044,Bangalore-Koramangala,3340.9,transfer,2026-07-26 07:33:35
TXN0004016,ACC100080,Bangalore-Koramangala,12408.38,withdrawal,2026-07-26 07:33:54
TXN0004047,ACC100037,Delhi-CP,17585.95,deposit,2026-07-26 07:45:48
TXN0004029,ACC100268,Hyderabad-Banjara,7783.46,deposit,2026-07-26 07:54:54
TXN0004014,ACC100335,Bangalore-Koramangala,3822.19,deposit,2026-07-26 07:57:18
TXN0003994,ACC100114,Bangalore-Koramangala,2399.63,transfer,2026-07-26 08:13:22
TXN0004010,ACC100687,Hyderabad-Banjara,3428.68,deposit,2026-07-26 08:19:39
TXN0004005,ACC100289,Delhi-Saket,1642.1,withdrawal,2026-07-26 09:03:08
TXN0004009,ACC100099,Mumbai-Bandra,11601.89,deposit,2026-07-26 09:14:49
TXN0004054,ACC100734,Hyderabad-Banjara,12488.93,transfer,2026-07-26 09:29:13
TXN0003997,ACC100380,Hyderabad-Banjara,323404.19,deposit,2026-07-26 09:29:57
TXN0004021,ACC100288,Mumbai-Andheri,12008.75,deposit,2026-07-26 09:35:09
TXN0004058,ACC100464,Bangalore-Koramangala,13888.29,deposit,2026-07-26 09:36:12
TXN0004044,ACC100278,Delhi-CP,13482.93,withdrawal,2026-07-26 09:51:06
TXN0004028,ACC100311,Bangalore-Koramangala,11678.23,withdrawal,2026-07-26 10:02:14
TXN0004002,ACC100150,Hyderabad-Banjara,12539.93,deposit,2026-07-26 10:21:48
TXN0004031,ACC100160,Mumbai-Andheri,38398.08,deposit,2026-07-26 10:28:02
TXN0004013,ACC100199,Mumbai-Bandra,2435.76,withdrawal,2026-07-26 10:28:49
TXN0004056,ACC100155,Pune-Kothrud,8446.35,deposit,2026-07-26 10:33:24
TXN0004053,ACC100711,Bangalore-Whitefield,6122.86,withdrawal,2026-07-26 10:46:24
TXN0003992,ACC100390,Mumbai-Andheri,11404.08,withdrawal,2026-07-26 11:11:33
TXN0004019,ACC100300,Bangalore-Whitefield,8797.18,withdrawal,2026-07-26 11:12:26
TXN0004049,ACC100300,Hyderabad-Banjara,12753.2,transfer,2026-07-26 11:17:14
TXN0003998,ACC100081,Mumbai-Andheri,14162.91,withdrawal,2026-07-26 11:32:46
TXN0004050,ACC100237,Hyderabad-Gachibowli,8513.21,withdrawal,2026-07-26 11:44:59
TXN0004035,ACC100468,Mumbai-Andheri,11879.34,transfer,2026-07-26 12:17:01
TXN0004008,ACC100581,Chennai-TNagar,7854.38,withdrawal,2026-07-26 12:19:24
TXN0004042,ACC100231,Mumbai-Bandra,1015.35,withdrawal,2026-07-26 12:33:25
TXN0004011,ACC100231,Pune-Kothrud,175090.86,withdrawal,2026-07-26 12:36:36
TXN0004001,ACC100254,Pune-Kothrud,9424.67,deposit,2026-07-26 12:37:59
TXN0004034,ACC100268,Bangalore-Whitefield,24511.82,withdrawal,2026-07-26 12:48:09
TXN0004012,ACC100659,Mumbai-Bandra,5873.54,transfer,2026-07-26 13:31:44
TXN0004055,ACC100581,Chennai-TNagar,2406.08,transfer,2026-07-26 13:45:46
TXN0004043,ACC100475,Delhi-Saket,9570.11,transfer,2026-07-26 14:33:37
TXN0003996,ACC100050,Bangalore-Whitefield,33215.01,withdrawal,2026-07-26 14:40:36
TXN0004046,ACC100783,Chennai-TNagar,13621.05,withdrawal,2026-07-26 14:51:12
TXN0004040,ACC100569,Hyderabad-Banjara,23450.26,withdrawal,2026-07-26 15:02:05
TXN0004027,ACC100630,Hyderabad-Banjara,48474.46,deposit,2026-07-26 15:09:56
TXN0004057,ACC100337,Pune-Kothrud,12999.78,deposit,2026-07-26 15:24:35
TXN0004036,ACC100227,Hyderabad-Gachibowli,3948.24,transfer,2026-07-26 15:39:58
TXN0004052,ACC100216,Bangalore-Koramangala,45675.19,withdrawal,2026-07-26 16:19:39
TXN0004037,ACC100537,Delhi-CP,9166.03,withdrawal,2026-07-26 16:25:47
TXN0004045,ACC100025,Pune-Kothrud,7081.18,transfer,2026-07-26 16:28:31
TXN0004051,ACC100350,Mumbai-Bandra,1722.58,deposit,2026-07-26 17:01:52
TXN0004041,ACC100027,Pune-Kothrud,4500.31,withdrawal,2026-07-26 17:10:20
TXN0004000,ACC100311,Mumbai-Bandra,11954.52,deposit,2026-07-26 17:13:19
TXN0003995,ACC100430,Mumbai-Andheri,10894.01,withdrawal,2026-07-26 17:34:14
TXN0004026,ACC100094,Chennai-TNagar,12479.21,withdrawal,2026-07-26 17:51:51
TXN0004020,ACC100084,Mumbai-Andheri,12454.0,withdrawal,2026-07-26 17:54:54
TXN0004032,ACC100514,Mumbai-Bandra,11906.54,deposit,2026-07-26 17:57:24
TXN0004004,ACC100387,Delhi-CP,11763.19,withdrawal,2026-07-26 18:06:23
TXN0004022,ACC100257,Delhi-Saket,1150.4,transfer,2026-07-26 18:15:29
TXN0004023,ACC100078,Mumbai-Andheri,44315.94,deposit,2026-07-26 18:58:34
TXN0003999,ACC100427,Delhi-CP,11466.64,deposit,2026-07-26 19:05:27
TXN0004048,ACC100433,Chennai-TNagar,452.03,transfer,2026-07-26 19:17:18
TXN0004007,ACC100032,Delhi-CP,8497.42,transfer,2026-07-26 19:53:13
TXN0004015,ACC100039,Mumbai-Bandra,12735.3,transfer,2026-07-26 20:11:23
TXN0004039,ACC100017,Hyderabad-Gachibowli,5323.83,withdrawal,2026-07-26 20:44:41
TXN0004006,ACC100383,Pune-Kothrud,9906.94,deposit,2026-07-26 23:18:37
TXN0004114,ACC100306,Hyderabad-Gachibowli,2632.35,transfer,2026-07-27 00:08:18
TXN0004059,ACC100783,Delhi-CP,597.33,withdrawal,2026-07-27 00:23:35
TXN0004090,ACC100221,Hyderabad-Gachibowli,8074.29,deposit,2026-07-27 00:39:20
TXN0004096,ACC100568,Mumbai-Andheri,556.38,transfer,2026-07-27 01:02:23
TXN0004085,ACC100227,Hyderabad-Gachibowli,10642.23,withdrawal,2026-07-27 01:35:31
TXN0004112,ACC100019,Mumbai-Bandra,7018.19,withdrawal,2026-07-27 02:34:18
TXN0004066,ACC100664,Hyderabad-Banjara,28630.05,deposit,2026-07-27 03:03:42
TXN0004067,ACC100082,Bangalore-Whitefield,11583.7,transfer,2026-07-27 04:52:20
TXN0004099,ACC100113,Hyderabad-Banjara,7918.98,withdrawal,2026-07-27 06:40:28
TXN0004120,ACC100348,Bangalore-Whitefield,796.17,withdrawal,2026-07-27 07:07:58
TXN0004095,ACC100151,Pune-Kothrud,12956.39,withdrawal,2026-07-27 07:10:23
TXN0004108,ACC100655,Mumbai-Andheri,3150.2,transfer,2026-07-27 07:27:49
TXN0004116,ACC100586,Pune-Kothrud,11615.26,withdrawal,2026-07-27 07:53:10
TXN0004060,ACC100656,Hyderabad-Banjara,6991.36,transfer,2026-07-27 07:56:45
TXN0004105,ACC100705,Delhi-Saket,6496.19,deposit,2026-07-27 08:44:03
TXN0004069,ACC100764,Bangalore-Koramangala,1407.03,withdrawal,2026-07-27 09:03:43
TXN0004111,ACC100692,Mumbai-Andheri,23898.37,deposit,2026-07-27 09:16:04
TXN0004072,ACC100414,Delhi-CP,17575.17,deposit,2026-07-27 09:16:33
TXN0004068,ACC100434,Hyderabad-Banjara,2968.64,deposit,2026-07-27 09:16:49
TXN0004073,ACC100127,Delhi-CP,476909.37,transfer,2026-07-27 09:26:54
TXN0004091,ACC100352,Bangalore-Koramangala,31394.25,withdrawal,2026-07-27 09:29:58
TXN0004094,ACC100490,Bangalore-Koramangala,30961.74,transfer,2026-07-27 09:33:27
TXN0004063,ACC100015,Hyderabad-Banjara,340649.69,deposit,2026-07-27 10:00:54
TXN0004065,ACC100553,Pune-Kothrud,14476.69,withdrawal,2026-07-27 10:08:38
TXN0004106,ACC100013,Hyderabad-Gachibowli,2022.13,deposit,2026-07-27 10:09:47
TXN0004100,ACC100235,Bangalore-Koramangala,4430.06,transfer,2026-07-27 10:11:00
TXN0004103,ACC100214,Bangalore-Koramangala,10997.4,deposit,2026-07-27 10:21:05
TXN0004092,ACC100584,Hyderabad-Gachibowli,433721.72,transfer,2026-07-27 10:22:04
TXN0004070,ACC100757,Delhi-Saket,8009.75,deposit,2026-07-27 10:24:53
TXN0004119,ACC100358,Pune-Kothrud,44779.17,transfer,2026-07-27 10:25:11
TXN0004101,ACC100483,Hyderabad-Gachibowli,435.34,deposit,2026-07-27 10:34:30
TXN0004125,ACC100316,Bangalore-Whitefield,13403.82,deposit,2026-07-27 11:44:21
TXN0004089,ACC100241,Delhi-CP,10894.72,deposit,2026-07-27 11:46:01
TXN0004124,ACC100519,Hyderabad-Banjara,12567.87,transfer,2026-07-27 11:51:56
TXN0004078,ACC100193,Mumbai-Andheri,6266.02,withdrawal,2026-07-27 12:17:00
TXN0004118,ACC100049,Mumbai-Andheri,6894.83,transfer,2026-07-27 12:19:15
TXN0004075,ACC100560,Hyderabad-Gachibowli,11284.73,deposit,2026-07-27 13:25:52
TXN0004062,ACC100379,Bangalore-Whitefield,12312.19,withdrawal,2026-07-27 13:38:28
TXN0004104,ACC100700,Bangalore-Koramangala,1303.38,deposit,2026-07-27 13:39:19
TXN0004087,ACC100789,Bangalore-Koramangala,42299.96,withdrawal,2026-07-27 13:59:39
TXN0004097,ACC100407,Pune-Kothrud,39479.89,deposit,2026-07-27 14:10:40
TXN0004061,ACC100124,Mumbai-Bandra,12190.86,deposit,2026-07-27 14:12:59
TXN0004077,ACC100159,Hyderabad-Gachibowli,9454.09,deposit,2026-07-27 14:27:32
TXN0004081,ACC100104,Hyderabad-Gachibowli,8789.28,transfer,2026-07-27 14:39:36
TXN0004093,ACC100577,Pune-Kothrud,6826.44,transfer,2026-07-27 15:04:04
TXN0004102,ACC100259,Bangalore-Whitefield,2486.47,deposit,2026-07-27 15:27:48
TXN0004113,ACC100297,Bangalore-Whitefield,5005.05,deposit,2026-07-27 15:31:26
TXN0004117,ACC100725,Mumbai-Andheri,2523.41,deposit,2026-07-27 15:35:59
TXN0004086,ACC100490,Hyderabad-Banjara,8948.1,deposit,2026-07-27 15:44:03
TXN0004082,ACC100328,Chennai-TNagar,2856.64,deposit,2026-07-27 15:48:16
TXN0004107,ACC100669,Delhi-CP,38438.29,deposit,2026-07-27 15:56:52
TXN0004088,ACC100053,Hyderabad-Gachibowli,2363.97,withdrawal,2026-07-27 16:17:24
TXN0004071,ACC100586,Bangalore-Koramangala,13355.89,transfer,2026-07-27 16:35:54
TXN0004079,ACC100249,Hyderabad-Gachibowli,10723.95,transfer,2026-07-27 16:42:11
TXN0004076,ACC100294,Hyderabad-Banjara,9447.94,withdrawal,2026-07-27 16:53:01
TXN0004121,ACC100337,Bangalore-Whitefield,10318.77,transfer,2026-07-27 17:29:28
TXN0004110,ACC100226,Hyderabad-Banjara,9222.02,transfer,2026-07-27 17:30:46
TXN0004123,ACC100601,Hyderabad-Banjara,14461.23,deposit,2026-07-27 17:34:57
TXN0004080,ACC100351,Hyderabad-Gachibowli,13314.38,transfer,2026-07-27 17:51:29
TXN0004084,ACC100785,Bangalore-Koramangala,13094.41,withdrawal,2026-07-27 18:04:19
TXN0004064,ACC100236,Delhi-Saket,7184.0,deposit,2026-07-27 18:06:46
TXN0004109,ACC100586,Hyderabad-Gachibowli,9131.56,transfer,2026-07-27 18:45:25
TXN0004083,ACC100264,Mumbai-Andheri,3799.86,withdrawal,2026-07-27 19:40:27
TXN0004098,ACC100258,Pune-Kothrud,3425.26,withdrawal,2026-07-27 19:55:10
TXN0004115,ACC100098,Hyderabad-Banjara,9847.53,deposit,2026-07-27 21:26:39
TXN0004122,ACC100721,Delhi-Saket,3393.63,withdrawal,2026-07-27 22:17:34
TXN0004074,ACC100371,Pune-Kothrud,2163.69,transfer,2026-07-27 23:49:33
TXN0004151,ACC100702,Bangalore-Koramangala,9664.59,deposit,2026-07-28 00:32:34
TXN0004163,ACC100153,Chennai-TNagar,10680.26,withdrawal,2026-07-28 01:24:18
TXN0004171,ACC100468,Bangalore-Whitefield,13748.52,deposit,2026-07-28 01:46:04
TXN0004189,ACC100349,Hyderabad-Gachibowli,14128.44,withdrawal,2026-07-28 02:24:46
TXN0004176,ACC100345,Hyderabad-Gachibowli,13802.7,withdrawal,2026-07-28 03:03:57
TXN0004158,ACC100727,Mumbai-Bandra,14801.75,withdrawal,2026-07-28 03:09:02
TXN0004200,ACC100508,Delhi-Saket,276.13,withdrawal,2026-07-28 03:22:42
TXN0004167,ACC100140,Delhi-CP,10875.31,transfer,2026-07-28 04:43:52
TXN0004129,ACC100146,Delhi-CP,10274.15,deposit,2026-07-28 06:24:00
TXN0004188,ACC100410,Bangalore-Koramangala,5727.06,deposit,2026-07-28 07:01:00
TXN0004127,ACC100453,Mumbai-Andheri,12803.59,withdrawal,2026-07-28 07:12:50
TXN0004131,ACC100774,Hyderabad-Banjara,20876.04,deposit,2026-07-28 07:13:12
TXN0004156,ACC100291,Bangalore-Koramangala,899.09,deposit,2026-07-28 08:08:15
TXN0004160,ACC100369,Delhi-Saket,1756.24,transfer,2026-07-28 08:35:36
TXN0004143,ACC100044,Delhi-CP,11182.88,withdrawal,2026-07-28 08:40:49
TXN0004179,ACC100170,Chennai-TNagar,2983.38,transfer,2026-07-28 08:42:33
TXN0004154,ACC100784,Hyderabad-Banjara,14995.2,deposit,2026-07-28 08:52:43
TXN0004172,ACC100348,Bangalore-Koramangala,8801.88,deposit,2026-07-28 09:19:39
TXN0004164,ACC100290,Mumbai-Bandra,165.13,withdrawal,2026-07-28 09:23:20
TXN0004165,ACC100348,Delhi-Saket,22428.61,deposit,2026-07-28 10:00:31
TXN0004183,ACC100271,Delhi-CP,12266.89,withdrawal,2026-07-28 10:23:29
TXN0004147,ACC100620,Bangalore-Koramangala,7643.6,withdrawal,2026-07-28 10:32:48
TXN0004159,ACC100041,Mumbai-Bandra,6329.64,withdrawal,2026-07-28 10:59:59
TXN0004136,ACC100608,Hyderabad-Banjara,26492.59,deposit,2026-07-28 11:03:58
TXN0004168,ACC100420,Hyderabad-Banjara,12389.67,withdrawal,2026-07-28 11:24:46
TXN0004197,ACC100292,Hyderabad-Banjara,8264.78,deposit,2026-07-28 11:28:38
TXN0004180,ACC100710,Bangalore-Whitefield,14952.75,deposit,2026-07-28 11:36:35
TXN0004173,ACC100033,Delhi-CP,46932.76,withdrawal,2026-07-28 11:46:04
TXN0004130,ACC100562,Delhi-Saket,8006.04,transfer,2026-07-28 12:02:51
TXN0004150,ACC100058,Pune-Kothrud,10331.95,withdrawal,2026-07-28 12:24:06
TXN0004185,ACC100452,Hyderabad-Banjara,6306.96,withdrawal,2026-07-28 12:29:49
TXN0004140,ACC100248,Hyderabad-Banjara,9711.24,transfer,2026-07-28 12:31:37
TXN0004199,ACC100093,Hyderabad-Banjara,16793.46,transfer,2026-07-28 12:52:06
TXN0004202,ACC100033,Hyderabad-Banjara,13528.18,transfer,2026-07-28 12:57:39
TXN0004187,ACC100558,Mumbai-Andheri,9021.21,withdrawal,2026-07-28 13:09:57
TXN0004132,ACC100388,Bangalore-Koramangala,215.66,withdrawal,2026-07-28 13:17:29
TXN0004152,ACC100223,Mumbai-Bandra,10760.9,deposit,2026-07-28 13:18:00
TXN0004149,ACC100538,Mumbai-Andheri,354735.72,transfer,2026-07-28 13:44:13
TXN0004181,ACC100054,Chennai-TNagar,5548.56,deposit,2026-07-28 14:08:47
TXN0004148,ACC100228,Pune-Kothrud,14794.71,withdrawal,2026-07-28 14:24:30
TXN0004139,ACC100667,Hyderabad-Banjara,3599.3,transfer,2026-07-28 14:25:44
TXN0004194,ACC100086,Delhi-Saket,10245.61,deposit,2026-07-28 14:33:28
TXN0004174,ACC100564,Bangalore-Koramangala,12286.67,withdrawal,2026-07-28 14:40:54
TXN0004135,ACC100765,Mumbai-Andheri,9621.86,transfer,2026-07-28 14:55:54
TXN0004178,ACC100798,Hyderabad-Banjara,7415.83,deposit,2026-07-28 14:56:28
TXN0004186,ACC100054,Pune-Kothrud,32988.22,deposit,2026-07-28 14:58:09
TXN0004175,ACC100074,Bangalore-Whitefield,42411.88,deposit,2026-07-28 15:07:00
TXN0004191,ACC100387,Mumbai-Andheri,44333.98,withdrawal,2026-07-28 15:09:29
TXN0004141,ACC100291,Bangalore-Koramangala,14145.32,transfer,2026-07-28 15:19:50
TXN0004198,ACC100388,Delhi-CP,29429.94,deposit,2026-07-28 15:20:04
TXN0004170,ACC100702,Hyderabad-Gachibowli,14238.57,deposit,2026-07-28 15:25:06
TXN0004138,ACC100149,Delhi-CP,34628.75,transfer,2026-07-28 15:25:32
TXN0004145,ACC100400,Hyderabad-Banjara,5179.15,transfer,2026-07-28 15:32:13
TXN0004161,ACC100255,Pune-Kothrud,20161.62,withdrawal,2026-07-28 15:48:50
TXN0004137,ACC100225,Hyderabad-Gachibowli,13240.73,withdrawal,2026-07-28 15:56:53
TXN0004177,ACC100572,Hyderabad-Banjara,7003.19,deposit,2026-07-28 16:11:29
TXN0004195,ACC100002,Pune-Kothrud,7765.1,deposit,2026-07-28 16:25:31
TXN0004128,ACC100459,Pune-Kothrud,10658.75,transfer,2026-07-28 16:29:26
TXN0004146,ACC100625,Delhi-CP,12947.05,transfer,2026-07-28 16:29:51
TXN0004201,ACC100295,Delhi-Saket,9438.09,deposit,2026-07-28 16:39:11
TXN0004155,ACC100402,Mumbai-Andheri,10445.9,deposit,2026-07-28 16:51:07
TXN0004166,ACC100510,Delhi-CP,4743.04,withdrawal,2026-07-28 17:14:41
TXN0004142,ACC100283,Mumbai-Andheri,3864.5,withdrawal,2026-07-28 17:17:07
TXN0004126,ACC100676,Bangalore-Whitefield,4957.18,withdrawal,2026-07-28 17:36:26
TXN0004182,ACC100277,Delhi-CP,12295.26,deposit,2026-07-28 17:41:27
TXN0004203,ACC100617,Delhi-CP,9843.9,withdrawal,2026-07-28 18:21:40
TXN0004157,ACC100274,Delhi-CP,9224.38,deposit,2026-07-28 18:37:15
TXN0004133,ACC100443,Bangalore-Koramangala,9570.74,deposit,2026-07-28 18:37:39
TXN0004190,ACC100734,Mumbai-Bandra,1206.63,withdrawal,2026-07-28 18:41:25
TXN0004193,ACC100701,Mumbai-Bandra,4123.85,transfer,2026-07-28 18:50:01
TXN0004169,ACC100676,Pune-Kothrud,29843.11,transfer,2026-07-28 19:01:11
TXN0004162,ACC100014,Chennai-TNagar,6137.8,deposit,2026-07-28 19:10:55
TXN0004184,ACC100222,Delhi-CP,7472.79,withdrawal,2026-07-28 19:16:00
TXN0004134,ACC100738,Hyderabad-Gachibowli,24826.71,withdrawal,2026-07-28 19:47:07
TXN0004153,ACC100241,Chennai-TNagar,5167.01,withdrawal,2026-07-28 20:21:43
TXN0004196,ACC100105,Mumbai-Bandra,1641.56,deposit,2026-07-28 20:30:52
TXN0004144,ACC100351,Mumbai-Andheri,12472.13,deposit,2026-07-28 23:06:44
TXN0004192,ACC100596,Delhi-CP,41633.93,transfer,2026-07-28 23:08:35
TXN0004230,ACC100595,Pune-Kothrud,13368.76,transfer,2026-07-29 00:21:38
TXN0004272,ACC100211,Delhi-CP,6115.13,transfer,2026-07-29 01:40:41
TXN0004246,ACC100160,Pune-Kothrud,252053.39,transfer,2026-07-29 02:09:02
TXN0004258,ACC100458,Pune-Kothrud,11851.02,deposit,2026-07-29 03:46:09
TXN0004268,ACC100568,Delhi-Saket,14166.41,deposit,2026-07-29 03:55:15
TXN0004270,ACC100384,Hyderabad-Gachibowli,8290.88,deposit,2026-07-29 03:57:56
TXN0004243,ACC100169,Bangalore-Koramangala,5144.97,withdrawal,2026-07-29 05:10:58
TXN0004225,ACC100698,Delhi-CP,4007.53,transfer,2026-07-29 05:11:31
TXN0004242,ACC100410,Mumbai-Bandra,12517.37,withdrawal,2026-07-29 05:59:01
TXN0004215,ACC100148,Pune-Kothrud,13530.3,transfer,2026-07-29 06:03:58
TXN0004276,ACC100664,Hyderabad-Gachibowli,10680.1,withdrawal,2026-07-29 06:07:19
TXN0004271,ACC100561,Bangalore-Whitefield,351.94,deposit,2026-07-29 07:52:13
TXN0004234,ACC100071,Pune-Kothrud,2127.94,withdrawal,2026-07-29 07:58:15
TXN0004248,ACC100471,Hyderabad-Banjara,22336.29,transfer,2026-07-29 08:01:13
TXN0004238,ACC100732,Bangalore-Whitefield,9572.52,withdrawal,2026-07-29 08:19:29
TXN0004245,ACC100279,Mumbai-Bandra,11441.58,transfer,2026-07-29 08:32:56
TXN0004251,ACC100147,Delhi-CP,375068.85,transfer,2026-07-29 08:32:58
TXN0004256,ACC100260,Mumbai-Andheri,8801.77,deposit,2026-07-29 09:08:49
TXN0004232,ACC100385,Chennai-TNagar,2382.55,withdrawal,2026-07-29 09:33:18
TXN0004216,ACC100717,Delhi-CP,48675.6,transfer,2026-07-29 09:43:27
TXN0004212,ACC100521,Hyderabad-Banjara,7781.07,deposit,2026-07-29 09:52:51
TXN0004260,ACC100592,Bangalore-Whitefield,342157.56,transfer,2026-07-29 10:06:26
TXN0004204,ACC100613,Mumbai-Bandra,6824.44,withdrawal,2026-07-29 10:53:48
TXN0004253,ACC100186,Bangalore-Koramangala,9602.13,deposit,2026-07-29 10:55:48
TXN0004257,ACC100473,Hyderabad-Gachibowli,2636.21,withdrawal,2026-07-29 10:59:51
TXN0004214,ACC100027,Delhi-Saket,2821.59,withdrawal,2026-07-29 11:15:20
TXN0004233,ACC100301,Delhi-CP,10069.29,deposit,2026-07-29 11:58:56
TXN0004213,ACC100345,Delhi-CP,10140.22,deposit,2026-07-29 12:16:21
TXN0004223,ACC100288,Delhi-CP,8143.5,withdrawal,2026-07-29 12:24:00
TXN0004249,ACC100442,Pune-Kothrud,107049.21,withdrawal,2026-07-29 12:55:47
TXN0004236,ACC100323,Pune-Kothrud,10627.64,deposit,2026-07-29 12:59:19
TXN0004267,ACC100607,Bangalore-Koramangala,4191.34,deposit,2026-07-29 13:01:40
TXN0004209,ACC100404,Bangalore-Whitefield,6764.6,transfer,2026-07-29 13:47:43
TXN0004240,ACC100715,Hyderabad-Banjara,13570.77,withdrawal,2026-07-29 13:51:03
TXN0004269,ACC100589,Delhi-CP,14185.3,withdrawal,2026-07-29 13:55:48
TXN0004247,ACC100248,Hyderabad-Banjara,12235.92,deposit,2026-07-29 13:55:57
TXN0004228,ACC100554,Delhi-CP,4253.83,transfer,2026-07-29 13:56:28
TXN0004277,ACC100526,Mumbai-Bandra,13473.8,transfer,2026-07-29 14:39:22
TXN0004261,ACC100488,Pune-Kothrud,27588.98,withdrawal,2026-07-29 14:40:50
TXN0004264,ACC100687,Delhi-CP,10703.96,transfer,2026-07-29 15:04:44
TXN0004229,ACC100776,Mumbai-Andheri,1821.65,deposit,2026-07-29 15:08:46
TXN0004239,ACC100360,Mumbai-Bandra,1666.58,transfer,2026-07-29 15:13:34
TXN0004211,ACC100468,Mumbai-Andheri,7862.38,withdrawal,2026-07-29 15:25:33
TXN0004227,ACC100456,Chennai-TNagar,7601.36,transfer,2026-07-29 15:29:37
TXN0004235,ACC100063,Pune-Kothrud,6341.4,transfer,2026-07-29 15:33:01
TXN0004265,ACC100166,Mumbai-Andheri,7032.15,withdrawal,2026-07-29 16:01:00
TXN0004255,ACC100665,Hyderabad-Banjara,7545.62,transfer,2026-07-29 16:02:03
TXN0004231,ACC100445,Hyderabad-Gachibowli,1053.64,withdrawal,2026-07-29 16:13:16
TXN0004206,ACC100169,Hyderabad-Banjara,5303.41,deposit,2026-07-29 16:28:18
TXN0004205,ACC100171,Mumbai-Bandra,9271.4,withdrawal,2026-07-29 16:42:41
TXN0004210,ACC100385,Bangalore-Whitefield,5218.23,deposit,2026-07-29 16:51:50
TXN0004224,ACC100301,Hyderabad-Gachibowli,1645.04,deposit,2026-07-29 16:58:16
TXN0004217,ACC100523,Delhi-Saket,8987.17,withdrawal,2026-07-29 17:04:15
TXN0004226,ACC100344,Delhi-Saket,2246.45,transfer,2026-07-29 17:11:27
TXN0004250,ACC100492,Delhi-Saket,39584.82,deposit,2026-07-29 17:11:30
TXN0004218,ACC100365,Bangalore-Whitefield,3223.71,withdrawal,2026-07-29 17:29:46
TXN0004221,ACC100137,Hyderabad-Banjara,12410.89,transfer,2026-07-29 17:33:55
TXN0004259,ACC100339,Mumbai-Bandra,9094.1,deposit,2026-07-29 17:43:14
TXN0004208,ACC100469,Pune-Kothrud,13039.13,transfer,2026-07-29 17:50:48
TXN0004262,ACC100292,Mumbai-Bandra,5925.52,withdrawal,2026-07-29 17:55:21
TXN0004237,ACC100247,Mumbai-Andheri,10160.29,deposit,2026-07-29 17:58:41
TXN0004219,ACC100711,Hyderabad-Gachibowli,33615.57,deposit,2026-07-29 18:02:56
TXN0004254,ACC100774,Pune-Kothrud,3716.5,withdrawal,2026-07-29 18:11:12
TXN0004275,ACC100348,Delhi-Saket,5580.88,withdrawal,2026-07-29 18:20:57
TXN0004241,ACC100404,Mumbai-Bandra,27135.09,deposit,2026-07-29 18:21:32
TXN0004207,ACC100040,Pune-Kothrud,18252.05,transfer,2026-07-29 19:12:15
TXN0004263,ACC100389,Delhi-Saket,33021.47,deposit,2026-07-29 19:16:47
TXN0004274,ACC100441,Bangalore-Koramangala,8762.35,withdrawal,2026-07-29 19:22:31
TXN0004273,ACC100460,Delhi-CP,14969.97,withdrawal,2026-07-29 19:23:38
TXN0004244,ACC100678,Delhi-CP,718.4,withdrawal,2026-07-29 19:53:39
TXN0004252,ACC100494,Delhi-CP,14552.24,deposit,2026-07-29 20:00:26
TXN0004266,ACC100675,Chennai-TNagar,9262.91,transfer,2026-07-29 20:37:53
TXN0004220,ACC100159,Hyderabad-Gachibowli,5257.86,transfer,2026-07-29 21:31:42
TXN0004222,ACC100495,Pune-Kothrud,9185.39,withdrawal,2026-07-29 21:54:48
TXN0004282,ACC100484,Bangalore-Koramangala,31213.03,transfer,2026-07-30 01:46:49
TXN0004335,ACC100695,Bangalore-Koramangala,2985.81,deposit,2026-07-30 02:45:38
TXN0004279,ACC100684,Bangalore-Whitefield,11645.15,withdrawal,2026-07-30 05:41:20
TXN0004289,ACC100157,Mumbai-Andheri,13510.66,withdrawal,2026-07-30 06:50:07
TXN0004336,ACC100587,Hyderabad-Banjara,16160.12,withdrawal,2026-07-30 07:12:26
TXN0004325,ACC100219,Bangalore-Koramangala,8131.32,transfer,2026-07-30 07:19:24
TXN0004324,ACC100794,Mumbai-Andheri,2756.11,transfer,2026-07-30 07:19:45
TXN0004347,ACC100047,Hyderabad-Banjara,14492.74,withdrawal,2026-07-30 07:43:45
TXN0004292,ACC100437,Delhi-Saket,4426.28,deposit,2026-07-30 07:49:07
TXN0004342,ACC100712,Bangalore-Koramangala,7172.29,withdrawal,2026-07-30 08:00:00
TXN0004319,ACC100727,Delhi-CP,9560.1,withdrawal,2026-07-30 08:15:34
TXN0004326,ACC100031,Chennai-TNagar,7794.32,transfer,2026-07-30 08:47:47
TXN0004301,ACC100328,Bangalore-Whitefield,3168.57,deposit,2026-07-30 08:48:56
TXN0004293,ACC100154,Hyderabad-Banjara,10467.5,deposit,2026-07-30 09:05:14
TXN0004337,ACC100709,Bangalore-Whitefield,14213.16,transfer,2026-07-30 09:52:33
TXN0004328,ACC100179,Bangalore-Whitefield,7647.7,withdrawal,2026-07-30 09:54:49
TXN0004330,ACC100279,Bangalore-Koramangala,431419.82,deposit,2026-07-30 10:26:50
TXN0004308,ACC100790,Hyderabad-Gachibowli,15794.85,withdrawal,2026-07-30 10:38:17
TXN0004340,ACC100726,Hyderabad-Banjara,5395.45,transfer,2026-07-30 10:47:24
TXN0004329,ACC100237,Delhi-CP,506.81,deposit,2026-07-30 10:51:43
TXN0004306,ACC100095,Bangalore-Koramangala,11560.68,transfer,2026-07-30 10:56:44
TXN0004298,ACC100452,Pune-Kothrud,12952.41,deposit,2026-07-30 11:03:19
TXN0004321,ACC100280,Delhi-CP,24301.21,transfer,2026-07-30 11:31:49
TXN0004332,ACC100140,Hyderabad-Gachibowli,48903.59,transfer,2026-07-30 11:37:30
TXN0004295,ACC100569,Delhi-Saket,5759.71,withdrawal,2026-07-30 11:51:23
TXN0004303,ACC100531,Delhi-CP,10761.82,withdrawal,2026-07-30 12:48:45
TXN0004323,ACC100492,Mumbai-Bandra,4598.45,deposit,2026-07-30 13:07:47
TXN0004320,ACC100017,Hyderabad-Banjara,6640.74,withdrawal,2026-07-30 13:26:26
TXN0004310,ACC100140,Pune-Kothrud,983.05,deposit,2026-07-30 13:47:43
TXN0004314,ACC100565,Hyderabad-Gachibowli,7074.99,transfer,2026-07-30 14:00:53
TXN0004286,ACC100022,Delhi-Saket,1419.35,deposit,2026-07-30 14:02:23
TXN0004318,ACC100531,Chennai-TNagar,7484.57,transfer,2026-07-30 14:13:35
TXN0004331,ACC100434,Hyderabad-Banjara,1384.87,deposit,2026-07-30 14:26:41
TXN0004296,ACC100161,Hyderabad-Gachibowli,8678.15,transfer,2026-07-30 14:32:09
TXN0004315,ACC100591,Delhi-CP,26375.79,deposit,2026-07-30 14:44:09
TXN0004287,ACC100735,Chennai-TNagar,4823.07,deposit,2026-07-30 14:45:01
TXN0004345,ACC100188,Hyderabad-Gachibowli,10702.82,withdrawal,2026-07-30 14:52:10
TXN0004309,ACC100412,Chennai-TNagar,28902.46,transfer,2026-07-30 14:55:45
TXN0004283,ACC100560,Hyderabad-Gachibowli,10958.85,transfer,2026-07-30 15:15:11
TXN0004339,ACC100707,Mumbai-Bandra,26575.19,transfer,2026-07-30 15:21:56
TXN0004294,ACC100040,Hyderabad-Banjara,612.11,withdrawal,2026-07-30 15:38:03
TXN0004346,ACC100432,Mumbai-Andheri,10804.64,transfer,2026-07-30 15:43:54
TXN0004305,ACC100213,Hyderabad-Banjara,7512.2,deposit,2026-07-30 15:46:04
TXN0004285,ACC100719,Hyderabad-Gachibowli,3579.92,deposit,2026-07-30 15:50:50
TXN0004343,ACC100114,Mumbai-Bandra,46077.64,transfer,2026-07-30 16:04:41
TXN0004300,ACC100561,Chennai-TNagar,7642.05,deposit,2026-07-30 16:18:02
TXN0004344,ACC100457,Hyderabad-Gachibowli,11769.02,deposit,2026-07-30 16:20:37
TXN0004341,ACC100438,Delhi-Saket,14716.48,deposit,2026-07-30 16:30:53
TXN0004313,ACC100415,Mumbai-Andheri,4351.18,withdrawal,2026-07-30 16:44:33
TXN0004333,ACC100273,Bangalore-Koramangala,10929.0,withdrawal,2026-07-30 16:47:55
TXN0004291,ACC100484,Hyderabad-Banjara,9388.85,deposit,2026-07-30 16:57:29
TXN0004338,ACC100643,Mumbai-Andheri,48642.28,deposit,2026-07-30 17:02:00
TXN0004278,ACC100706,Mumbai-Andheri,5567.9,transfer,2026-07-30 17:03:29
TXN0004297,ACC100071,Bangalore-Koramangala,8467.66,deposit,2026-07-30 17:13:06
TXN0004280,ACC100098,Chennai-TNagar,1478.72,withdrawal,2026-07-30 17:23:31
TXN0004288,ACC100289,Pune-Kothrud,18098.92,withdrawal,2026-07-30 17:41:15
TXN0004281,ACC100302,Bangalore-Koramangala,3147.19,deposit,2026-07-30 17:42:08
TXN0004290,ACC100208,Bangalore-Whitefield,3575.03,transfer,2026-07-30 17:45:23
TXN0004304,ACC100157,Mumbai-Bandra,3468.8,transfer,2026-07-30 17:48:47
TXN0004299,ACC100728,Chennai-TNagar,17977.66,transfer,2026-07-30 18:13:44
TXN0004322,ACC100090,Hyderabad-Gachibowli,5060.45,withdrawal,2026-07-30 18:36:28
TXN0004334,ACC100212,Mumbai-Bandra,9905.99,withdrawal,2026-07-30 18:37:20
TXN0004307,ACC100773,Delhi-CP,2900.65,transfer,2026-07-30 18:39:24
TXN0004312,ACC100049,Delhi-Saket,4543.84,deposit,2026-07-30 18:51:48
TXN0004311,ACC100325,Delhi-CP,7482.61,deposit,2026-07-30 19:17:41
TXN0004302,ACC100254,Mumbai-Andheri,6504.87,transfer,2026-07-30 20:04:16
TXN0004327,ACC100022,Bangalore-Whitefield,4117.24,deposit,2026-07-30 21:58:16
TXN0004317,ACC100635,Bangalore-Whitefield,42360.31,transfer,2026-07-30 21:58:19
TXN0004284,ACC100740,Pune-Kothrud,4339.25,transfer,2026-07-30 23:00:47
TXN0004316,ACC100702,Mumbai-Bandra,5405.45,transfer,2026-07-30 23:07:13
